district_label_bn,source_upazila,post_office_en,post_office_bn,postal_code,source_postal_code_raw,serial,source_url
ঢাকা পোস্ট কোড,Motijheel,Dhaka GPO,,1000,,1,https://bdpost.gov.bd/pages/static-pages/6922dc7d933eb65569e10a5f
ঢাকা পোস্ট কোড,Dhaka Sadar,Dhaka Sadar HO,,1100,,2,https://bdpost.gov.bd/pages/static-pages/6922dc7d933eb65569e10a5f
ঢাকা পোস্ট কোড,Dhaka Sadr,Wari TSO,,1203,,3,https://bdpost.gov.bd/pages/static-pages/6922dc7d933eb65569e10a5f
ঢাকা পোস্ট কোড,Dhaka Sadar,Gandaria TSO,,1204,,4,https://bdpost.gov.bd/pages/static-pages/6922dc7d933eb65569e10a5f
ঢাকা পোস্ট কোড,Nilkhet,New Market TSO,,1205,,5,https://bdpost.gov.bd/pages/static-pages/6922dc7d933eb65569e10a5f
ঢাকা পোস্ট কোড,Kochukhet,"Dhaka Cen,ft. TSO",,1206,,6,https://bdpost.gov.bd/pages/static-pages/6922dc7d933eb65569e10a5f
ঢাকা পোস্ট কোড,Mohammadpur,Mohammadpur Housing Estate TSO,,1207,,7,https://bdpost.gov.bd/pages/static-pages/6922dc7d933eb65569e10a5f
ঢাকা পোস্ট কোড,Kamrangirchar,Posta TSO,,1211,,8,https://bdpost.gov.bd/pages/static-pages/6922dc7d933eb65569e10a5f
ঢাকা পোস্ট কোড,Kamrangirchar,Ashrafabad,,,,,https://bdpost.gov.bd/pages/static-pages/6922dc7d933eb65569e10a5f
ঢাকা পোস্ট কোড,Tejgaon,Dhaka Politechnique Institut TSO,,1208,,9,https://bdpost.gov.bd/pages/static-pages/6922dc7d933eb65569e10a5f
ঢাকা পোস্ট কোড,Dhanmondi,Jigatola TSO,,1209,,10,https://bdpost.gov.bd/pages/static-pages/6922dc7d933eb65569e10a5f
ঢাকা পোস্ট কোড,Gulshan,Gulshan TSO,,1212,,11,https://bdpost.gov.bd/pages/static-pages/6922dc7d933eb65569e10a5f
ঢাকা পোস্ট কোড,Banani,Banani TSO,,1213,,12,https://bdpost.gov.bd/pages/static-pages/6922dc7d933eb65569e10a5f
ঢাকা পোস্ট কোড,Khilgaon,Bashabo TSO,,1214,,13,https://bdpost.gov.bd/pages/static-pages/6922dc7d933eb65569e10a5f
ঢাকা পোস্ট কোড,Banani,Banani TSO,,1219,,14,https://bdpost.gov.bd/pages/static-pages/6922dc7d933eb65569e10a5f
ঢাকা পোস্ট কোড,Tejgaon,Tejgaon TSO,,1215,,15,https://bdpost.gov.bd/pages/static-pages/6922dc7d933eb65569e10a5f
ঢাকা পোস্ট কোড,Mirpur,Mirpur TSO,,1216,,16,https://bdpost.gov.bd/pages/static-pages/6922dc7d933eb65569e10a5f
ঢাকা পোস্ট কোড,Shantinagar,Shantinagar TSO,,1217,,17,https://bdpost.gov.bd/pages/static-pages/6922dc7d933eb65569e10a5f
ঢাকা পোস্ট কোড,Mohammadpur,Bangabhaban TSO,,1222,,18,https://bdpost.gov.bd/pages/static-pages/6922dc7d933eb65569e10a5f
ঢাকা পোস্ট কোড,Motijheel,Dilkusha TSO,,1223,,19,https://bdpost.gov.bd/pages/static-pages/6922dc7d933eb65569e10a5f
ঢাকা পোস্ট কোড,Lalmati,Sangshad Bhaban,,1225,,20,https://bdpost.gov.bd/pages/static-pages/6922dc7d933eb65569e10a5f
ঢাকা পোস্ট কোড,Khilkhet,Khilkhet TSO,,1229,,21,https://bdpost.gov.bd/pages/static-pages/6922dc7d933eb65569e10a5f
ঢাকা পোস্ট কোড,Uttara,Uttara Model Town TSO,,1230,,22,https://bdpost.gov.bd/pages/static-pages/6922dc7d933eb65569e10a5f
ঢাকা পোস্ট কোড,Dania,Dania TSO,,1236,,23,https://bdpost.gov.bd/pages/static-pages/6922dc7d933eb65569e10a5f
ঢাকা পোস্ট কোড,Keranigonj,Keranigonj UPO,,1310,,24,https://bdpost.gov.bd/pages/static-pages/6922dc7d933eb65569e10a5f
ঢাকা পোস্ট কোড,Keranigonj,Uttar Pangaon,,,,,https://bdpost.gov.bd/pages/static-pages/6922dc7d933eb65569e10a5f
ঢাকা পোস্ট কোড,Keranigonj,Konda,,,,,https://bdpost.gov.bd/pages/static-pages/6922dc7d933eb65569e10a5f
ঢাকা পোস্ট কোড,Keranigonj,Baktarchar,,,,,https://bdpost.gov.bd/pages/static-pages/6922dc7d933eb65569e10a5f
ঢাকা পোস্ট কোড,Keranigonj,Ati,,,,,https://bdpost.gov.bd/pages/static-pages/6922dc7d933eb65569e10a5f
ঢাকা পোস্ট কোড,Keranigonj,Talepur,,,,,https://bdpost.gov.bd/pages/static-pages/6922dc7d933eb65569e10a5f
ঢাকা পোস্ট কোড,Keranigonj,Beuta,,,,,https://bdpost.gov.bd/pages/static-pages/6922dc7d933eb65569e10a5f
ঢাকা পোস্ট কোড,Keranigonj,Baghoir,,,,,https://bdpost.gov.bd/pages/static-pages/6922dc7d933eb65569e10a5f
ঢাকা পোস্ট কোড,Keranigonj,Paschimdi,,,,,https://bdpost.gov.bd/pages/static-pages/6922dc7d933eb65569e10a5f
ঢাকা পোস্ট কোড,Keranigonj,Rahitpur,,,,,https://bdpost.gov.bd/pages/static-pages/6922dc7d933eb65569e10a5f
ঢাকা পোস্ট কোড,Keranigonj,Brahammankirti,,,,,https://bdpost.gov.bd/pages/static-pages/6922dc7d933eb65569e10a5f
ঢাকা পোস্ট কোড,Keranigonj,Rajabari,,,,,https://bdpost.gov.bd/pages/static-pages/6922dc7d933eb65569e10a5f
ঢাকা পোস্ট কোড,Keranigonj,Shakta,,,,,https://bdpost.gov.bd/pages/static-pages/6922dc7d933eb65569e10a5f
ঢাকা পোস্ট কোড,Keranigonj,Shyamlapur,,,,,https://bdpost.gov.bd/pages/static-pages/6922dc7d933eb65569e10a5f
ঢাকা পোস্ট কোড,Keranigonj,Shuvadda,,,,,https://bdpost.gov.bd/pages/static-pages/6922dc7d933eb65569e10a5f
ঢাকা পোস্ট কোড,Keranigonj,Sonakanda,,,,,https://bdpost.gov.bd/pages/static-pages/6922dc7d933eb65569e10a5f
ঢাকা পোস্ট কোড,Keranigonj,Dhaka Jute Mils SO,,1311,,25,https://bdpost.gov.bd/pages/static-pages/6922dc7d933eb65569e10a5f
ঢাকা পোস্ট কোড,Keranigonj,Doleshor,,,,,https://bdpost.gov.bd/pages/static-pages/6922dc7d933eb65569e10a5f
ঢাকা পোস্ট কোড,Keranigonj,Teghoria,,,,,https://bdpost.gov.bd/pages/static-pages/6922dc7d933eb65569e10a5f
ঢাকা পোস্ট কোড,Keranigonj,Par Gandaria,,,,,https://bdpost.gov.bd/pages/static-pages/6922dc7d933eb65569e10a5f
ঢাকা পোস্ট কোড,Keranigonj,Abdullapur,,,,,https://bdpost.gov.bd/pages/static-pages/6922dc7d933eb65569e10a5f
ঢাকা পোস্ট কোড,Keranigonj,Ati EDSO,,1312,,26,https://bdpost.gov.bd/pages/static-pages/6922dc7d933eb65569e10a5f
ঢাকা পোস্ট কোড,Keranigonj,Kalatia SO,,1313,,27,https://bdpost.gov.bd/pages/static-pages/6922dc7d933eb65569e10a5f
ঢাকা পোস্ট কোড,Keranigonj,Itavara,,,`,,https://bdpost.gov.bd/pages/static-pages/6922dc7d933eb65569e10a5f
ঢাকা পোস্ট কোড,Keranigonj,Taranagar,,,,,https://bdpost.gov.bd/pages/static-pages/6922dc7d933eb65569e10a5f
ঢাকা পোস্ট কোড,Keranigonj,Kharakandi,,,,,https://bdpost.gov.bd/pages/static-pages/6922dc7d933eb65569e10a5f
ঢাকা পোস্ট কোড,Nawabgonj,Nawabgonj UPO,,1320,,28,https://bdpost.gov.bd/pages/static-pages/6922dc7d933eb65569e10a5f
ঢাকা পোস্ট কোড,Nawabgonj,Khalpar,,,,,https://bdpost.gov.bd/pages/static-pages/6922dc7d933eb65569e10a5f
ঢাকা পোস্ট কোড,Nawabgonj,Agla,,,,,https://bdpost.gov.bd/pages/static-pages/6922dc7d933eb65569e10a5f
ঢাকা পোস্ট কোড,Nawabgonj,Kolakopa,,,,,https://bdpost.gov.bd/pages/static-pages/6922dc7d933eb65569e10a5f
ঢাকা পোস্ট কোড,Nawabgonj,Gobindopur,,,,,https://bdpost.gov.bd/pages/static-pages/6922dc7d933eb65569e10a5f
ঢাকা পোস্ট কোড,Nawabgonj,Galimpur,,,,,https://bdpost.gov.bd/pages/static-pages/6922dc7d933eb65569e10a5f
ঢাকা পোস্ট কোড,Nawabgonj,Choto Box Nagar,,,,,https://bdpost.gov.bd/pages/static-pages/6922dc7d933eb65569e10a5f
ঢাকা পোস্ট কোড,Nawabgonj,Jalalchar,,,,,https://bdpost.gov.bd/pages/static-pages/6922dc7d933eb65569e10a5f
ঢাকা পোস্ট কোড,Nawabgonj,Paragram,,,,,https://bdpost.gov.bd/pages/static-pages/6922dc7d933eb65569e10a5f
ঢাকা পোস্ট কোড,Nawabgonj,Braha,,,,,https://bdpost.gov.bd/pages/static-pages/6922dc7d933eb65569e10a5f
ঢাকা পোস্ট কোড,Nawabgonj,Bardhanpara,,,,,https://bdpost.gov.bd/pages/static-pages/6922dc7d933eb65569e10a5f
ঢাকা পোস্ট কোড,Nawabgonj,Mohabbatpur,,,,,https://bdpost.gov.bd/pages/static-pages/6922dc7d933eb65569e10a5f
ঢাকা পোস্ট কোড,Nawabgonj,Mashail,,,,,https://bdpost.gov.bd/pages/static-pages/6922dc7d933eb65569e10a5f
ঢাকা পোস্ট কোড,Nawabgonj,Sholla,,,,,https://bdpost.gov.bd/pages/static-pages/6922dc7d933eb65569e10a5f
ঢাকা পোস্ট কোড,Nawabgonj,Kailail,,,,,https://bdpost.gov.bd/pages/static-pages/6922dc7d933eb65569e10a5f
ঢাকা পোস্ট কোড,Nawabgonj,Aona,,,,,https://bdpost.gov.bd/pages/static-pages/6922dc7d933eb65569e10a5f
ঢাকা পোস্ট কোড,Nawabgonj,Patiljhap,,,,,https://bdpost.gov.bd/pages/static-pages/6922dc7d933eb65569e10a5f
ঢাকা পোস্ট কোড,Nawabgonj,Meleng,,,,,https://bdpost.gov.bd/pages/static-pages/6922dc7d933eb65569e10a5f
ঢাকা পোস্ট কোড,Nawabgonj,Dakkhin Balukhondo,,,,,https://bdpost.gov.bd/pages/static-pages/6922dc7d933eb65569e10a5f
ঢাকা পোস্ট কোড,Nawabgonj,Hasnabad SO,,1321,,29,https://bdpost.gov.bd/pages/static-pages/6922dc7d933eb65569e10a5f
ঢাকা পোস্ট কোড,Nawabgonj,Khanepur,,,,,https://bdpost.gov.bd/pages/static-pages/6922dc7d933eb65569e10a5f
ঢাকা পোস্ট কোড,Nawabgonj,Dewtola,,,,,https://bdpost.gov.bd/pages/static-pages/6922dc7d933eb65569e10a5f
ঢাকা পোস্ট কোড,Nawabgonj,Daudpur So,,1322,,30,https://bdpost.gov.bd/pages/static-pages/6922dc7d933eb65569e10a5f
ঢাকা পোস্ট কোড,Nawabgonj,Kuthuri,,,,,https://bdpost.gov.bd/pages/static-pages/6922dc7d933eb65569e10a5f
ঢাকা পোস্ট কোড,Nawabgonj,Joykrishnapur,,,,,https://bdpost.gov.bd/pages/static-pages/6922dc7d933eb65569e10a5f
ঢাকা পোস্ট কোড,Nawabgonj,Karpara,,,,,https://bdpost.gov.bd/pages/static-pages/6922dc7d933eb65569e10a5f
ঢাকা পোস্ট কোড,Nawabgonj,Shikaripara,,,,,https://bdpost.gov.bd/pages/static-pages/6922dc7d933eb65569e10a5f
ঢাকা পোস্ট কোড,Nawabgonj,Hat Baruakhali,,,,,https://bdpost.gov.bd/pages/static-pages/6922dc7d933eb65569e10a5f
ঢাকা পোস্ট কোড,Nawabgonj,Tasulla Banglabazar,,,,,https://bdpost.gov.bd/pages/static-pages/6922dc7d933eb65569e10a5f
ঢাকা পোস্ট কোড,Nawabgonj,Agla EDSO,,1323,,31,https://bdpost.gov.bd/pages/static-pages/6922dc7d933eb65569e10a5f
ঢাকা পোস্ট কোড,Nawabgonj,Khalpur EDSO,,1324,,32,https://bdpost.gov.bd/pages/static-pages/6922dc7d933eb65569e10a5f
ঢাকা পোস্ট কোড,Nawabgonj,Churan So,,1325,,33,https://bdpost.gov.bd/pages/static-pages/6922dc7d933eb65569e10a5f
ঢাকা পোস্ট কোড,Joypara (Dohar),Joypara (Dohar) UPO,,1330,,34,https://bdpost.gov.bd/pages/static-pages/6922dc7d933eb65569e10a5f
ঢাকা পোস্ট কোড,Joypara (Dohar),Al-Amin Bazar,,,,,https://bdpost.gov.bd/pages/static-pages/6922dc7d933eb65569e10a5f
ঢাকা পোস্ট কোড,Joypara (Dohar),Harichandi,,,,,https://bdpost.gov.bd/pages/static-pages/6922dc7d933eb65569e10a5f
ঢাকা পোস্ট কোড,Joypara (Dohar),Narisha,,,,,https://bdpost.gov.bd/pages/static-pages/6922dc7d933eb65569e10a5f
ঢাকা পোস্ট কোড,Joypara (Dohar),Dohar,,,,,https://bdpost.gov.bd/pages/static-pages/6922dc7d933eb65569e10a5f
ঢাকা পোস্ট কোড,Joypara (Dohar),Meghula,,,,,https://bdpost.gov.bd/pages/static-pages/6922dc7d933eb65569e10a5f
ঢাকা পোস্ট কোড,Joypara (Dohar),Aorangabad,,,,,https://bdpost.gov.bd/pages/static-pages/6922dc7d933eb65569e10a5f
ঢাকা পোস্ট কোড,Joypara (Dohar),Kusumhati,,,,,https://bdpost.gov.bd/pages/static-pages/6922dc7d933eb65569e10a5f
ঢাকা পোস্ট কোড,Joypara (Dohar),Dokkhin Braha,,,,,https://bdpost.gov.bd/pages/static-pages/6922dc7d933eb65569e10a5f
ঢাকা পোস্ট কোড,Joypara (Dohar),Palamgonj SO,,1331,,35,https://bdpost.gov.bd/pages/static-pages/6922dc7d933eb65569e10a5f
ঢাকা পোস্ট কোড,Joypara (Dohar),Jamalchar,,,,,https://bdpost.gov.bd/pages/static-pages/6922dc7d933eb65569e10a5f
ঢাকা পোস্ট কোড,Joypara (Dohar),Narisha SO,,1332,,36,https://bdpost.gov.bd/pages/static-pages/6922dc7d933eb65569e10a5f
ঢাকা পোস্ট কোড,Joypara (Dohar),Mokshedpur So,,1333,,37,https://bdpost.gov.bd/pages/static-pages/6922dc7d933eb65569e10a5f
ঢাকা পোস্ট কোড,Savar,Savar UPO,,1340,,38,https://bdpost.gov.bd/pages/static-pages/6922dc7d933eb65569e10a5f
ঢাকা পোস্ট কোড,Savar,Vakurta,,,,,https://bdpost.gov.bd/pages/static-pages/6922dc7d933eb65569e10a5f
ঢাকা পোস্ট কোড,Savar,Amin Bazar,,,,,https://bdpost.gov.bd/pages/static-pages/6922dc7d933eb65569e10a5f
ঢাকা পোস্ট কোড,Savar,Rajfulbariya,,,,,https://bdpost.gov.bd/pages/static-pages/6922dc7d933eb65569e10a5f
ঢাকা পোস্ট কোড,Savar,Rajashon,,,,,https://bdpost.gov.bd/pages/static-pages/6922dc7d933eb65569e10a5f
ঢাকা পোস্ট কোড,Savar,Hemayetpur,,,,,https://bdpost.gov.bd/pages/static-pages/6922dc7d933eb65569e10a5f
ঢাকা পোস্ট কোড,Savar,Moshurikhola,,,,,https://bdpost.gov.bd/pages/static-pages/6922dc7d933eb65569e10a5f
ঢাকা পোস্ট কোড,Savar,Shobahanbagh,,,,,https://bdpost.gov.bd/pages/static-pages/6922dc7d933eb65569e10a5f
ঢাকা পোস্ট কোড,Savar,Nayarhat,,,,,https://bdpost.gov.bd/pages/static-pages/6922dc7d933eb65569e10a5f
ঢাকা পোস্ট কোড,Savar,Biruliya,,,,,https://bdpost.gov.bd/pages/static-pages/6922dc7d933eb65569e10a5f
ঢাকা পোস্ট কোড,Savar,Nagarkonda,,,,,https://bdpost.gov.bd/pages/static-pages/6922dc7d933eb65569e10a5f
ঢাকা পোস্ট কোড,Savar,Dairy Firm SO,,1341,,39,https://bdpost.gov.bd/pages/static-pages/6922dc7d933eb65569e10a5f
ঢাকা পোস্ট কোড,Savar,Ashuliya,,,,,https://bdpost.gov.bd/pages/static-pages/6922dc7d933eb65569e10a5f
ঢাকা পোস্ট কোড,Savar,Zirabo,,,,,https://bdpost.gov.bd/pages/static-pages/6922dc7d933eb65569e10a5f
ঢাকা পোস্ট কোড,Savar,Jahangir Nagar University SO,,1342,,40,https://bdpost.gov.bd/pages/static-pages/6922dc7d933eb65569e10a5f
ঢাকা পোস্ট কোড,Savar,Savar PATC SO,,1343,,41,https://bdpost.gov.bd/pages/static-pages/6922dc7d933eb65569e10a5f
ঢাকা পোস্ট কোড,Savar,CRP Chapain,,,,,https://bdpost.gov.bd/pages/static-pages/6922dc7d933eb65569e10a5f
ঢাকা পোস্ট কোড,Savar,Savar Cantt. SO,,1344,,42,https://bdpost.gov.bd/pages/static-pages/6922dc7d933eb65569e10a5f
ঢাকা পোস্ট কোড,Savar,Mirzanagar,,,,,https://bdpost.gov.bd/pages/static-pages/6922dc7d933eb65569e10a5f
ঢাকা পোস্ট কোড,Savar,Senwaliya,,,,,https://bdpost.gov.bd/pages/static-pages/6922dc7d933eb65569e10a5f
ঢাকা পোস্ট কোড,Savar,Shimulia SO,,1345,,43,https://bdpost.gov.bd/pages/static-pages/6922dc7d933eb65569e10a5f
ঢাকা পোস্ট কোড,Savar,Noihati Bazar,,,,,https://bdpost.gov.bd/pages/static-pages/6922dc7d933eb65569e10a5f
ঢাকা পোস্ট কোড,Savar,Kashem Cotton Mills SO,,1346,,44,https://bdpost.gov.bd/pages/static-pages/6922dc7d933eb65569e10a5f
ঢাকা পোস্ট কোড,Savar,Rajfulbaria EDSO,,1347,,45,https://bdpost.gov.bd/pages/static-pages/6922dc7d933eb65569e10a5f
ঢাকা পোস্ট কোড,Savar,Amin Bazar,,1348,,46,https://bdpost.gov.bd/pages/static-pages/6922dc7d933eb65569e10a5f
ঢাকা পোস্ট কোড,Savar,EPZ SO,,1349,,47,https://bdpost.gov.bd/pages/static-pages/6922dc7d933eb65569e10a5f
ঢাকা পোস্ট কোড,Savar,Karimpur,,,,,https://bdpost.gov.bd/pages/static-pages/6922dc7d933eb65569e10a5f
ঢাকা পোস্ট কোড,Savar,Uttor Gazirchat,,,,,https://bdpost.gov.bd/pages/static-pages/6922dc7d933eb65569e10a5f
ঢাকা পোস্ট কোড,Savar,Dhamsona,,,,,https://bdpost.gov.bd/pages/static-pages/6922dc7d933eb65569e10a5f
ঢাকা পোস্ট কোড,Dhamrai,Dhamrai UPO,,1350,,48,https://bdpost.gov.bd/pages/static-pages/6922dc7d933eb65569e10a5f
ঢাকা পোস্ট কোড,Dhamrai,Balia,,,,,https://bdpost.gov.bd/pages/static-pages/6922dc7d933eb65569e10a5f
ঢাকা পোস্ট কোড,Dhamrai,Amta,,,,,https://bdpost.gov.bd/pages/static-pages/6922dc7d933eb65569e10a5f
ঢাকা পোস্ট কোড,Dhamrai,Dimukha,,,,,https://bdpost.gov.bd/pages/static-pages/6922dc7d933eb65569e10a5f
ঢাকা পোস্ট কোড,Dhamrai,Kalampur,,,,,https://bdpost.gov.bd/pages/static-pages/6922dc7d933eb65569e10a5f
ঢাকা পোস্ট কোড,Dhamrai,Barigaon,,,,,https://bdpost.gov.bd/pages/static-pages/6922dc7d933eb65569e10a5f
ঢাকা পোস্ট কোড,Dhamrai,Toperbari,,,,,https://bdpost.gov.bd/pages/static-pages/6922dc7d933eb65569e10a5f
ঢাকা পোস্ট কোড,Dhamrai,Suapur,,,,,https://bdpost.gov.bd/pages/static-pages/6922dc7d933eb65569e10a5f
ঢাকা পোস্ট কোড,Dhamrai,Deldha,,,,,https://bdpost.gov.bd/pages/static-pages/6922dc7d933eb65569e10a5f
ঢাকা পোস্ট কোড,Dhamrai,Shoilain,,,,,https://bdpost.gov.bd/pages/static-pages/6922dc7d933eb65569e10a5f
ঢাকা পোস্ট কোড,Dhamrai,Jadabpur,,,,,https://bdpost.gov.bd/pages/static-pages/6922dc7d933eb65569e10a5f
ঢাকা পোস্ট কোড,Dhamrai,Berosh,,,,,https://bdpost.gov.bd/pages/static-pages/6922dc7d933eb65569e10a5f
ঢাকা পোস্ট কোড,Dhamrai,Bannal,,,,,https://bdpost.gov.bd/pages/static-pages/6922dc7d933eb65569e10a5f
ঢাকা পোস্ট কোড,Dhamrai,Mangalbari,,,,,https://bdpost.gov.bd/pages/static-pages/6922dc7d933eb65569e10a5f
ঢাকা পোস্ট কোড,Dhamrai,Nannar,,,,,https://bdpost.gov.bd/pages/static-pages/6922dc7d933eb65569e10a5f
ঢাকা পোস্ট কোড,Dhamrai,Jalsin,,,,,https://bdpost.gov.bd/pages/static-pages/6922dc7d933eb65569e10a5f
ঢাকা পোস্ট কোড,Dhamrai,Rowail,,,,,https://bdpost.gov.bd/pages/static-pages/6922dc7d933eb65569e10a5f
ঢাকা পোস্ট কোড,Dhamrai,Kathaliya Nabogram,,,,,https://bdpost.gov.bd/pages/static-pages/6922dc7d933eb65569e10a5f
ঢাকা পোস্ট কোড,Dhamrai,Sanora,,,,,https://bdpost.gov.bd/pages/static-pages/6922dc7d933eb65569e10a5f
ঢাকা পোস্ট কোড,Dhamrai,Nowga Bazar,,,,,https://bdpost.gov.bd/pages/static-pages/6922dc7d933eb65569e10a5f
ঢাকা পোস্ট কোড,Dhamrai,Gangutiya,,,,,https://bdpost.gov.bd/pages/static-pages/6922dc7d933eb65569e10a5f
ঢাকা পোস্ট কোড,Dhamrai,Jalsha,,,,,https://bdpost.gov.bd/pages/static-pages/6922dc7d933eb65569e10a5f
ঢাকা পোস্ট কোড,Dhamrai,Sahabelishwar,,,,,https://bdpost.gov.bd/pages/static-pages/6922dc7d933eb65569e10a5f
ঢাকা পোস্ট কোড,Dhamrai,Chowhatto,,,,,https://bdpost.gov.bd/pages/static-pages/6922dc7d933eb65569e10a5f
ঢাকা পোস্ট কোড,Dhamrai,Rajapur,,,,,https://bdpost.gov.bd/pages/static-pages/6922dc7d933eb65569e10a5f
ঢাকা পোস্ট কোড,Dhamrai,Kalampur EDSO,,1351,,49,https://bdpost.gov.bd/pages/static-pages/6922dc7d933eb65569e10a5f
ঢাকা পোস্ট কোড,Demra,Demra UPO,,1360,,50,https://bdpost.gov.bd/pages/static-pages/6922dc7d933eb65569e10a5f
ঢাকা পোস্ট কোড,Demra,Purbagram,,,,,https://bdpost.gov.bd/pages/static-pages/6922dc7d933eb65569e10a5f
ঢাকা পোস্ট কোড,Demra,Tarab,,,,,https://bdpost.gov.bd/pages/static-pages/6922dc7d933eb65569e10a5f
ঢাকা পোস্ট কোড,Demra,Jatramura,,,,,https://bdpost.gov.bd/pages/static-pages/6922dc7d933eb65569e10a5f
ঢাকা পোস্ট কোড,Demra,Paradgair,,,,,https://bdpost.gov.bd/pages/static-pages/6922dc7d933eb65569e10a5f
ঢাকা পোস্ট কোড,Demra,Sarulia SO,,1361,,51,https://bdpost.gov.bd/pages/static-pages/6922dc7d933eb65569e10a5f
ঢাকা পোস্ট কোড,Demra,Sanarpar,,,,,https://bdpost.gov.bd/pages/static-pages/6922dc7d933eb65569e10a5f
ঢাকা পোস্ট কোড,Kodomtoli,Kodomtoli UPO,,1362,,52,https://bdpost.gov.bd/pages/static-pages/6922dc7d933eb65569e10a5f
ঢাকা পোস্ট কোড,Kodomtoli,Matuail SO,,,,,https://bdpost.gov.bd/pages/static-pages/6922dc7d933eb65569e10a5f
ঢাকা পোস্ট কোড,Kodomtoli,Tushardhara,,,,,https://bdpost.gov.bd/pages/static-pages/6922dc7d933eb65569e10a5f
ঢাকা পোস্ট কোড,Kodomtoli,Merajnagar,,,,,https://bdpost.gov.bd/pages/static-pages/6922dc7d933eb65569e10a5f
ঢাকা পোস্ট কোড,Kodomtoli,Habibnagar,,,,,https://bdpost.gov.bd/pages/static-pages/6922dc7d933eb65569e10a5f
নারায়নগঞ্জ পোস্ট কোড,Sadar,Narayangonj HO,,1400,,1,https://bdpost.gov.bd/pages/static-pages/6922de5c933eb65569e1a1c1
নারায়নগঞ্জ পোস্ট কোড,Sadar,Barabo,,,,,https://bdpost.gov.bd/pages/static-pages/6922de5c933eb65569e1a1c1
নারায়নগঞ্জ পোস্ট কোড,Sadar,Madanpur,,,,,https://bdpost.gov.bd/pages/static-pages/6922de5c933eb65569e1a1c1
নারায়নগঞ্জ পোস্ট কোড,Sadar,Lakkhankhola,,,,,https://bdpost.gov.bd/pages/static-pages/6922de5c933eb65569e1a1c1
নারায়নগঞ্জ পোস্ট কোড,Sadar,Sabdibazar,,,,,https://bdpost.gov.bd/pages/static-pages/6922de5c933eb65569e1a1c1
নারায়নগঞ্জ পোস্ট কোড,Sadar,Mogolergaon,,,,,https://bdpost.gov.bd/pages/static-pages/6922de5c933eb65569e1a1c1
নারায়নগঞ্জ পোস্ট কোড,Sadar,Hosenpur,,,,,https://bdpost.gov.bd/pages/static-pages/6922de5c933eb65569e1a1c1
নারায়নগঞ্জ পোস্ট কোড,Sadar,Barpara,,,,,https://bdpost.gov.bd/pages/static-pages/6922de5c933eb65569e1a1c1
নারায়নগঞ্জ পোস্ট কোড,Sadar,Monarbari,,,,,https://bdpost.gov.bd/pages/static-pages/6922de5c933eb65569e1a1c1
নারায়নগঞ্জ পোস্ট কোড,Bandar,Bandar UPO,,1410,,2,https://bdpost.gov.bd/pages/static-pages/6922de5c933eb65569e1a1c1
নারায়নগঞ্জ পোস্ট কোড,Bandar,Nabiganj,,,,,https://bdpost.gov.bd/pages/static-pages/6922de5c933eb65569e1a1c1
নারায়নগঞ্জ পোস্ট কোড,Bandar,Puran Bandar,,,,,https://bdpost.gov.bd/pages/static-pages/6922de5c933eb65569e1a1c1
নারায়নগঞ্জ পোস্ট কোড,Bandar,DC Mills SO,,1411,,3,https://bdpost.gov.bd/pages/static-pages/6922de5c933eb65569e1a1c1
নারায়নগঞ্জ পোস্ট কোড,Bandar,Nabigonj EDSO,,1412,,4,https://bdpost.gov.bd/pages/static-pages/6922de5c933eb65569e1a1c1
নারায়নগঞ্জ পোস্ট কোড,Bandar,BIDC SO,,1413,,5,https://bdpost.gov.bd/pages/static-pages/6922de5c933eb65569e1a1c1
নারায়নগঞ্জ পোস্ট কোড,Bandar,Madangonj SO,,1414,,6,https://bdpost.gov.bd/pages/static-pages/6922de5c933eb65569e1a1c1
নারায়নগঞ্জ পোস্ট কোড,Fatulla,Fatulla UPO,,1420,,7,https://bdpost.gov.bd/pages/static-pages/6922de5c933eb65569e1a1c1
নারায়নগঞ্জ পোস্ট কোড,Fatulla,Jalkuri,,,,,https://bdpost.gov.bd/pages/static-pages/6922de5c933eb65569e1a1c1
নারায়নগঞ্জ পোস্ট কোড,Fatulla,Vuighar,,,,,https://bdpost.gov.bd/pages/static-pages/6922de5c933eb65569e1a1c1
নারায়নগঞ্জ পোস্ট কোড,Fatulla,Fatulla Bazar SO,,1421,,8,https://bdpost.gov.bd/pages/static-pages/6922de5c933eb65569e1a1c1
নারায়নগঞ্জ পোস্ট কোড,Fatulla,Dapa Idrikpur,,,,,https://bdpost.gov.bd/pages/static-pages/6922de5c933eb65569e1a1c1
নারায়নগঞ্জ পোস্ট কোড,Fatulla,Kutubpur,,,,,https://bdpost.gov.bd/pages/static-pages/6922de5c933eb65569e1a1c1
নারায়নগঞ্জ পোস্ট কোড,Fatulla,Anayetnagar,,,,,https://bdpost.gov.bd/pages/static-pages/6922de5c933eb65569e1a1c1
নারায়নগঞ্জ পোস্ট কোড,Fatulla,Char Baktabali,,,,,https://bdpost.gov.bd/pages/static-pages/6922de5c933eb65569e1a1c1
নারায়নগঞ্জ পোস্ট কোড,Fatulla,Alirtek,,,,,https://bdpost.gov.bd/pages/static-pages/6922de5c933eb65569e1a1c1
নারায়নগঞ্জ পোস্ট কোড,Siddirgonj,Siddirgonj Power Station UPO,,1430,,9,https://bdpost.gov.bd/pages/static-pages/6922de5c933eb65569e1a1c1
নারায়নগঞ্জ পোস্ট কোড,Siddirgonj,Kachpur,,,,,https://bdpost.gov.bd/pages/static-pages/6922de5c933eb65569e1a1c1
নারায়নগঞ্জ পোস্ট কোড,Siddirgonj,Mizmizi,,,,,https://bdpost.gov.bd/pages/static-pages/6922de5c933eb65569e1a1c1
নারায়নগঞ্জ পোস্ট কোড,Siddirgonj,Siddirgonj Bazar,,,,,https://bdpost.gov.bd/pages/static-pages/6922de5c933eb65569e1a1c1
নারায়নগঞ্জ পোস্ট কোড,Siddirgonj,Adamjeenagar SO,,1431,,10,https://bdpost.gov.bd/pages/static-pages/6922de5c933eb65569e1a1c1
নারায়নগঞ্জ পোস্ট কোড,Siddirgonj,LN Mills SO,,1432,,11,https://bdpost.gov.bd/pages/static-pages/6922de5c933eb65569e1a1c1
নারায়নগঞ্জ পোস্ট কোড,Sonargaon,Sonargaon UPO,,1440,,12,https://bdpost.gov.bd/pages/static-pages/6922de5c933eb65569e1a1c1
নারায়নগঞ্জ পোস্ট কোড,Sonargaon,Baronagar,,,,,https://bdpost.gov.bd/pages/static-pages/6922de5c933eb65569e1a1c1
নারায়নগঞ্জ পোস্ট কোড,Sonargaon,Bardi,,,,,https://bdpost.gov.bd/pages/static-pages/6922de5c933eb65569e1a1c1
নারায়নগঞ্জ পোস্ট কোড,Sonargaon,Highshadi,,,,,https://bdpost.gov.bd/pages/static-pages/6922de5c933eb65569e1a1c1
নারায়নগঞ্জ পোস্ট কোড,Sonargaon,Lakshibardi,,,,,https://bdpost.gov.bd/pages/static-pages/6922de5c933eb65569e1a1c1
নারায়নগঞ্জ পোস্ট কোড,Sonargaon,Dhandi Bazar,,,,,https://bdpost.gov.bd/pages/static-pages/6922de5c933eb65569e1a1c1
নারায়নগঞ্জ পোস্ট কোড,Sonargaon,Saheb Bazar,,,,,https://bdpost.gov.bd/pages/static-pages/6922de5c933eb65569e1a1c1
নারায়নগঞ্জ পোস্ট কোড,Sonargaon,Bangla Bazar,,,,,https://bdpost.gov.bd/pages/static-pages/6922de5c933eb65569e1a1c1
নারায়নগঞ্জ পোস্ট কোড,Sonargaon,Ananda Bazar,,,,,https://bdpost.gov.bd/pages/static-pages/6922de5c933eb65569e1a1c1
নারায়নগঞ্জ পোস্ট কোড,Sonargaon,Samomandi,,,,,https://bdpost.gov.bd/pages/static-pages/6922de5c933eb65569e1a1c1
নারায়নগঞ্জ পোস্ট কোড,Sonargaon,Aminpur,,,,,https://bdpost.gov.bd/pages/static-pages/6922de5c933eb65569e1a1c1
নারায়নগঞ্জ পোস্ট কোড,Sonargaon,New Town,,,,,https://bdpost.gov.bd/pages/static-pages/6922de5c933eb65569e1a1c1
নারায়নগঞ্জ পোস্ট কোড,Sonargaon,Alipura,,,,,https://bdpost.gov.bd/pages/static-pages/6922de5c933eb65569e1a1c1
নারায়নগঞ্জ পোস্ট কোড,Sonargaon,Nayanabad,,,,,https://bdpost.gov.bd/pages/static-pages/6922de5c933eb65569e1a1c1
নারায়নগঞ্জ পোস্ট কোড,Sonargaon,Mohajampur,,,,,https://bdpost.gov.bd/pages/static-pages/6922de5c933eb65569e1a1c1
নারায়নগঞ্জ পোস্ট কোড,Sonargaon,Kasem Nagar,,,,,https://bdpost.gov.bd/pages/static-pages/6922de5c933eb65569e1a1c1
নারায়নগঞ্জ পোস্ট কোড,Sonargaon,Bara Nagar EDSO,,1441,,13,https://bdpost.gov.bd/pages/static-pages/6922de5c933eb65569e1a1c1
নারায়নগঞ্জ পোস্ট কোড,Sonargaon,Bradi SO,,1442,,14,https://bdpost.gov.bd/pages/static-pages/6922de5c933eb65569e1a1c1
নারায়নগঞ্জ পোস্ট কোড,Arhaihazar,Arhaihazar UPO,,1450,,15,https://bdpost.gov.bd/pages/static-pages/6922de5c933eb65569e1a1c1
নারায়নগঞ্জ পোস্ট কোড,Arhaihazar,Kala Paharia,,,,,https://bdpost.gov.bd/pages/static-pages/6922de5c933eb65569e1a1c1
নারায়নগঞ্জ পোস্ট কোড,Arhaihazar,Hamshadi,,,,,https://bdpost.gov.bd/pages/static-pages/6922de5c933eb65569e1a1c1
নারায়নগঞ্জ পোস্ট কোড,Arhaihazar,Dhuptara,,,,,https://bdpost.gov.bd/pages/static-pages/6922de5c933eb65569e1a1c1
নারায়নগঞ্জ পোস্ট কোড,Arhaihazar,Pachrukhi,,,,,https://bdpost.gov.bd/pages/static-pages/6922de5c933eb65569e1a1c1
নারায়নগঞ্জ পোস্ট কোড,Arhaihazar,Sultansadi,,,,,https://bdpost.gov.bd/pages/static-pages/6922de5c933eb65569e1a1c1
নারায়নগঞ্জ পোস্ট কোড,Arhaihazar,Chaitonnokanda,,,,,https://bdpost.gov.bd/pages/static-pages/6922de5c933eb65569e1a1c1
নারায়নগঞ্জ পোস্ট কোড,Arhaihazar,Sombupura,,,,,https://bdpost.gov.bd/pages/static-pages/6922de5c933eb65569e1a1c1
নারায়নগঞ্জ পোস্ট কোড,Arhaihazar,Fausha,,,,,https://bdpost.gov.bd/pages/static-pages/6922de5c933eb65569e1a1c1
নারায়নগঞ্জ পোস্ট কোড,Arhaihazar,Sreenibasdi,,,,,https://bdpost.gov.bd/pages/static-pages/6922de5c933eb65569e1a1c1
নারায়নগঞ্জ পোস্ট কোড,Arhaihazar,Gopadi SO,,1451,,16,https://bdpost.gov.bd/pages/static-pages/6922de5c933eb65569e1a1c1
নারায়নগঞ্জ পোস্ট কোড,Arhaihazar,Chardigaldi,,,,,https://bdpost.gov.bd/pages/static-pages/6922de5c933eb65569e1a1c1
নারায়নগঞ্জ পোস্ট কোড,Rupgonj,Rupgonj UPO,,1460,,17,https://bdpost.gov.bd/pages/static-pages/6922de5c933eb65569e1a1c1
নারায়নগঞ্জ পোস্ট কোড,Rupgonj,Vulta,,,,,https://bdpost.gov.bd/pages/static-pages/6922de5c933eb65569e1a1c1
নারায়নগঞ্জ পোস্ট কোড,Rupgonj,Perabo,,,,,https://bdpost.gov.bd/pages/static-pages/6922de5c933eb65569e1a1c1
নারায়নগঞ্জ পোস্ট কোড,Rupgonj,Baliapara,,,,,https://bdpost.gov.bd/pages/static-pages/6922de5c933eb65569e1a1c1
নারায়নগঞ্জ পোস্ট কোড,Rupgonj,Nagarpara,,,,,https://bdpost.gov.bd/pages/static-pages/6922de5c933eb65569e1a1c1
নারায়নগঞ্জ পোস্ট কোড,Rupgonj,Parshinagar,,,,,https://bdpost.gov.bd/pages/static-pages/6922de5c933eb65569e1a1c1
নারায়নগঞ্জ পোস্ট কোড,Rupgonj,Masumabad,,,,,https://bdpost.gov.bd/pages/static-pages/6922de5c933eb65569e1a1c1
নারায়নগঞ্জ পোস্ট কোড,Rupgonj,Gobindapur,,,,,https://bdpost.gov.bd/pages/static-pages/6922de5c933eb65569e1a1c1
নারায়নগঞ্জ পোস্ট কোড,Rupgonj,Kanchen SO,,1461,,18,https://bdpost.gov.bd/pages/static-pages/6922de5c933eb65569e1a1c1
নারায়নগঞ্জ পোস্ট কোড,Rupgonj,Brahammonkhali,,,,,https://bdpost.gov.bd/pages/static-pages/6922de5c933eb65569e1a1c1
নারায়নগঞ্জ পোস্ট কোড,Rupgonj,Bhulta SO,,1462,,19,https://bdpost.gov.bd/pages/static-pages/6922de5c933eb65569e1a1c1
নারায়নগঞ্জ পোস্ট কোড,Rupgonj,Nagari EDSO,,1463,,20,https://bdpost.gov.bd/pages/static-pages/6922de5c933eb65569e1a1c1
নারায়নগঞ্জ পোস্ট কোড,Rupgonj,Murapara SO,,1464,,21,https://bdpost.gov.bd/pages/static-pages/6922de5c933eb65569e1a1c1
নারায়নগঞ্জ পোস্ট কোড,Rupgonj,Rupshi,,,,,https://bdpost.gov.bd/pages/static-pages/6922de5c933eb65569e1a1c1
মুন্সিগঞ্জ পোস্ট কোড,Sadar,Munshigonj HO,,1500,,1,https://bdpost.gov.bd/pages/static-pages/6922dcdc933eb65569e126fa
মুন্সিগঞ্জ পোস্ট কোড,Sadar,Katakhali,,,,,https://bdpost.gov.bd/pages/static-pages/6922dcdc933eb65569e126fa
মুন্সিগঞ্জ পোস্ট কোড,Sadar,Panchasar,,,,,https://bdpost.gov.bd/pages/static-pages/6922dcdc933eb65569e126fa
মুন্সিগঞ্জ পোস্ট কোড,Sadar,Ramjanbeg,,,,,https://bdpost.gov.bd/pages/static-pages/6922dcdc933eb65569e126fa
মুন্সিগঞ্জ পোস্ট কোড,Sadar,TB Hoghla,,,,,https://bdpost.gov.bd/pages/static-pages/6922dcdc933eb65569e126fa
মুন্সিগঞ্জ পোস্ট কোড,Sadar,Jazira Sayedpur,,,,,https://bdpost.gov.bd/pages/static-pages/6922dcdc933eb65569e126fa
মুন্সিগঞ্জ পোস্ট কোড,Sadar,Vasanchar,,,,,https://bdpost.gov.bd/pages/static-pages/6922dcdc933eb65569e126fa
মুন্সিগঞ্জ পোস্ট কোড,Sadar,Champatala,,,,,https://bdpost.gov.bd/pages/static-pages/6922dcdc933eb65569e126fa
মুন্সিগঞ্জ পোস্ট কোড,Sadar,Char Dumoria,,,,,https://bdpost.gov.bd/pages/static-pages/6922dcdc933eb65569e126fa
মুন্সিগঞ্জ পোস্ট কোড,Sadar,Kewar,,,,,https://bdpost.gov.bd/pages/static-pages/6922dcdc933eb65569e126fa
মুন্সিগঞ্জ পোস্ট কোড,Sadar,Gashi Pukurpar,,,,,https://bdpost.gov.bd/pages/static-pages/6922dcdc933eb65569e126fa
মুন্সিগঞ্জ পোস্ট কোড,Sadar,Makohati,,,,,https://bdpost.gov.bd/pages/static-pages/6922dcdc933eb65569e126fa
মুন্সিগঞ্জ পোস্ট কোড,Sadar,Char Kishoreganj,,,,,https://bdpost.gov.bd/pages/static-pages/6922dcdc933eb65569e126fa
মুন্সিগঞ্জ পোস্ট কোড,Sadar,Coartgaon,,,,,https://bdpost.gov.bd/pages/static-pages/6922dcdc933eb65569e126fa
মুন্সিগঞ্জ পোস্ট কোড,Sadar,Moheshpur,,,,,https://bdpost.gov.bd/pages/static-pages/6922dcdc933eb65569e126fa
মুন্সিগঞ্জ পোস্ট কোড,Sadar,Banial Vokailash,,,,,https://bdpost.gov.bd/pages/static-pages/6922dcdc933eb65569e126fa
মুন্সিগঞ্জ পোস্ট কোড,Sadar,Char Siloi,,,,,https://bdpost.gov.bd/pages/static-pages/6922dcdc933eb65569e126fa
মুন্সিগঞ্জ পোস্ট কোড,Sadar,Sokhabaspur,,,,,https://bdpost.gov.bd/pages/static-pages/6922dcdc933eb65569e126fa
মুন্সিগঞ্জ পোস্ট কোড,Sadar,Kalir Atpara,,,,,https://bdpost.gov.bd/pages/static-pages/6922dcdc933eb65569e126fa
মুন্সিগঞ্জ পোস্ট কোড,Sadar,Ramsing,,,,,https://bdpost.gov.bd/pages/static-pages/6922dcdc933eb65569e126fa
মুন্সিগঞ্জ পোস্ট কোড,Sadar,Rampal,,,,,https://bdpost.gov.bd/pages/static-pages/6922dcdc933eb65569e126fa
মুন্সিগঞ্জ পোস্ট কোড,Sadar,Rekabi Bazar SO,,1501,,2,https://bdpost.gov.bd/pages/static-pages/6922dcdc933eb65569e126fa
মুন্সিগঞ্জ পোস্ট কোড,Sadar,Mirkadim SO,,1502,,3,https://bdpost.gov.bd/pages/static-pages/6922dcdc933eb65569e126fa
মুন্সিগঞ্জ পোস্ট কোড,Sadar,Khatakhali SO,,1503,,4,https://bdpost.gov.bd/pages/static-pages/6922dcdc933eb65569e126fa
মুন্সিগঞ্জ পোস্ট কোড,Gazaria,Gazaria UPO,,1510,,5,https://bdpost.gov.bd/pages/static-pages/6922dcdc933eb65569e126fa
মুন্সিগঞ্জ পোস্ট কোড,Gazaria,Rasulpur,,,,,https://bdpost.gov.bd/pages/static-pages/6922dcdc933eb65569e126fa
মুন্সিগঞ্জ পোস্ট কোড,Gazaria,Hosendi,,,,,https://bdpost.gov.bd/pages/static-pages/6922dcdc933eb65569e126fa
মুন্সিগঞ্জ পোস্ট কোড,Gazaria,Voberchar,,,,,https://bdpost.gov.bd/pages/static-pages/6922dcdc933eb65569e126fa
মুন্সিগঞ্জ পোস্ট কোড,Gazaria,BK Raypura,,,,,https://bdpost.gov.bd/pages/static-pages/6922dcdc933eb65569e126fa
মুন্সিগঞ্জ পোস্ট কোড,Gazaria,Baosia,,,,,https://bdpost.gov.bd/pages/static-pages/6922dcdc933eb65569e126fa
মুন্সিগঞ্জ পোস্ট কোড,Gazaria,Char Bolaki,,,,,https://bdpost.gov.bd/pages/static-pages/6922dcdc933eb65569e126fa
মুন্সিগঞ্জ পোস্ট কোড,Gazaria,Goagasia,,,,,https://bdpost.gov.bd/pages/static-pages/6922dcdc933eb65569e126fa
মুন্সিগঞ্জ পোস্ট কোড,Gazaria,Hoglakandi,,,,,https://bdpost.gov.bd/pages/static-pages/6922dcdc933eb65569e126fa
মুন্সিগঞ্জ পোস্ট কোড,Gazaria,Ishmandirchar,,,,,https://bdpost.gov.bd/pages/static-pages/6922dcdc933eb65569e126fa
মুন্সিগঞ্জ পোস্ট কোড,Gazaria,Tengarchar,,,,,https://bdpost.gov.bd/pages/static-pages/6922dcdc933eb65569e126fa
মুন্সিগঞ্জ পোস্ট কোড,Gazaria,Uttar Shapur,,,,,https://bdpost.gov.bd/pages/static-pages/6922dcdc933eb65569e126fa
মুন্সিগঞ্জ পোস্ট কোড,Gazaria,Modda Vaterchar,,,,,https://bdpost.gov.bd/pages/static-pages/6922dcdc933eb65569e126fa
মুন্সিগঞ্জ পোস্ট কোড,Gazaria,Puran Baosia,,,,,https://bdpost.gov.bd/pages/static-pages/6922dcdc933eb65569e126fa
মুন্সিগঞ্জ পোস্ট কোড,Gazaria,Hosaindi EDSO,,1511,,6,https://bdpost.gov.bd/pages/static-pages/6922dcdc933eb65569e126fa
মুন্সিগঞ্জ পোস্ট কোড,Gazaria,Rasulpur EDSO,,1512,,7,https://bdpost.gov.bd/pages/static-pages/6922dcdc933eb65569e126fa
মুন্সিগঞ্জ পোস্ট কোড,Tongibari,Tongibari UPO,,1520,,8,https://bdpost.gov.bd/pages/static-pages/6922dcdc933eb65569e126fa
মুন্সিগঞ্জ পোস্ট কোড,Tongibari,Baligaon,,,,,https://bdpost.gov.bd/pages/static-pages/6922dcdc933eb65569e126fa
মুন্সিগঞ্জ পোস্ট কোড,Tongibari,Hasail,,,,,https://bdpost.gov.bd/pages/static-pages/6922dcdc933eb65569e126fa
মুন্সিগঞ্জ পোস্ট কোড,Tongibari,Pura,,,,,https://bdpost.gov.bd/pages/static-pages/6922dcdc933eb65569e126fa
মুন্সিগঞ্জ পোস্ট কোড,Tongibari,Ariol,,,,,https://bdpost.gov.bd/pages/static-pages/6922dcdc933eb65569e126fa
মুন্সিগঞ্জ পোস্ট কোড,Tongibari,Outshahi,,,,,https://bdpost.gov.bd/pages/static-pages/6922dcdc933eb65569e126fa
মুন্সিগঞ্জ পোস্ট কোড,Tongibari,Dheepur,,,,,https://bdpost.gov.bd/pages/static-pages/6922dcdc933eb65569e126fa
মুন্সিগঞ্জ পোস্ট কোড,Tongibari,Baloi,,,,,https://bdpost.gov.bd/pages/static-pages/6922dcdc933eb65569e126fa
মুন্সিগঞ্জ পোস্ট কোড,Tongibari,Sonarong,,,,,https://bdpost.gov.bd/pages/static-pages/6922dcdc933eb65569e126fa
মুন্সিগঞ্জ পোস্ট কোড,Tongibari,Rawothvogh,,,,,https://bdpost.gov.bd/pages/static-pages/6922dcdc933eb65569e126fa
মুন্সিগঞ্জ পোস্ট কোড,Tongibari,Jashlong,,,,,https://bdpost.gov.bd/pages/static-pages/6922dcdc933eb65569e126fa
মুন্সিগঞ্জ পোস্ট কোড,Tongibari,Porapara,,,,,https://bdpost.gov.bd/pages/static-pages/6922dcdc933eb65569e126fa
মুন্সিগঞ্জ পোস্ট কোড,Tongibari,Sornagram,,,,,https://bdpost.gov.bd/pages/static-pages/6922dcdc933eb65569e126fa
মুন্সিগঞ্জ পোস্ট কোড,Tongibari,Bagia,,,,,https://bdpost.gov.bd/pages/static-pages/6922dcdc933eb65569e126fa
মুন্সিগঞ্জ পোস্ট কোড,Tongibari,Molchar,,,,,https://bdpost.gov.bd/pages/static-pages/6922dcdc933eb65569e126fa
মুন্সিগঞ্জ পোস্ট কোড,Tongibari,Banari,,,,,https://bdpost.gov.bd/pages/static-pages/6922dcdc933eb65569e126fa
মুন্সিগঞ্জ পোস্ট কোড,Tongibari,Nasongkar,,,,,https://bdpost.gov.bd/pages/static-pages/6922dcdc933eb65569e126fa
মুন্সিগঞ্জ পোস্ট কোড,Tongibari,Pachgaon,,,,,https://bdpost.gov.bd/pages/static-pages/6922dcdc933eb65569e126fa
মুন্সিগঞ্জ পোস্ট কোড,Tongibari,B Paikpara,,,,,https://bdpost.gov.bd/pages/static-pages/6922dcdc933eb65569e126fa
মুন্সিগঞ্জ পোস্ট কোড,Tongibari,Abdullapur,,,,,https://bdpost.gov.bd/pages/static-pages/6922dcdc933eb65569e126fa
মুন্সিগঞ্জ পোস্ট কোড,Tongibari,Hatkan,,,,,https://bdpost.gov.bd/pages/static-pages/6922dcdc933eb65569e126fa
মুন্সিগঞ্জ পোস্ট কোড,Tongibari,Rahimganj,,,,,https://bdpost.gov.bd/pages/static-pages/6922dcdc933eb65569e126fa
মুন্সিগঞ্জ পোস্ট কোড,Tongibari,Aldi Bazar,,,,,https://bdpost.gov.bd/pages/static-pages/6922dcdc933eb65569e126fa
মুন্সিগঞ্জ পোস্ট কোড,Tongibari,Kaichail,,,,,https://bdpost.gov.bd/pages/static-pages/6922dcdc933eb65569e126fa
মুন্সিগঞ্জ পোস্ট কোড,Tongibari,Betkahat SO,,1521,,9,https://bdpost.gov.bd/pages/static-pages/6922dcdc933eb65569e126fa
মুন্সিগঞ্জ পোস্ট কোড,Tongibari,Baligaon EDSO,,1522,,10,https://bdpost.gov.bd/pages/static-pages/6922dcdc933eb65569e126fa
মুন্সিগঞ্জ পোস্ট কোড,Tongibari,Bazragugini EDSO,,1523,,11,https://bdpost.gov.bd/pages/static-pages/6922dcdc933eb65569e126fa
মুন্সিগঞ্জ পোস্ট কোড,Tongibari,Hasail EDSO,,1524,,12,https://bdpost.gov.bd/pages/static-pages/6922dcdc933eb65569e126fa
মুন্সিগঞ্জ পোস্ট কোড,Tongibari,Digarpar SO,,1525,,13,https://bdpost.gov.bd/pages/static-pages/6922dcdc933eb65569e126fa
মুন্সিগঞ্জ পোস্ট কোড,Tongibari,Pura EDSO,,1527,,14,https://bdpost.gov.bd/pages/static-pages/6922dcdc933eb65569e126fa
মুন্সিগঞ্জ পোস্ট কোড,Louhajong,Louhajong UPO,,1530,,15,https://bdpost.gov.bd/pages/static-pages/6922dcdc933eb65569e126fa
মুন্সিগঞ্জ পোস্ট কোড,Louhajong,Gawraganj,,,,,https://bdpost.gov.bd/pages/static-pages/6922dcdc933eb65569e126fa
মুন্সিগঞ্জ পোস্ট কোড,Louhajong,Haridia,,,,,https://bdpost.gov.bd/pages/static-pages/6922dcdc933eb65569e126fa
মুন্সিগঞ্জ পোস্ট কোড,Louhajong,Korhati,,,,,https://bdpost.gov.bd/pages/static-pages/6922dcdc933eb65569e126fa
মুন্সিগঞ্জ পোস্ট কোড,Louhajong,Medinimondol,,,,,https://bdpost.gov.bd/pages/static-pages/6922dcdc933eb65569e126fa
মুন্সিগঞ্জ পোস্ট কোড,Louhajong,Nagerhat,,,,,https://bdpost.gov.bd/pages/static-pages/6922dcdc933eb65569e126fa
মুন্সিগঞ্জ পোস্ট কোড,Louhajong,Kalma,,,,,https://bdpost.gov.bd/pages/static-pages/6922dcdc933eb65569e126fa
মুন্সিগঞ্জ পোস্ট কোড,Louhajong,Vorakor,,,,,https://bdpost.gov.bd/pages/static-pages/6922dcdc933eb65569e126fa
মুন্সিগঞ্জ পোস্ট কোড,Louhajong,jaotia,,,,,https://bdpost.gov.bd/pages/static-pages/6922dcdc933eb65569e126fa
মুন্সিগঞ্জ পোস্ট কোড,Louhajong,Bejgaon,,,,,https://bdpost.gov.bd/pages/static-pages/6922dcdc933eb65569e126fa
মুন্সিগঞ্জ পোস্ট কোড,Louhajong,Voghdia,,,,,https://bdpost.gov.bd/pages/static-pages/6922dcdc933eb65569e126fa
মুন্সিগঞ্জ পোস্ট কোড,Louhajong,Gaodia,,,,,https://bdpost.gov.bd/pages/static-pages/6922dcdc933eb65569e126fa
মুন্সিগঞ্জ পোস্ট কোড,Louhajong,Konaksar,,,,,https://bdpost.gov.bd/pages/static-pages/6922dcdc933eb65569e126fa
মুন্সিগঞ্জ পোস্ট কোড,Louhajong,Kokotia,,,,,https://bdpost.gov.bd/pages/static-pages/6922dcdc933eb65569e126fa
মুন্সিগঞ্জ পোস্ট কোড,Louhajong,Bahor,,,,,https://bdpost.gov.bd/pages/static-pages/6922dcdc933eb65569e126fa
মুন্সিগঞ্জ পোস্ট কোড,Louhajong,Komarvogh,,,,,https://bdpost.gov.bd/pages/static-pages/6922dcdc933eb65569e126fa
মুন্সিগঞ্জ পোস্ট কোড,Louhajong,Beltoli,,,,,https://bdpost.gov.bd/pages/static-pages/6922dcdc933eb65569e126fa
মুন্সিগঞ্জ পোস্ট কোড,Louhajong,Dokkhin Charigaon,,,,,https://bdpost.gov.bd/pages/static-pages/6922dcdc933eb65569e126fa
মুন্সিগঞ্জ পোস্ট কোড,Louhajong,Bibondi,,,,,https://bdpost.gov.bd/pages/static-pages/6922dcdc933eb65569e126fa
মুন্সিগঞ্জ পোস্ট কোড,Louhajong,Bultoli,,,,,https://bdpost.gov.bd/pages/static-pages/6922dcdc933eb65569e126fa
মুন্সিগঞ্জ পোস্ট কোড,Louhajong,Paschim Nawpara,,,,,https://bdpost.gov.bd/pages/static-pages/6922dcdc933eb65569e126fa
মুন্সিগঞ্জ পোস্ট কোড,Louhajong,Khidirpara,,,,,https://bdpost.gov.bd/pages/static-pages/6922dcdc933eb65569e126fa
মুন্সিগঞ্জ পোস্ট কোড,Louhajong,Nawpara,,,,,https://bdpost.gov.bd/pages/static-pages/6922dcdc933eb65569e126fa
মুন্সিগঞ্জ পোস্ট কোড,Louhajong,Jasaldia,,,,,https://bdpost.gov.bd/pages/static-pages/6922dcdc933eb65569e126fa
মুন্সিগঞ্জ পোস্ট কোড,Louhajong,Korhati EDSO,,1531,,16,https://bdpost.gov.bd/pages/static-pages/6922dcdc933eb65569e126fa
মুন্সিগঞ্জ পোস্ট কোড,Louhajong,Haldia SO,,1532,,17,https://bdpost.gov.bd/pages/static-pages/6922dcdc933eb65569e126fa
মুন্সিগঞ্জ পোস্ট কোড,Louhajong,Haridia EDSO,,1533,,18,https://bdpost.gov.bd/pages/static-pages/6922dcdc933eb65569e126fa
মুন্সিগঞ্জ পোস্ট কোড,Louhajong,Gourgonj EDSO,,1534,,19,https://bdpost.gov.bd/pages/static-pages/6922dcdc933eb65569e126fa
মুন্সিগঞ্জ পোস্ট কোড,Louhajong,Medini Mandal EDSO,,1535,,20,https://bdpost.gov.bd/pages/static-pages/6922dcdc933eb65569e126fa
মুন্সিগঞ্জ পোস্ট কোড,Serajdi Khan,Serajdi Khan UPO,,1540,,21,https://bdpost.gov.bd/pages/static-pages/6922dcdc933eb65569e126fa
মুন্সিগঞ্জ পোস্ট কোড,Serajdi Khan,Kola SO,,1541,,22,https://bdpost.gov.bd/pages/static-pages/6922dcdc933eb65569e126fa
মুন্সিগঞ্জ পোস্ট কোড,Serajdi Khan,Brojenhati,,,,,https://bdpost.gov.bd/pages/static-pages/6922dcdc933eb65569e126fa
মুন্সিগঞ্জ পোস্ট কোড,Serajdi Khan,Kochiamora,,,,,https://bdpost.gov.bd/pages/static-pages/6922dcdc933eb65569e126fa
মুন্সিগঞ্জ পোস্ট কোড,Serajdi Khan,Latobdi,,,,,https://bdpost.gov.bd/pages/static-pages/6922dcdc933eb65569e126fa
মুন্সিগঞ্জ পোস্ট কোড,Serajdi Khan,Razdia,,,,,https://bdpost.gov.bd/pages/static-pages/6922dcdc933eb65569e126fa
মুন্সিগঞ্জ পোস্ট কোড,Serajdi Khan,Ramkrishnadi,,,,,https://bdpost.gov.bd/pages/static-pages/6922dcdc933eb65569e126fa
মুন্সিগঞ্জ পোস্ট কোড,Serajdi Khan,Rasunia,,,,,https://bdpost.gov.bd/pages/static-pages/6922dcdc933eb65569e126fa
মুন্সিগঞ্জ পোস্ট কোড,Serajdi Khan,Tolbasail,,,,,https://bdpost.gov.bd/pages/static-pages/6922dcdc933eb65569e126fa
মুন্সিগঞ্জ পোস্ট কোড,Serajdi Khan,Sikarpur Nimtola,,,,,https://bdpost.gov.bd/pages/static-pages/6922dcdc933eb65569e126fa
মুন্সিগঞ্জ পোস্ট কোড,Serajdi Khan,Ichapur SO,,1542,,23,https://bdpost.gov.bd/pages/static-pages/6922dcdc933eb65569e126fa
মুন্সিগঞ্জ পোস্ট কোড,Serajdi Khan,Chandandol,,,,,https://bdpost.gov.bd/pages/static-pages/6922dcdc933eb65569e126fa
মুন্সিগঞ্জ পোস্ট কোড,Serajdi Khan,Jainashar,,,,,https://bdpost.gov.bd/pages/static-pages/6922dcdc933eb65569e126fa
মুন্সিগঞ্জ পোস্ট কোড,Serajdi Khan,Kusumpur,,,,,https://bdpost.gov.bd/pages/static-pages/6922dcdc933eb65569e126fa
মুন্সিগঞ্জ পোস্ট কোড,Serajdi Khan,Shialdi,,,,,https://bdpost.gov.bd/pages/static-pages/6922dcdc933eb65569e126fa
মুন্সিগঞ্জ পোস্ট কোড,Serajdi Khan,Jazpur,,,,,https://bdpost.gov.bd/pages/static-pages/6922dcdc933eb65569e126fa
মুন্সিগঞ্জ পোস্ট কোড,Serajdi Khan,B Khilgaon,,,,,https://bdpost.gov.bd/pages/static-pages/6922dcdc933eb65569e126fa
মুন্সিগঞ্জ পোস্ট কোড,Serajdi Khan,B Moddhapara,,,,,https://bdpost.gov.bd/pages/static-pages/6922dcdc933eb65569e126fa
মুন্সিগঞ্জ পোস্ট কোড,Serajdi Khan,Malkhanagar SO,,1543,,24,https://bdpost.gov.bd/pages/static-pages/6922dcdc933eb65569e126fa
মুন্সিগঞ্জ পোস্ট কোড,Serajdi Khan,Khasmohal Balurchar,,,,,https://bdpost.gov.bd/pages/static-pages/6922dcdc933eb65569e126fa
মুন্সিগঞ্জ পোস্ট কোড,Serajdi Khan,Malpadia,,,,,https://bdpost.gov.bd/pages/static-pages/6922dcdc933eb65569e126fa
মুন্সিগঞ্জ পোস্ট কোড,Serajdi Khan,Paoldia,,,,,https://bdpost.gov.bd/pages/static-pages/6922dcdc933eb65569e126fa
মুন্সিগঞ্জ পোস্ট কোড,Serajdi Khan,Shimulia,,,,,https://bdpost.gov.bd/pages/static-pages/6922dcdc933eb65569e126fa
মুন্সিগঞ্জ পোস্ট কোড,Serajdi Khan,Shekher Nagar SO,,1544,,25,https://bdpost.gov.bd/pages/static-pages/6922dcdc933eb65569e126fa
মুন্সিগঞ্জ পোস্ট কোড,Serajdi Khan,Chitracoat,,,,,https://bdpost.gov.bd/pages/static-pages/6922dcdc933eb65569e126fa
মুন্সিগঞ্জ পোস্ট কোড,Serajdi Khan,Pawshar,,,,,https://bdpost.gov.bd/pages/static-pages/6922dcdc933eb65569e126fa
মুন্সিগঞ্জ পোস্ট কোড,Serajdi Khan,Rajanagar,,,,,https://bdpost.gov.bd/pages/static-pages/6922dcdc933eb65569e126fa
মুন্সিগঞ্জ পোস্ট কোড,Serajdi Khan,Sayedpur,,,,,https://bdpost.gov.bd/pages/static-pages/6922dcdc933eb65569e126fa
মুন্সিগঞ্জ পোস্ট কোড,Sreenagar,Sreenagar UPO,,1550,,26,https://bdpost.gov.bd/pages/static-pages/6922dcdc933eb65569e126fa
মুন্সিগঞ্জ পোস্ট কোড,Sreenagar,Kolapara,,,,,https://bdpost.gov.bd/pages/static-pages/6922dcdc933eb65569e126fa
মুন্সিগঞ্জ পোস্ট কোড,Sreenagar,Baghra,,,,,https://bdpost.gov.bd/pages/static-pages/6922dcdc933eb65569e126fa
মুন্সিগঞ্জ পোস্ট কোড,Sreenagar,Maijpara,,,,,https://bdpost.gov.bd/pages/static-pages/6922dcdc933eb65569e126fa
মুন্সিগঞ্জ পোস্ট কোড,Sreenagar,Rarikhal,,,,,https://bdpost.gov.bd/pages/static-pages/6922dcdc933eb65569e126fa
মুন্সিগঞ্জ পোস্ট কোড,Sreenagar,Solaghar,,,,,https://bdpost.gov.bd/pages/static-pages/6922dcdc933eb65569e126fa
মুন্সিগঞ্জ পোস্ট কোড,Sreenagar,Purbo Deovogh,,,,,https://bdpost.gov.bd/pages/static-pages/6922dcdc933eb65569e126fa
মুন্সিগঞ্জ পোস্ট কোড,Sreenagar,Gadighat,,,,,https://bdpost.gov.bd/pages/static-pages/6922dcdc933eb65569e126fa
মুন্সিগঞ্জ পোস্ট কোড,Sreenagar,Koykirton,,,,,https://bdpost.gov.bd/pages/static-pages/6922dcdc933eb65569e126fa
মুন্সিগঞ্জ পোস্ট কোড,Sreenagar,Damla,,,,,https://bdpost.gov.bd/pages/static-pages/6922dcdc933eb65569e126fa
মুন্সিগঞ্জ পোস্ট কোড,Sreenagar,Dokkhin Paiksha,,,,,https://bdpost.gov.bd/pages/static-pages/6922dcdc933eb65569e126fa
মুন্সিগঞ্জ পোস্ট কোড,Sreenagar,Kazir Pagla,,,,,https://bdpost.gov.bd/pages/static-pages/6922dcdc933eb65569e126fa
মুন্সিগঞ্জ পোস্ট কোড,Sreenagar,Dogachi,,,,,https://bdpost.gov.bd/pages/static-pages/6922dcdc933eb65569e126fa
মুন্সিগঞ্জ পোস্ট কোড,Sreenagar,Atpara,,,,,https://bdpost.gov.bd/pages/static-pages/6922dcdc933eb65569e126fa
মুন্সিগঞ্জ পোস্ট কোড,Sreenagar,Mojidpur,,,,,https://bdpost.gov.bd/pages/static-pages/6922dcdc933eb65569e126fa
মুন্সিগঞ্জ পোস্ট কোড,Sreenagar,Rushdi,,,,,https://bdpost.gov.bd/pages/static-pages/6922dcdc933eb65569e126fa
মুন্সিগঞ্জ পোস্ট কোড,Sreenagar,Tantar,,,,,https://bdpost.gov.bd/pages/static-pages/6922dcdc933eb65569e126fa
মুন্সিগঞ্জ পোস্ট কোড,Sreenagar,Baroikhali,,,,,https://bdpost.gov.bd/pages/static-pages/6922dcdc933eb65569e126fa
মুন্সিগঞ্জ পোস্ট কোড,Sreenagar,Barikhal EDSO,,1551,,27,https://bdpost.gov.bd/pages/static-pages/6922dcdc933eb65569e126fa
মুন্সিগঞ্জ পোস্ট কোড,Sreenagar,Majpara EDSO,,1552,,28,https://bdpost.gov.bd/pages/static-pages/6922dcdc933eb65569e126fa
মুন্সিগঞ্জ পোস্ট কোড,Sreenagar,Hashara SO,,1553,,29,https://bdpost.gov.bd/pages/static-pages/6922dcdc933eb65569e126fa
মুন্সিগঞ্জ পোস্ট কোড,Sreenagar,Kolapara Bazar EDSO,,1554,,30,https://bdpost.gov.bd/pages/static-pages/6922dcdc933eb65569e126fa
মুন্সিগঞ্জ পোস্ট কোড,Sreenagar,Kumarbhog EDSO,,1555,,31,https://bdpost.gov.bd/pages/static-pages/6922dcdc933eb65569e126fa
মুন্সিগঞ্জ পোস্ট কোড,Sreenagar,Vagyakul SO,,1556,,32,https://bdpost.gov.bd/pages/static-pages/6922dcdc933eb65569e126fa
মুন্সিগঞ্জ পোস্ট কোড,Sreenagar,Katiapara,,,,,https://bdpost.gov.bd/pages/static-pages/6922dcdc933eb65569e126fa
মুন্সিগঞ্জ পোস্ট কোড,Sreenagar,Kamargaon,,,,,https://bdpost.gov.bd/pages/static-pages/6922dcdc933eb65569e126fa
মুন্সিগঞ্জ পোস্ট কোড,Sreenagar,Uttar Raypura,,,,,https://bdpost.gov.bd/pages/static-pages/6922dcdc933eb65569e126fa
মুন্সিগঞ্জ পোস্ট কোড,Sreenagar,Bhagra EDSO,,1557,,33,https://bdpost.gov.bd/pages/static-pages/6922dcdc933eb65569e126fa
নরসিংদী পোস্ট কোড,Sadar,Narsingdi HO,,1600,,,https://bdpost.gov.bd/pages/static-pages/6922df53933eb65569e213b9
নরসিংদী পোস্ট কোড,Sadar,Karimpur,,,,,https://bdpost.gov.bd/pages/static-pages/6922df53933eb65569e213b9
নরসিংদী পোস্ট কোড,Sadar,UMC Jute Mills SO,,1601,,,https://bdpost.gov.bd/pages/static-pages/6922df53933eb65569e213b9
নরসিংদী পোস্ট কোড,Sadar,Narsingdi College EDSO,,1602,,,https://bdpost.gov.bd/pages/static-pages/6922df53933eb65569e213b9
নরসিংদী পোস্ট কোড,Sadar,Panchdona SO,,1603,,,https://bdpost.gov.bd/pages/static-pages/6922df53933eb65569e213b9
নরসিংদী পোস্ট কোড,Sadar,Satgram,,,,,https://bdpost.gov.bd/pages/static-pages/6922df53933eb65569e213b9
নরসিংদী পোস্ট কোড,Sadar,Collectorate Bhabon,,,,,https://bdpost.gov.bd/pages/static-pages/6922df53933eb65569e213b9
নরসিংদী পোস্ট কোড,Sadar,Amdiya,,,,,https://bdpost.gov.bd/pages/static-pages/6922df53933eb65569e213b9
নরসিংদী পোস্ট কোড,Sadar,Balusair,,,,,https://bdpost.gov.bd/pages/static-pages/6922df53933eb65569e213b9
নরসিংদী পোস্ট কোড,Sadar,Vatpara,,,,,https://bdpost.gov.bd/pages/static-pages/6922df53933eb65569e213b9
নরসিংদী পোস্ট কোড,Sadar,Shekherchar,,,,,https://bdpost.gov.bd/pages/static-pages/6922df53933eb65569e213b9
নরসিংদী পোস্ট কোড,Sadar,Shilmandi,,,,,https://bdpost.gov.bd/pages/static-pages/6922df53933eb65569e213b9
নরসিংদী পোস্ট কোড,Sadar,Baghhat,,,,,https://bdpost.gov.bd/pages/static-pages/6922df53933eb65569e213b9
নরসিংদী পোস্ট কোড,Sadar,Noyapara,,,,,https://bdpost.gov.bd/pages/static-pages/6922df53933eb65569e213b9
নরসিংদী পোস্ট কোড,Sadar,Jameya E Kashemiya,,,,,https://bdpost.gov.bd/pages/static-pages/6922df53933eb65569e213b9
নরসিংদী পোস্ট কোড,Sadar,Panchoboti,,,,,https://bdpost.gov.bd/pages/static-pages/6922df53933eb65569e213b9
নরসিংদী পোস্ট কোড,Sadar,Najorpur,,,,,https://bdpost.gov.bd/pages/static-pages/6922df53933eb65569e213b9
নরসিংদী পোস্ট কোড,Sadar,Madhabdi SO,,1604,,,https://bdpost.gov.bd/pages/static-pages/6922df53933eb65569e213b9
নরসিংদী পোস্ট কোড,Sadar,Meghna Bazar,,,,,https://bdpost.gov.bd/pages/static-pages/6922df53933eb65569e213b9
নরসিংদী পোস্ট কোড,Sadar,M Pachgaon,,,,,https://bdpost.gov.bd/pages/static-pages/6922df53933eb65569e213b9
নরসিংদী পোস্ট কোড,Sadar,Rasulpur,,,,,https://bdpost.gov.bd/pages/static-pages/6922df53933eb65569e213b9
নরসিংদী পোস্ট কোড,Sadar,Nuralapur,,,,,https://bdpost.gov.bd/pages/static-pages/6922df53933eb65569e213b9
নরসিংদী পোস্ট কোড,Sadar,Nowagaon,,,,,https://bdpost.gov.bd/pages/static-pages/6922df53933eb65569e213b9
নরসিংদী পোস্ট কোড,Sadar,Chinbalapur,,,,,https://bdpost.gov.bd/pages/static-pages/6922df53933eb65569e213b9
নরসিংদী পোস্ট কোড,Sadar,Kathalia,,,,,https://bdpost.gov.bd/pages/static-pages/6922df53933eb65569e213b9
নরসিংদী পোস্ট কোড,Sadar,Karimpur EDSO,,1605,,,https://bdpost.gov.bd/pages/static-pages/6922df53933eb65569e213b9
নরসিংদী পোস্ট কোড,Palash,Palash UPO,,1610,,,https://bdpost.gov.bd/pages/static-pages/6922df53933eb65569e213b9
নরসিংদী পোস্ট কোড,Palash,Shantanpara,,,,,https://bdpost.gov.bd/pages/static-pages/6922df53933eb65569e213b9
নরসিংদী পোস্ট কোড,Palash,Charsindhur,,,,,https://bdpost.gov.bd/pages/static-pages/6922df53933eb65569e213b9
নরসিংদী পোস্ট কোড,Palash,Khas Hawla,,,,,https://bdpost.gov.bd/pages/static-pages/6922df53933eb65569e213b9
নরসিংদী পোস্ট কোড,Palash,Gayeshpur,,,,,https://bdpost.gov.bd/pages/static-pages/6922df53933eb65569e213b9
নরসিংদী পোস্ট কোড,Palash,Noakanda Bazar,,,,,https://bdpost.gov.bd/pages/static-pages/6922df53933eb65569e213b9
নরসিংদী পোস্ট কোড,Palash,Sayederkhola,,,,,https://bdpost.gov.bd/pages/static-pages/6922df53933eb65569e213b9
নরসিংদী পোস্ট কোড,Palash,Paruliya,,,,,https://bdpost.gov.bd/pages/static-pages/6922df53933eb65569e213b9
নরসিংদী পোস্ট কোড,Palash,Dokkhin Sadarchar,,,,,https://bdpost.gov.bd/pages/static-pages/6922df53933eb65569e213b9
নরসিংদী পোস্ট কোড,Palash,Jinadi,,,,,https://bdpost.gov.bd/pages/static-pages/6922df53933eb65569e213b9
নরসিংদী পোস্ট কোড,Palash,Ghorasal UF SO,,1611,,,https://bdpost.gov.bd/pages/static-pages/6922df53933eb65569e213b9
নরসিংদী পোস্ট কোড,Palash,Charsindur EDSO,,1612,,,https://bdpost.gov.bd/pages/static-pages/6922df53933eb65569e213b9
নরসিংদী পোস্ট কোড,Palash,Ghorasal SO,,1613,,,https://bdpost.gov.bd/pages/static-pages/6922df53933eb65569e213b9
নরসিংদী পোস্ট কোড,Shibpur,Shibpur UPO,,1620,,,https://bdpost.gov.bd/pages/static-pages/6922df53933eb65569e213b9
নরসিংদী পোস্ট কোড,Shibpur,jasor Bazar,,,,,https://bdpost.gov.bd/pages/static-pages/6922df53933eb65569e213b9
নরসিংদী পোস্ট কোড,Shibpur,Nowkaghat,,,,,https://bdpost.gov.bd/pages/static-pages/6922df53933eb65569e213b9
নরসিংদী পোস্ট কোড,Shibpur,Kamrab,,,,,https://bdpost.gov.bd/pages/static-pages/6922df53933eb65569e213b9
নরসিংদী পোস্ট কোড,Shibpur,Chotobondo,,,,,https://bdpost.gov.bd/pages/static-pages/6922df53933eb65569e213b9
নরসিংদী পোস্ট কোড,Shibpur,Chaitonno,,,,,https://bdpost.gov.bd/pages/static-pages/6922df53933eb65569e213b9
নরসিংদী পোস্ট কোড,Shibpur,Joynagar,,,,,https://bdpost.gov.bd/pages/static-pages/6922df53933eb65569e213b9
নরসিংদী পোস্ট কোড,Shibpur,Uttar Agarpur,,,,,https://bdpost.gov.bd/pages/static-pages/6922df53933eb65569e213b9
নরসিংদী পোস্ট কোড,Shibpur,Kumartek,,,,,https://bdpost.gov.bd/pages/static-pages/6922df53933eb65569e213b9
নরসিংদী পোস্ট কোড,Shibpur,Putiyabari,,,,,https://bdpost.gov.bd/pages/static-pages/6922df53933eb65569e213b9
নরসিংদী পোস্ট কোড,Shibpur,Dakkhin Agarpur,,,,,https://bdpost.gov.bd/pages/static-pages/6922df53933eb65569e213b9
নরসিংদী পোস্ট কোড,Shibpur,Hossenpur,,,,,https://bdpost.gov.bd/pages/static-pages/6922df53933eb65569e213b9
নরসিংদী পোস্ট কোড,Shibpur,Dottergaon,,,,,https://bdpost.gov.bd/pages/static-pages/6922df53933eb65569e213b9
নরসিংদী পোস্ট কোড,Shibpur,Dulalpur,,,,,https://bdpost.gov.bd/pages/static-pages/6922df53933eb65569e213b9
নরসিংদী পোস্ট কোড,Shibpur,Dhanua Telikandi,,,,,https://bdpost.gov.bd/pages/static-pages/6922df53933eb65569e213b9
নরসিংদী পোস্ট কোড,Shibpur,Nimgaon Pulehat,,,,,https://bdpost.gov.bd/pages/static-pages/6922df53933eb65569e213b9
নরসিংদী পোস্ট কোড,Shibpur,Khariya,,,,,https://bdpost.gov.bd/pages/static-pages/6922df53933eb65569e213b9
নরসিংদী পোস্ট কোড,Shibpur,Baghab,,,,,https://bdpost.gov.bd/pages/static-pages/6922df53933eb65569e213b9
নরসিংদী পোস্ট কোড,Shibpur,Bailab,,,,,https://bdpost.gov.bd/pages/static-pages/6922df53933eb65569e213b9
নরসিংদী পোস্ট কোড,Shibpur,Borokanda,,,,,https://bdpost.gov.bd/pages/static-pages/6922df53933eb65569e213b9
নরসিংদী পোস্ট কোড,Shibpur,Uttor Sadarchar,,,,,https://bdpost.gov.bd/pages/static-pages/6922df53933eb65569e213b9
নরসিংদী পোস্ট কোড,Shibpur,Satpara,,,,,https://bdpost.gov.bd/pages/static-pages/6922df53933eb65569e213b9
নরসিংদী পোস্ট কোড,Shibpur,Sunakura Bazar,,,,,https://bdpost.gov.bd/pages/static-pages/6922df53933eb65569e213b9
নরসিংদী পোস্ট কোড,Shibpur,Mojlispur,,,,,https://bdpost.gov.bd/pages/static-pages/6922df53933eb65569e213b9
নরসিংদী পোস্ট কোড,Shibpur,Ghorbari,,,,,https://bdpost.gov.bd/pages/static-pages/6922df53933eb65569e213b9
নরসিংদী পোস্ট কোড,Shibpur,Paratola,,,,,https://bdpost.gov.bd/pages/static-pages/6922df53933eb65569e213b9
নরসিংদী পোস্ট কোড,Shibpur,Purandiya Bazar,,,,,https://bdpost.gov.bd/pages/static-pages/6922df53933eb65569e213b9
নরসিংদী পোস্ট কোড,Shibpur,Kalinagar,,,,,https://bdpost.gov.bd/pages/static-pages/6922df53933eb65569e213b9
নরসিংদী পোস্ট কোড,Shibpur,Lakhpur,,,,,https://bdpost.gov.bd/pages/static-pages/6922df53933eb65569e213b9
নরসিংদী পোস্ট কোড,Shibpur,Kumardi,,,,,https://bdpost.gov.bd/pages/static-pages/6922df53933eb65569e213b9
নরসিংদী পোস্ট কোড,Shibpur,Kararchar,,,,,https://bdpost.gov.bd/pages/static-pages/6922df53933eb65569e213b9
নরসিংদী পোস্ট কোড,Shibpur,Kundarpara,,,,,https://bdpost.gov.bd/pages/static-pages/6922df53933eb65569e213b9
নরসিংদী পোস্ট কোড,Shibpur,Noadiya,,,,,https://bdpost.gov.bd/pages/static-pages/6922df53933eb65569e213b9
নরসিংদী পোস্ট কোড,Shibpur,Shashpur,,,,,https://bdpost.gov.bd/pages/static-pages/6922df53933eb65569e213b9
নরসিংদী পোস্ট কোড,Shibpur,Sayednagar,,,,,https://bdpost.gov.bd/pages/static-pages/6922df53933eb65569e213b9
নরসিংদী পোস্ট কোড,Raipura,Raipura UPO,,1630,,,https://bdpost.gov.bd/pages/static-pages/6922df53933eb65569e213b9
নরসিংদী পোস্ট কোড,Raipura,Radhaganj,,,,,https://bdpost.gov.bd/pages/static-pages/6922df53933eb65569e213b9
নরসিংদী পোস্ট কোড,Raipura,Bazar Hasnabad,,,,,https://bdpost.gov.bd/pages/static-pages/6922df53933eb65569e213b9
নরসিংদী পোস্ট কোড,Raipura,Moddho Nagar,,,,,https://bdpost.gov.bd/pages/static-pages/6922df53933eb65569e213b9
নরসিংদী পোস্ট কোড,Raipura,Ashramchar,,,,,https://bdpost.gov.bd/pages/static-pages/6922df53933eb65569e213b9
নরসিংদী পোস্ট কোড,Raipura,Borochar,,,,,https://bdpost.gov.bd/pages/static-pages/6922df53933eb65569e213b9
নরসিংদী পোস্ট কোড,Raipura,Hashimpur,,,,,https://bdpost.gov.bd/pages/static-pages/6922df53933eb65569e213b9
নরসিংদী পোস্ট কোড,Raipura,Kohinur Jute Mills,,,,,https://bdpost.gov.bd/pages/static-pages/6922df53933eb65569e213b9
নরসিংদী পোস্ট কোড,Raipura,Kataghat,,,,,https://bdpost.gov.bd/pages/static-pages/6922df53933eb65569e213b9
নরসিংদী পোস্ট কোড,Raipura,Algi Bazar,,,,,https://bdpost.gov.bd/pages/static-pages/6922df53933eb65569e213b9
নরসিংদী পোস্ট কোড,Raipura,Marjal,,,,,https://bdpost.gov.bd/pages/static-pages/6922df53933eb65569e213b9
নরসিংদী পোস্ট কোড,Raipura,Bashgari,,,,,https://bdpost.gov.bd/pages/static-pages/6922df53933eb65569e213b9
নরসিংদী পোস্ট কোড,Raipura,Ramnagar,,,,,https://bdpost.gov.bd/pages/static-pages/6922df53933eb65569e213b9
নরসিংদী পোস্ট কোড,Raipura,Mirjarchar,,,,,https://bdpost.gov.bd/pages/static-pages/6922df53933eb65569e213b9
নরসিংদী পোস্ট কোড,Raipura,Narayanpur,,,,,https://bdpost.gov.bd/pages/static-pages/6922df53933eb65569e213b9
নরসিংদী পোস্ট কোড,Raipura,Paratoli,,,,,https://bdpost.gov.bd/pages/static-pages/6922df53933eb65569e213b9
নরসিংদী পোস্ট কোড,Raipura,Pirijkandi,,,,,https://bdpost.gov.bd/pages/static-pages/6922df53933eb65569e213b9
নরসিংদী পোস্ট কোড,Raipura,Pirpur,,,,,https://bdpost.gov.bd/pages/static-pages/6922df53933eb65569e213b9
নরসিংদী পোস্ট কোড,Raipura,Rajprasad,,,,,https://bdpost.gov.bd/pages/static-pages/6922df53933eb65569e213b9
নরসিংদী পোস্ট কোড,Raipura,Bakharnagar,,,,,https://bdpost.gov.bd/pages/static-pages/6922df53933eb65569e213b9
নরসিংদী পোস্ট কোড,Raipura,Saidabad,,,,,https://bdpost.gov.bd/pages/static-pages/6922df53933eb65569e213b9
নরসিংদী পোস্ট কোড,Raipura,Sampara,,,,,https://bdpost.gov.bd/pages/static-pages/6922df53933eb65569e213b9
নরসিংদী পোস্ট কোড,Raipura,Soudagorkandi,,,,,https://bdpost.gov.bd/pages/static-pages/6922df53933eb65569e213b9
নরসিংদী পোস্ট কোড,Raipura,Sreenidhi,,,,,https://bdpost.gov.bd/pages/static-pages/6922df53933eb65569e213b9
নরসিংদী পোস্ট কোড,Raipura,Moheshpur,,,,,https://bdpost.gov.bd/pages/static-pages/6922df53933eb65569e213b9
নরসিংদী পোস্ট কোড,Raipura,Mushapur Pagla Bazar,,,,,https://bdpost.gov.bd/pages/static-pages/6922df53933eb65569e213b9
নরসিংদী পোস্ট কোড,Raipura,Tulatoli,,,,,https://bdpost.gov.bd/pages/static-pages/6922df53933eb65569e213b9
নরসিংদী পোস্ট কোড,Raipura,Sahebchar,,,,,https://bdpost.gov.bd/pages/static-pages/6922df53933eb65569e213b9
নরসিংদী পোস্ট কোড,Raipura,Charmodhua,,,,,https://bdpost.gov.bd/pages/static-pages/6922df53933eb65569e213b9
নরসিংদী পোস্ট কোড,Raipura,Adiyabad,,,,,https://bdpost.gov.bd/pages/static-pages/6922df53933eb65569e213b9
নরসিংদী পোস্ট কোড,Raipura,Nilokkha,,,,,https://bdpost.gov.bd/pages/static-pages/6922df53933eb65569e213b9
নরসিংদী পোস্ট কোড,Raipura,Alokbali,,,,,https://bdpost.gov.bd/pages/static-pages/6922df53933eb65569e213b9
নরসিংদী পোস্ট কোড,Raipura,Rahimabad,,,,,https://bdpost.gov.bd/pages/static-pages/6922df53933eb65569e213b9
নরসিংদী পোস্ট কোড,Raipura,Baghaikandi,,,,,https://bdpost.gov.bd/pages/static-pages/6922df53933eb65569e213b9
নরসিংদী পোস্ট কোড,Raipura,Hairmara,,,,,https://bdpost.gov.bd/pages/static-pages/6922df53933eb65569e213b9
নরসিংদী পোস্ট কোড,Raipura,Uttor Mirzanagar,,,,,https://bdpost.gov.bd/pages/static-pages/6922df53933eb65569e213b9
নরসিংদী পোস্ট কোড,Raipura,Charsubuddhi,,,,,https://bdpost.gov.bd/pages/static-pages/6922df53933eb65569e213b9
নরসিংদী পোস্ট কোড,Raipura,Bot Toli,,,,,https://bdpost.gov.bd/pages/static-pages/6922df53933eb65569e213b9
নরসিংদী পোস্ট কোড,Raipura,Dowkarchar,,,,,https://bdpost.gov.bd/pages/static-pages/6922df53933eb65569e213b9
নরসিংদী পোস্ট কোড,Raipura,Hatubanga,,,,,https://bdpost.gov.bd/pages/static-pages/6922df53933eb65569e213b9
নরসিংদী পোস্ট কোড,Raipura,Lokkhipur,,,,,https://bdpost.gov.bd/pages/static-pages/6922df53933eb65569e213b9
নরসিংদী পোস্ট কোড,Raipura,Bazar Hasnabad EDSO,,1631,,,https://bdpost.gov.bd/pages/static-pages/6922df53933eb65569e213b9
নরসিংদী পোস্ট কোড,Raipura,Radhagonj Bazar EDSO,,1632,,,https://bdpost.gov.bd/pages/static-pages/6922df53933eb65569e213b9
নরসিংদী পোস্ট কোড,Belabo,Belabo UPO,,1640,,,https://bdpost.gov.bd/pages/static-pages/6922df53933eb65569e213b9
নরসিংদী পোস্ট কোড,Belabo,Amlabo,,,,,https://bdpost.gov.bd/pages/static-pages/6922df53933eb65569e213b9
নরসিংদী পোস্ট কোড,Belabo,Dulalkandi,,,,,https://bdpost.gov.bd/pages/static-pages/6922df53933eb65569e213b9
নরসিংদী পোস্ট কোড,Belabo,Hosennagar,,,,,https://bdpost.gov.bd/pages/static-pages/6922df53933eb65569e213b9
নরসিংদী পোস্ট কোড,Belabo,Vaterchar,,,,,https://bdpost.gov.bd/pages/static-pages/6922df53933eb65569e213b9
নরসিংদী পোস্ট কোড,Belabo,Dewanerchar,,,,,https://bdpost.gov.bd/pages/static-pages/6922df53933eb65569e213b9
নরসিংদী পোস্ট কোড,Belabo,Boteswar,,,,,https://bdpost.gov.bd/pages/static-pages/6922df53933eb65569e213b9
নরসিংদী পোস্ট কোড,Belabo,Binnabaid,,,,,https://bdpost.gov.bd/pages/static-pages/6922df53933eb65569e213b9
নরসিংদী পোস্ট কোড,Belabo,Dholipara,,,,,https://bdpost.gov.bd/pages/static-pages/6922df53933eb65569e213b9
নরসিংদী পোস্ট কোড,Belabo,Vabla,,,,,https://bdpost.gov.bd/pages/static-pages/6922df53933eb65569e213b9
নরসিংদী পোস্ট কোড,Belabo,Char Kashimnagar,,,,,https://bdpost.gov.bd/pages/static-pages/6922df53933eb65569e213b9
নরসিংদী পোস্ট কোড,Belabo,Poradia,,,,,https://bdpost.gov.bd/pages/static-pages/6922df53933eb65569e213b9
নরসিংদী পোস্ট কোড,Belabo,Dokkhin Lakhpur,,,,,https://bdpost.gov.bd/pages/static-pages/6922df53933eb65569e213b9
নরসিংদী পোস্ট কোড,Belabo,Aouliakanda,,,,,https://bdpost.gov.bd/pages/static-pages/6922df53933eb65569e213b9
নরসিংদী পোস্ট কোড,Belabo,Ujilab,,,,,https://bdpost.gov.bd/pages/static-pages/6922df53933eb65569e213b9
নরসিংদী পোস্ট কোড,Belabo,Chandanpur,,,,,https://bdpost.gov.bd/pages/static-pages/6922df53933eb65569e213b9
নরসিংদী পোস্ট কোড,Monohardi,Monohardi UPO,,1650,,,https://bdpost.gov.bd/pages/static-pages/6922df53933eb65569e213b9
নরসিংদী পোস্ট কোড,Monohardi,Bir Maijdiya,,,,,https://bdpost.gov.bd/pages/static-pages/6922df53933eb65569e213b9
নরসিংদী পোস্ট কোড,Monohardi,Ekduriya,,,,,https://bdpost.gov.bd/pages/static-pages/6922df53933eb65569e213b9
নরসিংদী পোস্ট কোড,Monohardi,Khifirpur,,,,,https://bdpost.gov.bd/pages/static-pages/6922df53933eb65569e213b9
নরসিংদী পোস্ট কোড,Monohardi,Charmandaliya,,,,,https://bdpost.gov.bd/pages/static-pages/6922df53933eb65569e213b9
নরসিংদী পোস্ট কোড,Monohardi,Chowrasta Mowlovibazar,,,,,https://bdpost.gov.bd/pages/static-pages/6922df53933eb65569e213b9
নরসিংদী পোস্ট কোড,Monohardi,Chalakchar,,,,,https://bdpost.gov.bd/pages/static-pages/6922df53933eb65569e213b9
নরসিংদী পোস্ট কোড,Monohardi,Tarakandi,,,,,https://bdpost.gov.bd/pages/static-pages/6922df53933eb65569e213b9
নরসিংদী পোস্ট কোড,Monohardi,Norendropur,,,,,https://bdpost.gov.bd/pages/static-pages/6922df53933eb65569e213b9
নরসিংদী পোস্ট কোড,Monohardi,Shekhergaon,,,,,https://bdpost.gov.bd/pages/static-pages/6922df53933eb65569e213b9
নরসিংদী পোস্ট কোড,Monohardi,Sukundi,,,,,https://bdpost.gov.bd/pages/static-pages/6922df53933eb65569e213b9
নরসিংদী পোস্ট কোড,Monohardi,Lebutola,,,,,https://bdpost.gov.bd/pages/static-pages/6922df53933eb65569e213b9
নরসিংদী পোস্ট কোড,Monohardi,Rampur,,,,,https://bdpost.gov.bd/pages/static-pages/6922df53933eb65569e213b9
নরসিংদী পোস্ট কোড,Monohardi,Gotashhiya,,,,,https://bdpost.gov.bd/pages/static-pages/6922df53933eb65569e213b9
নরসিংদী পোস্ট কোড,Monohardi,Hatirdia SO,,1651,,,https://bdpost.gov.bd/pages/static-pages/6922df53933eb65569e213b9
নরসিংদী পোস্ট কোড,Monohardi,Alalpur,,,,,https://bdpost.gov.bd/pages/static-pages/6922df53933eb65569e213b9
নরসিংদী পোস্ট কোড,Monohardi,Chula,,,,,https://bdpost.gov.bd/pages/static-pages/6922df53933eb65569e213b9
নরসিংদী পোস্ট কোড,Monohardi,Uttor Noadiya,,,,,https://bdpost.gov.bd/pages/static-pages/6922df53933eb65569e213b9
নরসিংদী পোস্ট কোড,Monohardi,Narandi,,,,,https://bdpost.gov.bd/pages/static-pages/6922df53933eb65569e213b9
নরসিংদী পোস্ট কোড,Monohardi,Doulotpur,,,,,https://bdpost.gov.bd/pages/static-pages/6922df53933eb65569e213b9
নরসিংদী পোস্ট কোড,Monohardi,Savardiya,,,,,https://bdpost.gov.bd/pages/static-pages/6922df53933eb65569e213b9
নরসিংদী পোস্ট কোড,Monohardi,Baghadi Chowrasta Bazar,,,,,https://bdpost.gov.bd/pages/static-pages/6922df53933eb65569e213b9
নরসিংদী পোস্ট কোড,Monohardi,Katabaria SO,,1652,,,https://bdpost.gov.bd/pages/static-pages/6922df53933eb65569e213b9
নরসিংদী পোস্ট কোড,Narandi,Kahetergaon,,,,,https://bdpost.gov.bd/pages/static-pages/6922df53933eb65569e213b9
নরসিংদী পোস্ট কোড,Narandi,Boro Mirzapur Bazar,,,,,https://bdpost.gov.bd/pages/static-pages/6922df53933eb65569e213b9
নরসিংদী পোস্ট কোড,Narandi,Borochapa,,,,,https://bdpost.gov.bd/pages/static-pages/6922df53933eb65569e213b9
নরসিংদী পোস্ট কোড,Narandi,Krishnapur,,,,,https://bdpost.gov.bd/pages/static-pages/6922df53933eb65569e213b9
নরসিংদী পোস্ট কোড,Narandi,Hafizpur,,,,,https://bdpost.gov.bd/pages/static-pages/6922df53933eb65569e213b9
গাজীপুর পোস্ট কোড,Gazipur,Gazipur HO,,1700,,1,https://bdpost.gov.bd/pages/static-pages/6922dc3d933eb65569e0f312
গাজীপুর পোস্ট কোড,Gazipur,Harbaid,,,,,https://bdpost.gov.bd/pages/static-pages/6922dc3d933eb65569e0f312
গাজীপুর পোস্ট কোড,Gazipur,Bogdadia,,,,,https://bdpost.gov.bd/pages/static-pages/6922dc3d933eb65569e0f312
গাজীপুর পোস্ট কোড,Gazipur,Mirashpara,,,,,https://bdpost.gov.bd/pages/static-pages/6922dc3d933eb65569e0f312
গাজীপুর পোস্ট কোড,Gazipur,Tongi Bazar,,,,,https://bdpost.gov.bd/pages/static-pages/6922dc3d933eb65569e0f312
গাজীপুর পোস্ট কোড,Gazipur,Pubail,,,,,https://bdpost.gov.bd/pages/static-pages/6922dc3d933eb65569e0f312
গাজীপুর পোস্ট কোড,Gazipur,Chandona,,,,,https://bdpost.gov.bd/pages/static-pages/6922dc3d933eb65569e0f312
গাজীপুর পোস্ট কোড,Gazipur,Kumun,,,,,https://bdpost.gov.bd/pages/static-pages/6922dc3d933eb65569e0f312
গাজীপুর পোস্ট কোড,Gazipur,Kalni,,,,,https://bdpost.gov.bd/pages/static-pages/6922dc3d933eb65569e0f312
গাজীপুর পোস্ট কোড,Gazipur,Vawal Bariya,,,,,https://bdpost.gov.bd/pages/static-pages/6922dc3d933eb65569e0f312
গাজীপুর পোস্ট কোড,Gazipur,Kanaiya,,,,,https://bdpost.gov.bd/pages/static-pages/6922dc3d933eb65569e0f312
গাজীপুর পোস্ট কোড,Gazipur,Dhirashram,,,,,https://bdpost.gov.bd/pages/static-pages/6922dc3d933eb65569e0f312
গাজীপুর পোস্ট কোড,Gazipur,Vabanipur,,,,,https://bdpost.gov.bd/pages/static-pages/6922dc3d933eb65569e0f312
গাজীপুর পোস্ট কোড,Gazipur,Mirjapur,,,,,https://bdpost.gov.bd/pages/static-pages/6922dc3d933eb65569e0f312
গাজীপুর পোস্ট কোড,Gazipur,Salna,,,,,https://bdpost.gov.bd/pages/static-pages/6922dc3d933eb65569e0f312
গাজীপুর পোস্ট কোড,Gazipur,Kaultiya,,,,,https://bdpost.gov.bd/pages/static-pages/6922dc3d933eb65569e0f312
গাজীপুর পোস্ট কোড,Gazipur,Bitipara Bazar,,,,,https://bdpost.gov.bd/pages/static-pages/6922dc3d933eb65569e0f312
গাজীপুর পোস্ট কোড,Gazipur,Zirani Bazar,,,,,https://bdpost.gov.bd/pages/static-pages/6922dc3d933eb65569e0f312
গাজীপুর পোস্ট কোড,Gazipur,Kodda Bazar,,,,,https://bdpost.gov.bd/pages/static-pages/6922dc3d933eb65569e0f312
গাজীপুর পোস্ট কোড,Gazipur,Nilnagar,,,,,https://bdpost.gov.bd/pages/static-pages/6922dc3d933eb65569e0f312
গাজীপুর পোস্ট কোড,Gazipur,Kashimpur,,,,,https://bdpost.gov.bd/pages/static-pages/6922dc3d933eb65569e0f312
গাজীপুর পোস্ট কোড,Gazipur,Sardagonj,,,,,https://bdpost.gov.bd/pages/static-pages/6922dc3d933eb65569e0f312
গাজীপুর পোস্ট কোড,Gazipur,Konabari,,,,,https://bdpost.gov.bd/pages/static-pages/6922dc3d933eb65569e0f312
গাজীপুর পোস্ট কোড,Gazipur,Boro Vabanipur,,,,,https://bdpost.gov.bd/pages/static-pages/6922dc3d933eb65569e0f312
গাজীপুর পোস্ট কোড,Gazipur,BRRI SO,,1701,,2,https://bdpost.gov.bd/pages/static-pages/6922dc3d933eb65569e0f312
গাজীপুর পোস্ট কোড,Gazipur,Chandana EDSO,,1702,,3,https://bdpost.gov.bd/pages/static-pages/6922dc3d933eb65569e0f312
গাজীপুর পোস্ট কোড,Gazipur,Jatiya Bishwa Bidyalay SO,,1703,,4,https://bdpost.gov.bd/pages/static-pages/6922dc3d933eb65569e0f312
গাজীপুর পোস্ট কোড,Gazipur,KB Bazar,,,,,https://bdpost.gov.bd/pages/static-pages/6922dc3d933eb65569e0f312
গাজীপুর পোস্ট কোড,Gazipur,Gacha,,,,,https://bdpost.gov.bd/pages/static-pages/6922dc3d933eb65569e0f312
গাজীপুর পোস্ট কোড,Gazipur,Ipsha SO,,1706,,5,https://bdpost.gov.bd/pages/static-pages/6922dc3d933eb65569e0f312
গাজীপুর পোস্ট কোড,Monnonagar,Monnonagar UPO,,1710,,6,https://bdpost.gov.bd/pages/static-pages/6922dc3d933eb65569e0f312
গাজীপুর পোস্ট কোড,Monnonagar,Nishatnagar SO,,1711,,7,https://bdpost.gov.bd/pages/static-pages/6922dc3d933eb65569e0f312
গাজীপুর পোস্ট কোড,Monnonagar,Ershadnagar,,1712,,8,https://bdpost.gov.bd/pages/static-pages/6922dc3d933eb65569e0f312
গাজীপুর পোস্ট কোড,Kaligonj,Kaligonj UPO,,1720,,9,https://bdpost.gov.bd/pages/static-pages/6922dc3d933eb65569e0f312
গাজীপুর পোস্ট কোড,Kaligonj,Ulukhola,,,,,https://bdpost.gov.bd/pages/static-pages/6922dc3d933eb65569e0f312
গাজীপুর পোস্ট কোড,Kaligonj,Khasdaudpur,,,,,https://bdpost.gov.bd/pages/static-pages/6922dc3d933eb65569e0f312
গাজীপুর পোস্ট কোড,Kaligonj,Atlapur,,,,,https://bdpost.gov.bd/pages/static-pages/6922dc3d933eb65569e0f312
গাজীপুর পোস্ট কোড,Kaligonj,Birabo,,,,,https://bdpost.gov.bd/pages/static-pages/6922dc3d933eb65569e0f312
গাজীপুর পোস্ট কোড,Kaligonj,Putinabazar,,,,,https://bdpost.gov.bd/pages/static-pages/6922dc3d933eb65569e0f312
গাজীপুর পোস্ট কোড,Kaligonj,Som Notun Bazar,,,,,https://bdpost.gov.bd/pages/static-pages/6922dc3d933eb65569e0f312
গাজীপুর পোস্ট কোড,Kaligonj,Danga Bazar,,,,,https://bdpost.gov.bd/pages/static-pages/6922dc3d933eb65569e0f312
গাজীপুর পোস্ট কোড,Kaligonj,Nagori,,,,,https://bdpost.gov.bd/pages/static-pages/6922dc3d933eb65569e0f312
গাজীপুর পোস্ট কোড,Kaligonj,Adijangalia,,,,,https://bdpost.gov.bd/pages/static-pages/6922dc3d933eb65569e0f312
গাজীপুর পোস্ট কোড,Kaligonj,Boktarpur,,,,,https://bdpost.gov.bd/pages/static-pages/6922dc3d933eb65569e0f312
গাজীপুর পোস্ট কোড,Kaligonj,Fuldi,,,,,https://bdpost.gov.bd/pages/static-pages/6922dc3d933eb65569e0f312
গাজীপুর পোস্ট কোড,Kaligonj,Bhawal Bhrahammangaon,,,,,https://bdpost.gov.bd/pages/static-pages/6922dc3d933eb65569e0f312
গাজীপুর পোস্ট কোড,Kaligonj,Dubati Madrasa,,,,,https://bdpost.gov.bd/pages/static-pages/6922dc3d933eb65569e0f312
গাজীপুর পোস্ট কোড,Kaligonj,Rangamatia,,,,,https://bdpost.gov.bd/pages/static-pages/6922dc3d933eb65569e0f312
গাজীপুর পোস্ট কোড,Kaligonj,Sauraid,,,,,https://bdpost.gov.bd/pages/static-pages/6922dc3d933eb65569e0f312
গাজীপুর পোস্ট কোড,Kaligonj,Kolapatua,,,,,https://bdpost.gov.bd/pages/static-pages/6922dc3d933eb65569e0f312
গাজীপুর পোস্ট কোড,Kaligonj,Deputipara,,,,,https://bdpost.gov.bd/pages/static-pages/6922dc3d933eb65569e0f312
গাজীপুর পোস্ট কোড,Kaligonj,Baghun,,,,,https://bdpost.gov.bd/pages/static-pages/6922dc3d933eb65569e0f312
গাজীপুর পোস্ট কোড,Kaligonj,Dokkhinbag,,,,,https://bdpost.gov.bd/pages/static-pages/6922dc3d933eb65569e0f312
গাজীপুর পোস্ট কোড,Kaligonj,Vawal Noapara,,,,,https://bdpost.gov.bd/pages/static-pages/6922dc3d933eb65569e0f312
গাজীপুর পোস্ট কোড,Kaligonj,Nurun Bazar,,,,,https://bdpost.gov.bd/pages/static-pages/6922dc3d933eb65569e0f312
গাজীপুর পোস্ট কোড,Kaligonj,Ajmatpur,,,,,https://bdpost.gov.bd/pages/static-pages/6922dc3d933eb65569e0f312
গাজীপুর পোস্ট কোড,Kaligonj,Pubali EDSO,,1721,,10,https://bdpost.gov.bd/pages/static-pages/6922dc3d933eb65569e0f312
গাজীপুর পোস্ট কোড,Kaligonj,Santan Para EDSO,,1722,,11,https://bdpost.gov.bd/pages/static-pages/6922dc3d933eb65569e0f312
গাজীপুর পোস্ট কোড,Kaligonj,Bhawal Jamalpur EDSO,,1723,,12,https://bdpost.gov.bd/pages/static-pages/6922dc3d933eb65569e0f312
গাজীপুর পোস্ট কোড,Kapasia,Kapasia UPO,,1730,,13,https://bdpost.gov.bd/pages/static-pages/6922dc3d933eb65569e0f312
গাজীপুর পোস্ট কোড,Kapasia,Aral Bazar,,,,,https://bdpost.gov.bd/pages/static-pages/6922dc3d933eb65569e0f312
গাজীপুর পোস্ট কোড,Kapasia,Kamargaon,,,,,https://bdpost.gov.bd/pages/static-pages/6922dc3d933eb65569e0f312
গাজীপুর পোস্ট কোড,Kapasia,Khirati,,,,,https://bdpost.gov.bd/pages/static-pages/6922dc3d933eb65569e0f312
গাজীপুর পোস্ট কোড,Kapasia,Gaghutiya,,,,,https://bdpost.gov.bd/pages/static-pages/6922dc3d933eb65569e0f312
গাজীপুর পোস্ট কোড,Kapasia,Singuya,,,,,https://bdpost.gov.bd/pages/static-pages/6922dc3d933eb65569e0f312
গাজীপুর পোস্ট কোড,Kapasia,Pakiyab Madrasa,,,,,https://bdpost.gov.bd/pages/static-pages/6922dc3d933eb65569e0f312
গাজীপুর পোস্ট কোড,Kapasia,Meruya Madrasa,,,,,https://bdpost.gov.bd/pages/static-pages/6922dc3d933eb65569e0f312
গাজীপুর পোস্ট কোড,Kapasia,Mirzanagar,,,,,https://bdpost.gov.bd/pages/static-pages/6922dc3d933eb65569e0f312
গাজীপুর পোস্ট কোড,Kapasia,Char Nilokkhi,,,,,https://bdpost.gov.bd/pages/static-pages/6922dc3d933eb65569e0f312
গাজীপুর পোস্ট কোড,Kapasia,Hasanpur,,,,,https://bdpost.gov.bd/pages/static-pages/6922dc3d933eb65569e0f312
গাজীপুর পোস্ট কোড,Kapasia,Sonmaniya,,,,,https://bdpost.gov.bd/pages/static-pages/6922dc3d933eb65569e0f312
গাজীপুর পোস্ট কোড,Kapasia,Noruttampur,,,,,https://bdpost.gov.bd/pages/static-pages/6922dc3d933eb65569e0f312
গাজীপুর পোস্ট কোড,Kapasia,Pachua Hazir Bazar,,,,,https://bdpost.gov.bd/pages/static-pages/6922dc3d933eb65569e0f312
গাজীপুর পোস্ট কোড,Kapasia,Tokenoyon Bazar,,,,,https://bdpost.gov.bd/pages/static-pages/6922dc3d933eb65569e0f312
গাজীপুর পোস্ট কোড,Kapasia,Verarchar,,,,,https://bdpost.gov.bd/pages/static-pages/6922dc3d933eb65569e0f312
গাজীপুর পোস্ট কোড,Kapasia,Barishab,,,,,https://bdpost.gov.bd/pages/static-pages/6922dc3d933eb65569e0f312
গাজীপুর পোস্ট কোড,Kapasia,Birojali,,,,,https://bdpost.gov.bd/pages/static-pages/6922dc3d933eb65569e0f312
গাজীপুর পোস্ট কোড,Kapasia,Aralia Bazar,,,,,https://bdpost.gov.bd/pages/static-pages/6922dc3d933eb65569e0f312
গাজীপুর পোস্ট কোড,Kapasia,Ikuriya,,,,,https://bdpost.gov.bd/pages/static-pages/6922dc3d933eb65569e0f312
গাজীপুর পোস্ট কোড,Kapasia,Khamer,,,,,https://bdpost.gov.bd/pages/static-pages/6922dc3d933eb65569e0f312
গাজীপুর পোস্ট কোড,Kapasia,Torgaon,,,,,https://bdpost.gov.bd/pages/static-pages/6922dc3d933eb65569e0f312
গাজীপুর পোস্ট কোড,Kapasia,Taragonj,,,,,https://bdpost.gov.bd/pages/static-pages/6922dc3d933eb65569e0f312
গাজীপুর পোস্ট কোড,Kapasia,Pakbaghiya,,,,,https://bdpost.gov.bd/pages/static-pages/6922dc3d933eb65569e0f312
গাজীপুর পোস্ট কোড,Kapasia,Pabur,,,,,https://bdpost.gov.bd/pages/static-pages/6922dc3d933eb65569e0f312
গাজীপুর পোস্ট কোড,Kapasia,Vawal Chandpur,,,,,https://bdpost.gov.bd/pages/static-pages/6922dc3d933eb65569e0f312
গাজীপুর পোস্ট কোড,Kapasia,Raniganj Bazar,,,,,https://bdpost.gov.bd/pages/static-pages/6922dc3d933eb65569e0f312
গাজীপুর পোস্ট কোড,Kapasia,Vawal Narayanpur,,,,,https://bdpost.gov.bd/pages/static-pages/6922dc3d933eb65569e0f312
গাজীপুর পোস্ট কোড,Kapasia,Rawnait,,,,,https://bdpost.gov.bd/pages/static-pages/6922dc3d933eb65569e0f312
গাজীপুর পোস্ট কোড,Kapasia,Tilshuniya,,,,,https://bdpost.gov.bd/pages/static-pages/6922dc3d933eb65569e0f312
গাজীপুর পোস্ট কোড,Kapasia,Fulbariya Madrasa,,,,,https://bdpost.gov.bd/pages/static-pages/6922dc3d933eb65569e0f312
গাজীপুর পোস্ট কোড,Kapasia,Pirojpur,,,,,https://bdpost.gov.bd/pages/static-pages/6922dc3d933eb65569e0f312
গাজীপুর পোস্ট কোড,Kapasia,Charkhamer,,,,,https://bdpost.gov.bd/pages/static-pages/6922dc3d933eb65569e0f312
গাজীপুর পোস্ট কোড,Kapasia,Baghua,,,,,https://bdpost.gov.bd/pages/static-pages/6922dc3d933eb65569e0f312
গাজীপুর পোস্ট কোড,Kapasia,Palashpur,,,,,https://bdpost.gov.bd/pages/static-pages/6922dc3d933eb65569e0f312
গাজীপুর পোস্ট কোড,Kapasia,Borunhat,,,,,https://bdpost.gov.bd/pages/static-pages/6922dc3d933eb65569e0f312
গাজীপুর পোস্ট কোড,Kapasia,Lohadi,,,,,https://bdpost.gov.bd/pages/static-pages/6922dc3d933eb65569e0f312
গাজীপুর পোস্ট কোড,Kapasia,Amraid,,,,,https://bdpost.gov.bd/pages/static-pages/6922dc3d933eb65569e0f312
গাজীপুর পোস্ট কোড,Kapasia,Ulusara,,,,,https://bdpost.gov.bd/pages/static-pages/6922dc3d933eb65569e0f312
গাজীপুর পোস্ট কোড,Kapasia,Kopaleshwar,,,,,https://bdpost.gov.bd/pages/static-pages/6922dc3d933eb65569e0f312
গাজীপুর পোস্ট কোড,Kapasia,Vuleshwar,,,,,https://bdpost.gov.bd/pages/static-pages/6922dc3d933eb65569e0f312
গাজীপুর পোস্ট কোড,Kapasia,Rayed,,,,,https://bdpost.gov.bd/pages/static-pages/6922dc3d933eb65569e0f312
গাজীপুর পোস্ট কোড,Kapasia,Singhoshree,,,,,https://bdpost.gov.bd/pages/static-pages/6922dc3d933eb65569e0f312
গাজীপুর পোস্ট কোড,Kapasia,Sohagpur,,,,,https://bdpost.gov.bd/pages/static-pages/6922dc3d933eb65569e0f312
গাজীপুর পোস্ট কোড,Kapasia,Dumdiya,,,,,https://bdpost.gov.bd/pages/static-pages/6922dc3d933eb65569e0f312
গাজীপুর পোস্ট কোড,Sreepur,Sreepur UPO,,1740,,14,https://bdpost.gov.bd/pages/static-pages/6922dc3d933eb65569e0f312
গাজীপুর পোস্ট কোড,Sreepur,Rajendropur Bazar,,,,,https://bdpost.gov.bd/pages/static-pages/6922dc3d933eb65569e0f312
গাজীপুর পোস্ট কোড,Sreepur,Satkhamair,,,,,https://bdpost.gov.bd/pages/static-pages/6922dc3d933eb65569e0f312
গাজীপুর পোস্ট কোড,Sreepur,Basudebpur,,,,,https://bdpost.gov.bd/pages/static-pages/6922dc3d933eb65569e0f312
গাজীপুর পোস্ট কোড,Sreepur,Marta,,,,,https://bdpost.gov.bd/pages/static-pages/6922dc3d933eb65569e0f312
গাজীপুর পোস্ট কোড,Sreepur,Gajipur Bazar,,,,,https://bdpost.gov.bd/pages/static-pages/6922dc3d933eb65569e0f312
গাজীপুর পোস্ট কোড,Sreepur,Goshinga,,,,,https://bdpost.gov.bd/pages/static-pages/6922dc3d933eb65569e0f312
গাজীপুর পোস্ট কোড,Sreepur,Gila Beraid,,,,,https://bdpost.gov.bd/pages/static-pages/6922dc3d933eb65569e0f312
গাজীপুর পোস্ট কোড,Sreepur,Tengra,,,,,https://bdpost.gov.bd/pages/static-pages/6922dc3d933eb65569e0f312
গাজীপুর পোস্ট কোড,Sreepur,Doni Borotopa,,,,,https://bdpost.gov.bd/pages/static-pages/6922dc3d933eb65569e0f312
গাজীপুর পোস্ট কোড,Sreepur,Boiragir Chala,,,,,https://bdpost.gov.bd/pages/static-pages/6922dc3d933eb65569e0f312
গাজীপুর পোস্ট কোড,Sreepur,Mawna,,,,,https://bdpost.gov.bd/pages/static-pages/6922dc3d933eb65569e0f312
গাজীপুর পোস্ট কোড,Sreepur,Telihati,,,,,https://bdpost.gov.bd/pages/static-pages/6922dc3d933eb65569e0f312
গাজীপুর পোস্ট কোড,Sreepur,Nij Mawna,,,,,https://bdpost.gov.bd/pages/static-pages/6922dc3d933eb65569e0f312
গাজীপুর পোস্ট কোড,Sreepur,Latifpur,,,,,https://bdpost.gov.bd/pages/static-pages/6922dc3d933eb65569e0f312
গাজীপুর পোস্ট কোড,Sreepur,Kewa Bazar,,,,,https://bdpost.gov.bd/pages/static-pages/6922dc3d933eb65569e0f312
গাজীপুর পোস্ট কোড,Sreepur,Rajendrapur EDSO,,1741,,15,https://bdpost.gov.bd/pages/static-pages/6922dc3d933eb65569e0f312
গাজীপুর পোস্ট কোড,Sreepur,Rajendrapur Cantt. SO,,1742,,16,https://bdpost.gov.bd/pages/static-pages/6922dc3d933eb65569e0f312
গাজীপুর পোস্ট কোড,Sreepur,Vawal rajabari,,,,,https://bdpost.gov.bd/pages/static-pages/6922dc3d933eb65569e0f312
গাজীপুর পোস্ট কোড,Sreepur,Nolgaon,,,,,https://bdpost.gov.bd/pages/static-pages/6922dc3d933eb65569e0f312
গাজীপুর পোস্ট কোড,Sreepur,Faogain,,,,,https://bdpost.gov.bd/pages/static-pages/6922dc3d933eb65569e0f312
গাজীপুর পোস্ট কোড,Sreepur,Damdoma,,,,,https://bdpost.gov.bd/pages/static-pages/6922dc3d933eb65569e0f312
গাজীপুর পোস্ট কোড,Sreepur,Barmi SO,,1743,,17,https://bdpost.gov.bd/pages/static-pages/6922dc3d933eb65569e0f312
গাজীপুর পোস্ট কোড,Sreepur,Vitipara,,,,,https://bdpost.gov.bd/pages/static-pages/6922dc3d933eb65569e0f312
গাজীপুর পোস্ট কোড,Sreepur,Satkhamar EDSO,,1744,,18,https://bdpost.gov.bd/pages/static-pages/6922dc3d933eb65569e0f312
গাজীপুর পোস্ট কোড,Sreepur,Karodi SO,,1745,,19,https://bdpost.gov.bd/pages/static-pages/6922dc3d933eb65569e0f312
গাজীপুর পোস্ট কোড,Sreepur,Baldighat,,,,,https://bdpost.gov.bd/pages/static-pages/6922dc3d933eb65569e0f312
গাজীপুর পোস্ট কোড,Sreepur,Hoydebpur,,,,,https://bdpost.gov.bd/pages/static-pages/6922dc3d933eb65569e0f312
গাজীপুর পোস্ট কোড,Sreepur,bapta,,,,,https://bdpost.gov.bd/pages/static-pages/6922dc3d933eb65569e0f312
গাজীপুর পোস্ট কোড,Sreepur,Bashmur Krishi So,,1747,,20,https://bdpost.gov.bd/pages/static-pages/6922dc3d933eb65569e0f312
গাজীপুর পোস্ট কোড,Sreepur,Bangladesh Open Uni. SO,,1748,,21,https://bdpost.gov.bd/pages/static-pages/6922dc3d933eb65569e0f312
গাজীপুর পোস্ট কোড,kaliakair,kaliakair UPO,,1750,,22,https://bdpost.gov.bd/pages/static-pages/6922dc3d933eb65569e0f312
গাজীপুর পোস্ট কোড,kaliakair,Cha-Bagan,,,,,https://bdpost.gov.bd/pages/static-pages/6922dc3d933eb65569e0f312
গাজীপুর পোস্ট কোড,kaliakair,Pirojali,,,,,https://bdpost.gov.bd/pages/static-pages/6922dc3d933eb65569e0f312
গাজীপুর পোস্ট কোড,kaliakair,Fulbariya,,,,,https://bdpost.gov.bd/pages/static-pages/6922dc3d933eb65569e0f312
গাজীপুর পোস্ট কোড,kaliakair,Boali,,,,,https://bdpost.gov.bd/pages/static-pages/6922dc3d933eb65569e0f312
গাজীপুর পোস্ট কোড,kaliakair,Raghunathpur,,,,,https://bdpost.gov.bd/pages/static-pages/6922dc3d933eb65569e0f312
গাজীপুর পোস্ট কোড,kaliakair,Sakeshwar,,,,,https://bdpost.gov.bd/pages/static-pages/6922dc3d933eb65569e0f312
গাজীপুর পোস্ট কোড,kaliakair,Bashtoli,,,,,https://bdpost.gov.bd/pages/static-pages/6922dc3d933eb65569e0f312
গাজীপুর পোস্ট কোড,kaliakair,shahbajpur,,,,,https://bdpost.gov.bd/pages/static-pages/6922dc3d933eb65569e0f312
গাজীপুর পোস্ট কোড,kaliakair,Boliyadi,,,,,https://bdpost.gov.bd/pages/static-pages/6922dc3d933eb65569e0f312
গাজীপুর পোস্ট কোড,kaliakair,Boroipara,,,,,https://bdpost.gov.bd/pages/static-pages/6922dc3d933eb65569e0f312
গাজীপুর পোস্ট কোড,kaliakair,Gosatra,,,,,https://bdpost.gov.bd/pages/static-pages/6922dc3d933eb65569e0f312
গাজীপুর পোস্ট কোড,kaliakair,Haturiyachala,,,,,https://bdpost.gov.bd/pages/static-pages/6922dc3d933eb65569e0f312
গাজীপুর পোস্ট কোড,kaliakair,Araigonj Hatkhola,,,,,https://bdpost.gov.bd/pages/static-pages/6922dc3d933eb65569e0f312
গাজীপুর পোস্ট কোড,kaliakair,Goalbathan,,,,,https://bdpost.gov.bd/pages/static-pages/6922dc3d933eb65569e0f312
গাজীপুর পোস্ট কোড,kaliakair,Boroibai,,,,,https://bdpost.gov.bd/pages/static-pages/6922dc3d933eb65569e0f312
গাজীপুর পোস্ট কোড,kaliakair,Boro Gobindopur,,,,,https://bdpost.gov.bd/pages/static-pages/6922dc3d933eb65569e0f312
গাজীপুর পোস্ট কোড,kaliakair,Dewar Bazar,,,,,https://bdpost.gov.bd/pages/static-pages/6922dc3d933eb65569e0f312
গাজীপুর পোস্ট কোড,kaliakair,Shafiqur A TC,,1751,,23,https://bdpost.gov.bd/pages/static-pages/6922dc3d933eb65569e0f312
গাজীপুর পোস্ট কোড,kaliakair,Safipur Bazar,,,,,https://bdpost.gov.bd/pages/static-pages/6922dc3d933eb65569e0f312
গাজীপুর পোস্ট কোড,kaliakair,Ratanpur,,,,,https://bdpost.gov.bd/pages/static-pages/6922dc3d933eb65569e0f312
গাজীপুর পোস্ট কোড,kaliakair,Chandura,,,,,https://bdpost.gov.bd/pages/static-pages/6922dc3d933eb65569e0f312
গাজীপুর পোস্ট কোড,kaliakair,Mowchak,,,,,https://bdpost.gov.bd/pages/static-pages/6922dc3d933eb65569e0f312
মানিকগঞ্জ পোস্ট কোড,Sadar,Manikgonj HO,,1800,,1,https://bdpost.gov.bd/pages/static-pages/6922dcc0933eb65569e11d77
মানিকগঞ্জ পোস্ট কোড,Sadar,Gorpara,,,,,https://bdpost.gov.bd/pages/static-pages/6922dcc0933eb65569e11d77
মানিকগঞ্জ পোস্ট কোড,Sadar,Borong Gail,,,,,https://bdpost.gov.bd/pages/static-pages/6922dcc0933eb65569e11d77
মানিকগঞ্জ পোস্ট কোড,Sadar,Mohadebpur,,,,,https://bdpost.gov.bd/pages/static-pages/6922dcc0933eb65569e11d77
মানিকগঞ্জ পোস্ট কোড,Sadar,Manikgonj Bazar,,,,,https://bdpost.gov.bd/pages/static-pages/6922dcc0933eb65569e11d77
মানিকগঞ্জ পোস্ট কোড,Sadar,Teota,,,,,https://bdpost.gov.bd/pages/static-pages/6922dcc0933eb65569e11d77
মানিকগঞ্জ পোস্ট কোড,Sadar,Uthuli,,,,,https://bdpost.gov.bd/pages/static-pages/6922dcc0933eb65569e11d77
মানিকগঞ্জ পোস্ট কোড,Sadar,Boikanthapur,,,,,https://bdpost.gov.bd/pages/static-pages/6922dcc0933eb65569e11d77
মানিকগঞ্জ পোস্ট কোড,Sadar,Balirtek,,,,,https://bdpost.gov.bd/pages/static-pages/6922dcc0933eb65569e11d77
মানিকগঞ্জ পোস্ট কোড,Sadar,Balora,,1800,,,https://bdpost.gov.bd/pages/static-pages/6922dcc0933eb65569e11d77
মানিকগঞ্জ পোস্ট কোড,Sadar,Baniyajuri,,,,,https://bdpost.gov.bd/pages/static-pages/6922dcc0933eb65569e11d77
মানিকগঞ্জ পোস্ট কোড,Sadar,Bongkhuri,,,,,https://bdpost.gov.bd/pages/static-pages/6922dcc0933eb65569e11d77
মানিকগঞ্জ পোস্ট কোড,Sadar,Boraid,,,,,https://bdpost.gov.bd/pages/static-pages/6922dcc0933eb65569e11d77
মানিকগঞ্জ পোস্ট কোড,Sadar,Boro Hatkora,,,,,https://bdpost.gov.bd/pages/static-pages/6922dcc0933eb65569e11d77
মানিকগঞ্জ পোস্ট কোড,Sadar,Barundi,,,,,https://bdpost.gov.bd/pages/static-pages/6922dcc0933eb65569e11d77
মানিকগঞ্জ পোস্ট কোড,Sadar,Betila,,,,,https://bdpost.gov.bd/pages/static-pages/6922dcc0933eb65569e11d77
মানিকগঞ্জ পোস্ট কোড,Sadar,Brikaliyakoir,,,,,https://bdpost.gov.bd/pages/static-pages/6922dcc0933eb65569e11d77
মানিকগঞ্জ পোস্ট কোড,Sadar,Chartilli,,,,,https://bdpost.gov.bd/pages/static-pages/6922dcc0933eb65569e11d77
মানিকগঞ্জ পোস্ট কোড,Sadar,Baraivikra,,,,,https://bdpost.gov.bd/pages/static-pages/6922dcc0933eb65569e11d77
মানিকগঞ্জ পোস্ট কোড,Sadar,Charghosta,,,,,https://bdpost.gov.bd/pages/static-pages/6922dcc0933eb65569e11d77
মানিকগঞ্জ পোস্ট কোড,Sadar,Dhankora,,,,,https://bdpost.gov.bd/pages/static-pages/6922dcc0933eb65569e11d77
মানিকগঞ্জ পোস্ট কোড,Sadar,V-Tarail,,,,,https://bdpost.gov.bd/pages/static-pages/6922dcc0933eb65569e11d77
মানিকগঞ্জ পোস্ট কোড,Sadar,Helachiya,,,,,https://bdpost.gov.bd/pages/static-pages/6922dcc0933eb65569e11d77
মানিকগঞ্জ পোস্ট কোড,Sadar,Intajganj,,,,,https://bdpost.gov.bd/pages/static-pages/6922dcc0933eb65569e11d77
মানিকগঞ্জ পোস্ট কোড,Sadar,Jagir,,,,,https://bdpost.gov.bd/pages/static-pages/6922dcc0933eb65569e11d77
মানিকগঞ্জ পোস্ট কোড,Sadar,Zanna Bazar,,,,,https://bdpost.gov.bd/pages/static-pages/6922dcc0933eb65569e11d77
মানিকগঞ্জ পোস্ট কোড,Sadar,Zarina College,,,,,https://bdpost.gov.bd/pages/static-pages/6922dcc0933eb65569e11d77
মানিকগঞ্জ পোস্ট কোড,Sadar,Koitra,,,,,https://bdpost.gov.bd/pages/static-pages/6922dcc0933eb65569e11d77
মানিকগঞ্জ পোস্ট কোড,Sadar,Koliya Bazar,,,,,https://bdpost.gov.bd/pages/static-pages/6922dcc0933eb65569e11d77
মানিকগঞ্জ পোস্ট কোড,Sadar,Kellai,,,,,https://bdpost.gov.bd/pages/static-pages/6922dcc0933eb65569e11d77
মানিকগঞ্জ পোস্ট কোড,Sadar,Koitora,,,,,https://bdpost.gov.bd/pages/static-pages/6922dcc0933eb65569e11d77
মানিকগঞ্জ পোস্ট কোড,Sadar,Khabaspur,,,,,https://bdpost.gov.bd/pages/static-pages/6922dcc0933eb65569e11d77
মানিকগঞ্জ পোস্ট কোড,Sadar,Lemubari,,,,,https://bdpost.gov.bd/pages/static-pages/6922dcc0933eb65569e11d77
মানিকগঞ্জ পোস্ট কোড,Sadar,Motto,,,,,https://bdpost.gov.bd/pages/static-pages/6922dcc0933eb65569e11d77
মানিকগঞ্জ পোস্ট কোড,Sadar,Mitara,,,,,https://bdpost.gov.bd/pages/static-pages/6922dcc0933eb65569e11d77
মানিকগঞ্জ পোস্ট কোড,Sadar,Muljan,,,,,https://bdpost.gov.bd/pages/static-pages/6922dcc0933eb65569e11d77
মানিকগঞ্জ পোস্ট কোড,Sadar,Nabogram,,,,,https://bdpost.gov.bd/pages/static-pages/6922dcc0933eb65569e11d77
মানিকগঞ্জ পোস্ট কোড,Sadar,Pecharkanda,,,,,https://bdpost.gov.bd/pages/static-pages/6922dcc0933eb65569e11d77
মানিকগঞ্জ পোস্ট কোড,Sadar,Pukhuriya,,,,,https://bdpost.gov.bd/pages/static-pages/6922dcc0933eb65569e11d77
মানিকগঞ্জ পোস্ট কোড,Sadar,Ramdiyanali,,,,,https://bdpost.gov.bd/pages/static-pages/6922dcc0933eb65569e11d77
মানিকগঞ্জ পোস্ট কোড,Sadar,Sakrail,,,,,https://bdpost.gov.bd/pages/static-pages/6922dcc0933eb65569e11d77
মানিকগঞ্জ পোস্ট কোড,Sadar,Chanka,,,,,https://bdpost.gov.bd/pages/static-pages/6922dcc0933eb65569e11d77
মানিকগঞ্জ পোস্ট কোড,Sadar,Tora,,,,,https://bdpost.gov.bd/pages/static-pages/6922dcc0933eb65569e11d77
মানিকগঞ্জ পোস্ট কোড,Sadar,Shushunda,,,,,https://bdpost.gov.bd/pages/static-pages/6922dcc0933eb65569e11d77
মানিকগঞ্জ পোস্ট কোড,Sadar,Tilli,,,,,https://bdpost.gov.bd/pages/static-pages/6922dcc0933eb65569e11d77
মানিকগঞ্জ পোস্ট কোড,Sadar,Joynagar,,,,,https://bdpost.gov.bd/pages/static-pages/6922dcc0933eb65569e11d77
মানিকগঞ্জ পোস্ট কোড,Sadar,Butuni,,,,,https://bdpost.gov.bd/pages/static-pages/6922dcc0933eb65569e11d77
মানিকগঞ্জ পোস্ট কোড,Sadar,Bayra,,,,,https://bdpost.gov.bd/pages/static-pages/6922dcc0933eb65569e11d77
মানিকগঞ্জ পোস্ট কোড,Sadar,Atigram,,,,,https://bdpost.gov.bd/pages/static-pages/6922dcc0933eb65569e11d77
মানিকগঞ্জ পোস্ট কোড,Sadar,Katigram,,,,,https://bdpost.gov.bd/pages/static-pages/6922dcc0933eb65569e11d77
মানিকগঞ্জ পোস্ট কোড,Sadar,Krishnapur,,,,,https://bdpost.gov.bd/pages/static-pages/6922dcc0933eb65569e11d77
মানিকগঞ্জ পোস্ট কোড,Sadar,Barahirchar,,,,,https://bdpost.gov.bd/pages/static-pages/6922dcc0933eb65569e11d77
মানিকগঞ্জ পোস্ট কোড,Sadar,Manikgonj Bazar EDSO,,1801,,2,https://bdpost.gov.bd/pages/static-pages/6922dcc0933eb65569e11d77
মানিকগঞ্জ পোস্ট কোড,Sadar,Gharpara EDSO,,1802,,3,https://bdpost.gov.bd/pages/static-pages/6922dcc0933eb65569e11d77
মানিকগঞ্জ পোস্ট কোড,Sadar,Mohadebpur EDSO,,1803,,4,https://bdpost.gov.bd/pages/static-pages/6922dcc0933eb65569e11d77
মানিকগঞ্জ পোস্ট কোড,Sadar,Barangail EDSO,,1804,,5,https://bdpost.gov.bd/pages/static-pages/6922dcc0933eb65569e11d77
মানিকগঞ্জ পোস্ট কোড,Saturia,Saturia UPO,,1810,,6,https://bdpost.gov.bd/pages/static-pages/6922dcc0933eb65569e11d77
মানিকগঞ্জ পোস্ট কোড,Saturia,Agsavar,,,,,https://bdpost.gov.bd/pages/static-pages/6922dcc0933eb65569e11d77
মানিকগঞ্জ পোস্ট কোড,Saturia,Dargram,,,,,https://bdpost.gov.bd/pages/static-pages/6922dcc0933eb65569e11d77
মানিকগঞ্জ পোস্ট কোড,Saturia,Gopalpur,,,,,https://bdpost.gov.bd/pages/static-pages/6922dcc0933eb65569e11d77
মানিকগঞ্জ পোস্ট কোড,Saturia,Hargoj,,,,,https://bdpost.gov.bd/pages/static-pages/6922dcc0933eb65569e11d77
মানিকগঞ্জ পোস্ট কোড,Saturia,Dighuliya,,,,,https://bdpost.gov.bd/pages/static-pages/6922dcc0933eb65569e11d77
মানিকগঞ্জ পোস্ট কোড,Saturia,Baliati SO,,1811,,7,https://bdpost.gov.bd/pages/static-pages/6922dcc0933eb65569e11d77
মানিকগঞ্জ পোস্ট কোড,Singair,Singair UPO,,1820,,8,https://bdpost.gov.bd/pages/static-pages/6922dcc0933eb65569e11d77
মানিকগঞ্জ পোস্ট কোড,Singair,Dholla Bazar,,,,,https://bdpost.gov.bd/pages/static-pages/6922dcc0933eb65569e11d77
মানিকগঞ্জ পোস্ট কোড,Singair,Charigram,,,,,https://bdpost.gov.bd/pages/static-pages/6922dcc0933eb65569e11d77
মানিকগঞ্জ পোস্ট কোড,Singair,Golardanga,,,,,https://bdpost.gov.bd/pages/static-pages/6922dcc0933eb65569e11d77
মানিকগঞ্জ পোস্ট কোড,Singair,Dokkhin Jamsha,,,,,https://bdpost.gov.bd/pages/static-pages/6922dcc0933eb65569e11d77
মানিকগঞ্জ পোস্ট কোড,Singair,Paril Nowarda,,,,,https://bdpost.gov.bd/pages/static-pages/6922dcc0933eb65569e11d77
মানিকগঞ্জ পোস্ট কোড,Singair,Choto Kaliakair,,,,,https://bdpost.gov.bd/pages/static-pages/6922dcc0933eb65569e11d77
মানিকগঞ্জ পোস্ট কোড,Singair,Boldhara,,,,,https://bdpost.gov.bd/pages/static-pages/6922dcc0933eb65569e11d77
মানিকগঞ্জ পোস্ট কোড,Singair,Irta,,,,,https://bdpost.gov.bd/pages/static-pages/6922dcc0933eb65569e11d77
মানিকগঞ্জ পোস্ট কোড,Singair,Bayra EDSO,,1821,,9,https://bdpost.gov.bd/pages/static-pages/6922dcc0933eb65569e11d77
মানিকগঞ্জ পোস্ট কোড,Singair,Joymantop EDSO,,1822,,10,https://bdpost.gov.bd/pages/static-pages/6922dcc0933eb65569e11d77
মানিকগঞ্জ পোস্ট কোড,Singair,Jamirta,,,,,https://bdpost.gov.bd/pages/static-pages/6922dcc0933eb65569e11d77
মানিকগঞ্জ পোস্ট কোড,Singair,Chandahar,,,,,https://bdpost.gov.bd/pages/static-pages/6922dcc0933eb65569e11d77
মানিকগঞ্জ পোস্ট কোড,Singair,Sirajpur,,,,,https://bdpost.gov.bd/pages/static-pages/6922dcc0933eb65569e11d77
মানিকগঞ্জ পোস্ট কোড,Singair,Sahrail,,,,,https://bdpost.gov.bd/pages/static-pages/6922dcc0933eb65569e11d77
মানিকগঞ্জ পোস্ট কোড,Lesragonj (Harirampur),Lesragonj (Harirampur) UPO,,1830,,11,https://bdpost.gov.bd/pages/static-pages/6922dcc0933eb65569e11d77
মানিকগঞ্জ পোস্ট কোড,Lesragonj (Harirampur),Chowdhury Bowali,,,,,https://bdpost.gov.bd/pages/static-pages/6922dcc0933eb65569e11d77
মানিকগঞ্জ পোস্ট কোড,Lesragonj (Harirampur),Ibrahimpur,,,,,https://bdpost.gov.bd/pages/static-pages/6922dcc0933eb65569e11d77
মানিকগঞ্জ পোস্ট কোড,Lesragonj (Harirampur),Harukandi,,,,,https://bdpost.gov.bd/pages/static-pages/6922dcc0933eb65569e11d77
মানিকগঞ্জ পোস্ট কোড,Lesragonj (Harirampur),Jatrapur,,,,,https://bdpost.gov.bd/pages/static-pages/6922dcc0933eb65569e11d77
মানিকগঞ্জ পোস্ট কোড,Lesragonj (Harirampur),Lokkhikul,,,,,https://bdpost.gov.bd/pages/static-pages/6922dcc0933eb65569e11d77
মানিকগঞ্জ পোস্ট কোড,Lesragonj (Harirampur),Purbo Khalilpur,,,,,https://bdpost.gov.bd/pages/static-pages/6922dcc0933eb65569e11d77
মানিকগঞ্জ পোস্ট কোড,Lesragonj (Harirampur),Sutalori,,,,,https://bdpost.gov.bd/pages/static-pages/6922dcc0933eb65569e11d77
মানিকগঞ্জ পোস্ট কোড,Lesragonj (Harirampur),Dakkhin Chandpur,,,,,https://bdpost.gov.bd/pages/static-pages/6922dcc0933eb65569e11d77
মানিকগঞ্জ পোস্ট কোড,Lesragonj (Harirampur),Jitka SO,,1831,,12,https://bdpost.gov.bd/pages/static-pages/6922dcc0933eb65569e11d77
মানিকগঞ্জ পোস্ট কোড,Lesragonj (Harirampur),Chala,,,,,https://bdpost.gov.bd/pages/static-pages/6922dcc0933eb65569e11d77
মানিকগঞ্জ পোস্ট কোড,Lesragonj (Harirampur),Diyabari,,,,,https://bdpost.gov.bd/pages/static-pages/6922dcc0933eb65569e11d77
মানিকগঞ্জ পোস্ট কোড,Lesragonj (Harirampur),Maluchi,,,,,https://bdpost.gov.bd/pages/static-pages/6922dcc0933eb65569e11d77
মানিকগঞ্জ পোস্ট কোড,Lesragonj (Harirampur),Ramkrishnapur,,,,,https://bdpost.gov.bd/pages/static-pages/6922dcc0933eb65569e11d77
মানিকগঞ্জ পোস্ট কোড,Lesragonj (Harirampur),Hatbijoynagar,,,,,https://bdpost.gov.bd/pages/static-pages/6922dcc0933eb65569e11d77
মানিকগঞ্জ পোস্ট কোড,Lesragonj (Harirampur),Notakhola,,,,,https://bdpost.gov.bd/pages/static-pages/6922dcc0933eb65569e11d77
মানিকগঞ্জ পোস্ট কোড,Lesragonj (Harirampur),Ujanpara,,,,,https://bdpost.gov.bd/pages/static-pages/6922dcc0933eb65569e11d77
মানিকগঞ্জ পোস্ট কোড,Lesragonj (Harirampur),Kanchanpur,,,,,https://bdpost.gov.bd/pages/static-pages/6922dcc0933eb65569e11d77
মানিকগঞ্জ পোস্ট কোড,Ghior,Ghior UPO,,1840,,13,https://bdpost.gov.bd/pages/static-pages/6922dcc0933eb65569e11d77
মানিকগঞ্জ পোস্ট কোড,Ghior,Borotiya,,,,,https://bdpost.gov.bd/pages/static-pages/6922dcc0933eb65569e11d77
মানিকগঞ্জ পোস্ট কোড,Ghior,Troshree,,,,,https://bdpost.gov.bd/pages/static-pages/6922dcc0933eb65569e11d77
মানিকগঞ্জ পোস্ট কোড,Ghior,Dhamshor,,,,,https://bdpost.gov.bd/pages/static-pages/6922dcc0933eb65569e11d77
মানিকগঞ্জ পোস্ট কোড,Ghior,Bangala,,,,,https://bdpost.gov.bd/pages/static-pages/6922dcc0933eb65569e11d77
মানিকগঞ্জ পোস্ট কোড,Shibalaya,Shibalaya UPO,,1850,,14,https://bdpost.gov.bd/pages/static-pages/6922dcc0933eb65569e11d77
মানিকগঞ্জ পোস্ট কোড,Shibalaya,Amdala,,,,,https://bdpost.gov.bd/pages/static-pages/6922dcc0933eb65569e11d77
মানিকগঞ্জ পোস্ট কোড,Shibalaya,Baghutiya,,,,,https://bdpost.gov.bd/pages/static-pages/6922dcc0933eb65569e11d77
মানিকগঞ্জ পোস্ট কোড,Shibalaya,Khalshi,,,,,https://bdpost.gov.bd/pages/static-pages/6922dcc0933eb65569e11d77
মানিকগঞ্জ পোস্ট কোড,Shibalaya,Nali,,,,,https://bdpost.gov.bd/pages/static-pages/6922dcc0933eb65569e11d77
মানিকগঞ্জ পোস্ট কোড,Shibalaya,Noyabari,,,,,https://bdpost.gov.bd/pages/static-pages/6922dcc0933eb65569e11d77
মানিকগঞ্জ পোস্ট কোড,Shibalaya,Jafarganj,,,,,https://bdpost.gov.bd/pages/static-pages/6922dcc0933eb65569e11d77
মানিকগঞ্জ পোস্ট কোড,Shibalaya,Rupshi,,,,,https://bdpost.gov.bd/pages/static-pages/6922dcc0933eb65569e11d77
মানিকগঞ্জ পোস্ট কোড,Shibalaya,Tepra,,,,,https://bdpost.gov.bd/pages/static-pages/6922dcc0933eb65569e11d77
মানিকগঞ্জ পোস্ট কোড,Shibalaya,Zeonpur,,,,,https://bdpost.gov.bd/pages/static-pages/6922dcc0933eb65569e11d77
মানিকগঞ্জ পোস্ট কোড,Shibalaya,Arichaghat SO,,1851,,15,https://bdpost.gov.bd/pages/static-pages/6922dcc0933eb65569e11d77
মানিকগঞ্জ পোস্ট কোড,Shibalaya,Teota EDSO,,1852,,16,https://bdpost.gov.bd/pages/static-pages/6922dcc0933eb65569e11d77
মানিকগঞ্জ পোস্ট কোড,Shibalaya,Uthali ED,,1853,,17,https://bdpost.gov.bd/pages/static-pages/6922dcc0933eb65569e11d77
মানিকগঞ্জ পোস্ট কোড,Daulatpur,Daulatpur UPO,,1860,,18,https://bdpost.gov.bd/pages/static-pages/6922dcc0933eb65569e11d77
মানিকগঞ্জ পোস্ট কোড,Daulatpur,Amtoli,,,,,https://bdpost.gov.bd/pages/static-pages/6922dcc0933eb65569e11d77
মানিকগঞ্জ পোস্ট কোড,Daulatpur,Chakmirpur,,,,,https://bdpost.gov.bd/pages/static-pages/6922dcc0933eb65569e11d77
মানিকগঞ্জ পোস্ট কোড,Daulatpur,Charmastul,,,,,https://bdpost.gov.bd/pages/static-pages/6922dcc0933eb65569e11d77
মানিকগঞ্জ পোস্ট কোড,Daulatpur,Taluknagar,,,,,https://bdpost.gov.bd/pages/static-pages/6922dcc0933eb65569e11d77
মানিকগঞ্জ পোস্ট কোড,Daulatpur,Charkatari,,,,,https://bdpost.gov.bd/pages/static-pages/6922dcc0933eb65569e11d77
মানিকগঞ্জ পোস্ট কোড,Daulatpur,Bachamara,,,,,https://bdpost.gov.bd/pages/static-pages/6922dcc0933eb65569e11d77
টাঙ্গাইল পোস্ট কোড,Sadar,Tangail HO,,1900,,1,https://bdpost.gov.bd/pages/static-pages/6922dd7b933eb65569e15334
টাঙ্গাইল পোস্ট কোড,Sadar,Mogra,,,,,https://bdpost.gov.bd/pages/static-pages/6922dd7b933eb65569e15334
টাঙ্গাইল পোস্ট কোড,Sadar,Makorkol,,,,,https://bdpost.gov.bd/pages/static-pages/6922dd7b933eb65569e15334
টাঙ্গাইল পোস্ট কোড,Sadar,Kagmari EDSO,,1901,,2,https://bdpost.gov.bd/pages/static-pages/6922dd7b933eb65569e15334
টাঙ্গাইল পোস্ট কোড,Sadar,Sontosh SO,,1902,,3,https://bdpost.gov.bd/pages/static-pages/6922dd7b933eb65569e15334
টাঙ্গাইল পোস্ট কোড,Sadar,Karatia SO,,1903,,4,https://bdpost.gov.bd/pages/static-pages/6922dd7b933eb65569e15334
টাঙ্গাইল পোস্ট কোড,Sadar,Purabari EDSO,,1904,,5,https://bdpost.gov.bd/pages/static-pages/6922dd7b933eb65569e15334
টাঙ্গাইল পোস্ট কোড,Deldoar,Deldoar UPO,,1910,,6,https://bdpost.gov.bd/pages/static-pages/6922dd7b933eb65569e15334
টাঙ্গাইল পোস্ট কোড,Deldoar,Hinganagar,,,,,https://bdpost.gov.bd/pages/static-pages/6922dd7b933eb65569e15334
টাঙ্গাইল পোস্ট কোড,Deldoar,Pathrail,,,,,https://bdpost.gov.bd/pages/static-pages/6922dd7b933eb65569e15334
টাঙ্গাইল পোস্ট কোড,Deldoar,Atiya Darga,,,,,https://bdpost.gov.bd/pages/static-pages/6922dd7b933eb65569e15334
টাঙ্গাইল পোস্ট কোড,Deldoar,Lauhati,,,,,https://bdpost.gov.bd/pages/static-pages/6922dd7b933eb65569e15334
টাঙ্গাইল পোস্ট কোড,Deldoar,Koijuri,,,,,https://bdpost.gov.bd/pages/static-pages/6922dd7b933eb65569e15334
টাঙ্গাইল পোস্ট কোড,Deldoar,Jangalia SO,,1911,,7,https://bdpost.gov.bd/pages/static-pages/6922dd7b933eb65569e15334
টাঙ্গাইল পোস্ট কোড,Deldoar,Patharia EDSO,,1912,,8,https://bdpost.gov.bd/pages/static-pages/6922dd7b933eb65569e15334
টাঙ্গাইল পোস্ট কোড,Deldoar,Elasin SO,,1913,,9,https://bdpost.gov.bd/pages/static-pages/6922dd7b933eb65569e15334
টাঙ্গাইল পোস্ট কোড,Deldoar,Hinganagar EDSO,,1914,,10,https://bdpost.gov.bd/pages/static-pages/6922dd7b933eb65569e15334
টাঙ্গাইল পোস্ট কোড,Deldoar,Lahati EDSO,,1915,,11,https://bdpost.gov.bd/pages/static-pages/6922dd7b933eb65569e15334
টাঙ্গাইল পোস্ট কোড,Basail,Basail UPO,,1920,,12,https://bdpost.gov.bd/pages/static-pages/6922dd7b933eb65569e15334
টাঙ্গাইল পোস্ট কোড,Basail,Aisora,,,,,https://bdpost.gov.bd/pages/static-pages/6922dd7b933eb65569e15334
টাঙ্গাইল পোস্ট কোড,Basail,Fulki Jhanjhaniya,,,,,https://bdpost.gov.bd/pages/static-pages/6922dd7b933eb65569e15334
টাঙ্গাইল পোস্ট কোড,Basail,Tenguriyapara,,,,,https://bdpost.gov.bd/pages/static-pages/6922dd7b933eb65569e15334
টাঙ্গাইল পোস্ট কোড,Khas Kaolia,Khas Kaolia UPO (Chowhali thana at Serajgonj District),,1921,,13,https://bdpost.gov.bd/pages/static-pages/6922dd7b933eb65569e15334
টাঙ্গাইল পোস্ট কোড,Nagarpur,Nagarpur UPO,,1936,,14,https://bdpost.gov.bd/pages/static-pages/6922dd7b933eb65569e15334
টাঙ্গাইল পোস্ট কোড,Nagarpur,Konra,,,,,https://bdpost.gov.bd/pages/static-pages/6922dd7b933eb65569e15334
টাঙ্গাইল পোস্ট কোড,Nagarpur,Khash Shahjani,,,,,https://bdpost.gov.bd/pages/static-pages/6922dd7b933eb65569e15334
টাঙ্গাইল পোস্ট কোড,Nagarpur,Doboria SO,,1937,,15,https://bdpost.gov.bd/pages/static-pages/6922dd7b933eb65569e15334
টাঙ্গাইল পোস্ট কোড,Nagarpur,Salimabad EDSO,,1938,,16,https://bdpost.gov.bd/pages/static-pages/6922dd7b933eb65569e15334
টাঙ্গাইল পোস্ট কোড,Mirzapur,Mirzapur UPO,,1940,,17,https://bdpost.gov.bd/pages/static-pages/6922dd7b933eb65569e15334
টাঙ্গাইল পোস্ট কোড,Mirzapur,Kuripara,,,,,https://bdpost.gov.bd/pages/static-pages/6922dd7b933eb65569e15334
টাঙ্গাইল পোস্ট কোড,Mirzapur,Mirzapur Cadet College,,,,,https://bdpost.gov.bd/pages/static-pages/6922dd7b933eb65569e15334
টাঙ্গাইল পোস্ট কোড,Mirzapur,Gurhai SO,,1941,,18,https://bdpost.gov.bd/pages/static-pages/6922dd7b933eb65569e15334
টাঙ্গাইল পোস্ট কোড,Mirzapur,MC College EDSO,,1942,,19,https://bdpost.gov.bd/pages/static-pages/6922dd7b933eb65569e15334
টাঙ্গাইল পোস্ট কোড,Mirzapur,Warshi Paikpara SO,,1943,,20,https://bdpost.gov.bd/pages/static-pages/6922dd7b933eb65569e15334
টাঙ্গাইল পোস্ট কোড,Mirzapur,Jamurkhi SO,,1944,,21,https://bdpost.gov.bd/pages/static-pages/6922dd7b933eb65569e15334
টাঙ্গাইল পোস্ট কোড,Mirzapur,Mahera SO,,1945,,22,https://bdpost.gov.bd/pages/static-pages/6922dd7b933eb65569e15334
টাঙ্গাইল পোস্ট কোড,Shakhipur,Shakhipur UPO,,1950,,23,https://bdpost.gov.bd/pages/static-pages/6922dd7b933eb65569e15334
টাঙ্গাইল পোস্ট কোড,Shakhipur,Kochua,,,,,https://bdpost.gov.bd/pages/static-pages/6922dd7b933eb65569e15334
টাঙ্গাইল পোস্ট কোড,Shakhipur,Indarjani,,,,,https://bdpost.gov.bd/pages/static-pages/6922dd7b933eb65569e15334
টাঙ্গাইল পোস্ট কোড,Shakhipur,Kachua EDSO,,1951,,24,https://bdpost.gov.bd/pages/static-pages/6922dd7b933eb65569e15334
টাঙ্গাইল পোস্ট কোড,Bhuapur,Bhuapur UPO,,1960,,25,https://bdpost.gov.bd/pages/static-pages/6922dd7b933eb65569e15334
টাঙ্গাইল পোস্ট কোড,Bhuapur,Nikrail,,,,,https://bdpost.gov.bd/pages/static-pages/6922dd7b933eb65569e15334
টাঙ্গাইল পোস্ট কোড,Bhuapur,Palisha Matikata,,,,,https://bdpost.gov.bd/pages/static-pages/6922dd7b933eb65569e15334
টাঙ্গাইল পোস্ট কোড,Bhuapur,Charoshshua,,,,,https://bdpost.gov.bd/pages/static-pages/6922dd7b933eb65569e15334
টাঙ্গাইল পোস্ট কোড,Bhuapur,Dhubliya,,,,,https://bdpost.gov.bd/pages/static-pages/6922dd7b933eb65569e15334
টাঙ্গাইল পোস্ট কোড,Bhuapur,Nalin Bazar,,,,,https://bdpost.gov.bd/pages/static-pages/6922dd7b933eb65569e15334
টাঙ্গাইল পোস্ট কোড,Bhuapur,Arjuna,,,,,https://bdpost.gov.bd/pages/static-pages/6922dd7b933eb65569e15334
টাঙ্গাইল পোস্ট কোড,Kalihati,Kalihati UPO,,1970,,26,https://bdpost.gov.bd/pages/static-pages/6922dd7b933eb65569e15334
টাঙ্গাইল পোস্ট কোড,Kalihati,Chati Hati,,,,,https://bdpost.gov.bd/pages/static-pages/6922dd7b933eb65569e15334
টাঙ্গাইল পোস্ট কোড,Kalihati,Nagbari,,,,,https://bdpost.gov.bd/pages/static-pages/6922dd7b933eb65569e15334
টাঙ্গাইল পোস্ট কোড,Kalihati,Rajakair EDSO,,1971,,27,https://bdpost.gov.bd/pages/static-pages/6922dd7b933eb65569e15334
টাঙ্গাইল পোস্ট কোড,Kalihati,Nagbari EDSO,,1972,,28,https://bdpost.gov.bd/pages/static-pages/6922dd7b933eb65569e15334
টাঙ্গাইল পোস্ট কোড,Kalihati,Balla Bazar SO,,1973,,29,https://bdpost.gov.bd/pages/static-pages/6922dd7b933eb65569e15334
টাঙ্গাইল পোস্ট কোড,Kalihati,Alega SO,,1974,,30,https://bdpost.gov.bd/pages/static-pages/6922dd7b933eb65569e15334
টাঙ্গাইল পোস্ট কোড,Kalihati,Palisha EDSO,,1975,,31,https://bdpost.gov.bd/pages/static-pages/6922dd7b933eb65569e15334
টাঙ্গাইল পোস্ট কোড,Kalihati,Nagorbari SO,,1977,,32,https://bdpost.gov.bd/pages/static-pages/6922dd7b933eb65569e15334
টাঙ্গাইল পোস্ট কোড,Ghatail,Ghatail UPO,,1980,,33,https://bdpost.gov.bd/pages/static-pages/6922dd7b933eb65569e15334
টাঙ্গাইল পোস্ট কোড,Ghatail,Kadomtoli,,,,,https://bdpost.gov.bd/pages/static-pages/6922dd7b933eb65569e15334
টাঙ্গাইল পোস্ট কোড,Ghatail,Kaliyagram,,,,,https://bdpost.gov.bd/pages/static-pages/6922dd7b933eb65569e15334
টাঙ্গাইল পোস্ট কোড,Ghatail,Dewpara,,,,,https://bdpost.gov.bd/pages/static-pages/6922dd7b933eb65569e15334
টাঙ্গাইল পোস্ট কোড,Ghatail,Bagundali,,,,,https://bdpost.gov.bd/pages/static-pages/6922dd7b933eb65569e15334
টাঙ্গাইল পোস্ট কোড,Ghatail,Vabondotto,,,,,https://bdpost.gov.bd/pages/static-pages/6922dd7b933eb65569e15334
টাঙ্গাইল পোস্ট কোড,Ghatail,Shahi Anuhola,,,,,https://bdpost.gov.bd/pages/static-pages/6922dd7b933eb65569e15334
টাঙ্গাইল পোস্ট কোড,Ghatail,Jahidganj,,,,,https://bdpost.gov.bd/pages/static-pages/6922dd7b933eb65569e15334
টাঙ্গাইল পোস্ট কোড,Ghatail,D Pakutiya,,,,,https://bdpost.gov.bd/pages/static-pages/6922dd7b933eb65569e15334
টাঙ্গাইল পোস্ট কোড,Ghatail,Jahingonj EDSO,,1981,,34,https://bdpost.gov.bd/pages/static-pages/6922dd7b933eb65569e15334
টাঙ্গাইল পোস্ট কোড,Ghatail,D. Pakutia EDSO,,1982,,35,https://bdpost.gov.bd/pages/static-pages/6922dd7b933eb65569e15334
টাঙ্গাইল পোস্ট কোড,Ghatail,Dhalapara SO,,1983,,36,https://bdpost.gov.bd/pages/static-pages/6922dd7b933eb65569e15334
টাঙ্গাইল পোস্ট কোড,Ghatail,LS Dighi SO,,1984,,37,https://bdpost.gov.bd/pages/static-pages/6922dd7b933eb65569e15334
টাঙ্গাইল পোস্ট কোড,Gopalpur,Gopalpur UPO,,1990,,38,https://bdpost.gov.bd/pages/static-pages/6922dd7b933eb65569e15334
টাঙ্গাইল পোস্ট কোড,Gopalpur,Hadira Bazar,,,,,https://bdpost.gov.bd/pages/static-pages/6922dd7b933eb65569e15334
টাঙ্গাইল পোস্ট কোড,Gopalpur,Vengua,,,,,https://bdpost.gov.bd/pages/static-pages/6922dd7b933eb65569e15334
টাঙ্গাইল পোস্ট কোড,Gopalpur,Jhaoali So,,1991,,39,https://bdpost.gov.bd/pages/static-pages/6922dd7b933eb65569e15334
টাঙ্গাইল পোস্ট কোড,Gopalpur,Hemnagar SO,,1992,,40,https://bdpost.gov.bd/pages/static-pages/6922dd7b933eb65569e15334
টাঙ্গাইল পোস্ট কোড,Madhupur,Madhupur UPO,,1996,,41,https://bdpost.gov.bd/pages/static-pages/6922dd7b933eb65569e15334
টাঙ্গাইল পোস্ট কোড,Madhupur,Rajafoir,,,,,https://bdpost.gov.bd/pages/static-pages/6922dd7b933eb65569e15334
টাঙ্গাইল পোস্ট কোড,Madhupur,Sholakura,,,,,https://bdpost.gov.bd/pages/static-pages/6922dd7b933eb65569e15334
টাঙ্গাইল পোস্ট কোড,Madhupur,Dhanbari EDSO,,1997,,42,https://bdpost.gov.bd/pages/static-pages/6922dd7b933eb65569e15334
জামালপুর পোস্ট কোড,Sadar,Jamalpur Ho,,2000,,1,https://bdpost.gov.bd/pages/static-pages/6922e10f933eb65569e29f1a
জামালপুর পোস্ট কোড,Sadar,Nandina SO,,2001,,2,https://bdpost.gov.bd/pages/static-pages/6922e10f933eb65569e29f1a
জামালপুর পোস্ট কোড,Sadar,Nurundi SO,,2002,,3,https://bdpost.gov.bd/pages/static-pages/6922e10f933eb65569e29f1a
জামালপুর পোস্ট কোড,Melandah,Melandah UPO,,2010,,4,https://bdpost.gov.bd/pages/static-pages/6922e10f933eb65569e29f1a
জামালপুর পোস্ট কোড,Melandah,Jalalpur EDSO,,2011,,5,https://bdpost.gov.bd/pages/static-pages/6922e10f933eb65569e29f1a
জামালপুর পোস্ট কোড,Melandah,Malancha SO,,2012,,6,https://bdpost.gov.bd/pages/static-pages/6922e10f933eb65569e29f1a
জামালপুর পোস্ট কোড,Melandah,Mahmudpur EDSO,,2013,,7,https://bdpost.gov.bd/pages/static-pages/6922e10f933eb65569e29f1a
জামালপুর পোস্ট কোড,Islampur,Islampur UPO,,2020,,8,https://bdpost.gov.bd/pages/static-pages/6922e10f933eb65569e29f1a
জামালপুর পোস্ট কোড,Islampur,Durmot SO,,2021,,9,https://bdpost.gov.bd/pages/static-pages/6922e10f933eb65569e29f1a
জামালপুর পোস্ট কোড,Islampur,Gilabari SO,,2022,,10,https://bdpost.gov.bd/pages/static-pages/6922e10f933eb65569e29f1a
জামালপুর পোস্ট কোড,Dewangonj,Dewangonj UPO,,2030,,11,https://bdpost.gov.bd/pages/static-pages/6922e10f933eb65569e29f1a
জামালপুর পোস্ট কোড,Dewangonj,Dewangonj S Mills SO,,2031,,12,https://bdpost.gov.bd/pages/static-pages/6922e10f933eb65569e29f1a
জামালপুর পোস্ট কোড,Madargonj,Madargonj UPO,,2040,,13,https://bdpost.gov.bd/pages/static-pages/6922e10f933eb65569e29f1a
জামালপুর পোস্ট কোড,Madargonj,Balijuri SO,,2041,,14,https://bdpost.gov.bd/pages/static-pages/6922e10f933eb65569e29f1a
জামালপুর পোস্ট কোড,Sarishabari,Sarishabari UPO,,2050,,15,https://bdpost.gov.bd/pages/static-pages/6922e10f933eb65569e29f1a
জামালপুর পোস্ট কোড,Sarishabari,Gunabari SO,,2051,,16,https://bdpost.gov.bd/pages/static-pages/6922e10f933eb65569e29f1a
জামালপুর পোস্ট কোড,Sarishabari,Baushi Banguli SO,,2052,,17,https://bdpost.gov.bd/pages/static-pages/6922e10f933eb65569e29f1a
জামালপুর পোস্ট কোড,Sarishabari,Jagannatghat SO,,2053,,18,https://bdpost.gov.bd/pages/static-pages/6922e10f933eb65569e29f1a
জামালপুর পোস্ট কোড,Sarishabari,Pingna SO,,2054,,19,https://bdpost.gov.bd/pages/static-pages/6922e10f933eb65569e29f1a
জামালপুর পোস্ট কোড,Sarishabari,Jamuna FF SO,,2055,,20,https://bdpost.gov.bd/pages/static-pages/6922e10f933eb65569e29f1a
শেরপুর পোস্ট কোড,sadar,Sherpur HO,,2100,,1,https://bdpost.gov.bd/pages/static-pages/6922e064933eb65569e26d35
শেরপুর পোস্ট কোড,Nalitabari,Nalitabari UPO,,2110,,2,https://bdpost.gov.bd/pages/static-pages/6922e064933eb65569e26d35
শেরপুর পোস্ট কোড,Nalitabari,Latifpur,,,,,https://bdpost.gov.bd/pages/static-pages/6922e064933eb65569e26d35
শেরপুর পোস্ট কোড,Nalitabari,Hati Banda SO,,2111,,3,https://bdpost.gov.bd/pages/static-pages/6922e064933eb65569e26d35
শেরপুর পোস্ট কোড,Jenaigati,Jenaigati UPO,,2120,,4,https://bdpost.gov.bd/pages/static-pages/6922e064933eb65569e26d35
শেরপুর পোস্ট কোড,Sreebardi,Sreebardi UPO,,2130,,5,https://bdpost.gov.bd/pages/static-pages/6922e064933eb65569e26d35
শেরপুর পোস্ট কোড,Bakshigonj,Bakshigonj,,2140,,6,https://bdpost.gov.bd/pages/static-pages/6922e064933eb65569e26d35
শেরপুর পোস্ট কোড,Nakla,Nakla UPO,,2150,,7,https://bdpost.gov.bd/pages/static-pages/6922e064933eb65569e26d35
শেরপুর পোস্ট কোড,Nakla,Ganapaddi SO,,2151,,8,https://bdpost.gov.bd/pages/static-pages/6922e064933eb65569e26d35
কিশোরগঞ্জ পোস্ট কোড,Sadar,Kishoregonj HO,,2300,,1,https://bdpost.gov.bd/pages/static-pages/6922e12c933eb65569e2aaaf
কিশোরগঞ্জ পোস্ট কোড,Sadar,Amirganj,,,,2,https://bdpost.gov.bd/pages/static-pages/6922e12c933eb65569e2aaaf
কিশোরগঞ্জ পোস্ট কোড,Sadar,Uradighi Madrasa,,,,3,https://bdpost.gov.bd/pages/static-pages/6922e12c933eb65569e2aaaf
কিশোরগঞ্জ পোস্ট কোড,Sadar,Kariyail,,,,4,https://bdpost.gov.bd/pages/static-pages/6922e12c933eb65569e2aaaf
কিশোরগঞ্জ পোস্ট কোড,Sadar,Bawlai,,,,5,https://bdpost.gov.bd/pages/static-pages/6922e12c933eb65569e2aaaf
কিশোরগঞ্জ পোস্ট কোড,Sadar,Brahamankachori,,,,6,https://bdpost.gov.bd/pages/static-pages/6922e12c933eb65569e2aaaf
কিশোরগঞ্জ পোস্ট কোড,Sadar,Mathiya,,,,7,https://bdpost.gov.bd/pages/static-pages/6922e12c933eb65569e2aaaf
কিশোরগঞ্জ পোস্ট কোড,Sadar,Jasodal,,,,8,https://bdpost.gov.bd/pages/static-pages/6922e12c933eb65569e2aaaf
কিশোরগঞ্জ পোস্ট কোড,Sadar,Nilganj,,,,9,https://bdpost.gov.bd/pages/static-pages/6922e12c933eb65569e2aaaf
কিশোরগঞ্জ পোস্ট কোড,Sadar,Kodaliya,,,,10,https://bdpost.gov.bd/pages/static-pages/6922e12c933eb65569e2aaaf
কিশোরগঞ্জ পোস্ট কোড,Sadar,Chauddasata,,,,11,https://bdpost.gov.bd/pages/static-pages/6922e12c933eb65569e2aaaf
কিশোরগঞ্জ পোস্ট কোড,Sadar,Joybangla,,,,12,https://bdpost.gov.bd/pages/static-pages/6922e12c933eb65569e2aaaf
কিশোরগঞ্জ পোস্ট কোড,Sadar,Binnati,,,,13,https://bdpost.gov.bd/pages/static-pages/6922e12c933eb65569e2aaaf
কিশোরগঞ্জ পোস্ট কোড,Sadar,Salpamariya,,,,14,https://bdpost.gov.bd/pages/static-pages/6922e12c933eb65569e2aaaf
কিশোরগঞ্জ পোস্ট কোড,Sadar,Kodalatiya,,,,15,https://bdpost.gov.bd/pages/static-pages/6922e12c933eb65569e2aaaf
কিশোরগঞ্জ পোস্ট কোড,Sadar,Kishoregonj S Mills SO,,2301,,16,https://bdpost.gov.bd/pages/static-pages/6922e12c933eb65569e2aaaf
কিশোরগঞ্জ পোস্ট কোড,Sadar,Maijhati EDSO,,2302,,17,https://bdpost.gov.bd/pages/static-pages/6922e12c933eb65569e2aaaf
কিশোরগঞ্জ পোস্ট কোড,Sadar,Nilgonj EDSO,,2303,,18,https://bdpost.gov.bd/pages/static-pages/6922e12c933eb65569e2aaaf
কিশোরগঞ্জ পোস্ট কোড,Karimgonj,Karimgonj UPO,,2310,,19,https://bdpost.gov.bd/pages/static-pages/6922e12c933eb65569e2aaaf
কিশোরগঞ্জ পোস্ট কোড,Karimgonj,Gujadia,,,,20,https://bdpost.gov.bd/pages/static-pages/6922e12c933eb65569e2aaaf
কিশোরগঞ্জ পোস্ট কোড,Karimgonj,Jangalbari,,,,21,https://bdpost.gov.bd/pages/static-pages/6922e12c933eb65569e2aaaf
কিশোরগঞ্জ পোস্ট কোড,Karimgonj,Joyka,,,,22,https://bdpost.gov.bd/pages/static-pages/6922e12c933eb65569e2aaaf
কিশোরগঞ্জ পোস্ট কোড,Karimgonj,Nansri,,,,23,https://bdpost.gov.bd/pages/static-pages/6922e12c933eb65569e2aaaf
কিশোরগঞ্জ পোস্ট কোড,Karimgonj,Parabaliya,,,,24,https://bdpost.gov.bd/pages/static-pages/6922e12c933eb65569e2aaaf
কিশোরগঞ্জ পোস্ট কোড,Karimgonj,Niyamatpur,,,,25,https://bdpost.gov.bd/pages/static-pages/6922e12c933eb65569e2aaaf
কিশোরগঞ্জ পোস্ট কোড,Karimgonj,Namapara,,,,26,https://bdpost.gov.bd/pages/static-pages/6922e12c933eb65569e2aaaf
কিশোরগঞ্জ পোস্ট কোড,Karimgonj,Dehunada Bazar,,,,27,https://bdpost.gov.bd/pages/static-pages/6922e12c933eb65569e2aaaf
কিশোরগঞ্জ পোস্ট কোড,Tarail,Tarail UPO,,2316,,28,https://bdpost.gov.bd/pages/static-pages/6922e12c933eb65569e2aaaf
কিশোরগঞ্জ পোস্ট কোড,Tarail,Taljanga,,,,29,https://bdpost.gov.bd/pages/static-pages/6922e12c933eb65569e2aaaf
কিশোরগঞ্জ পোস্ট কোড,Tarail,Damiha,,,,30,https://bdpost.gov.bd/pages/static-pages/6922e12c933eb65569e2aaaf
কিশোরগঞ্জ পোস্ট কোড,Tarail,Akubpur,,,,31,https://bdpost.gov.bd/pages/static-pages/6922e12c933eb65569e2aaaf
কিশোরগঞ্জ পোস্ট কোড,Tarail,Banail,,,,32,https://bdpost.gov.bd/pages/static-pages/6922e12c933eb65569e2aaaf
কিশোরগঞ্জ পোস্ট কোড,Tarail,Purba Darijahangipur,,,,33,https://bdpost.gov.bd/pages/static-pages/6922e12c933eb65569e2aaaf
কিশোরগঞ্জ পোস্ট কোড,Tarail,Purura,,,,34,https://bdpost.gov.bd/pages/static-pages/6922e12c933eb65569e2aaaf
কিশোরগঞ্জ পোস্ট কোড,Tarail,Jaoyar,,,,35,https://bdpost.gov.bd/pages/static-pages/6922e12c933eb65569e2aaaf
কিশোরগঞ্জ পোস্ট কোড,Tarail,Sekandor Nagar,,,,36,https://bdpost.gov.bd/pages/static-pages/6922e12c933eb65569e2aaaf
কিশোরগঞ্জ পোস্ট কোড,Tarail,Kajla Bazar,,,,37,https://bdpost.gov.bd/pages/static-pages/6922e12c933eb65569e2aaaf
কিশোরগঞ্জ পোস্ট কোড,Hussainpur,Hussainpur UPO,,2320,,38,https://bdpost.gov.bd/pages/static-pages/6922e12c933eb65569e2aaaf
কিশোরগঞ্জ পোস্ট কোড,Hussainpur,Gobindopur,,,,39,https://bdpost.gov.bd/pages/static-pages/6922e12c933eb65569e2aaaf
কিশোরগঞ্জ পোস্ট কোড,Hussainpur,Gangatiya,,,,40,https://bdpost.gov.bd/pages/static-pages/6922e12c933eb65569e2aaaf
কিশোরগঞ্জ পোস্ট কোড,Hussainpur,Charpomdi,,,,41,https://bdpost.gov.bd/pages/static-pages/6922e12c933eb65569e2aaaf
কিশোরগঞ্জ পোস্ট কোড,Hussainpur,Pumdi,,,,42,https://bdpost.gov.bd/pages/static-pages/6922e12c933eb65569e2aaaf
কিশোরগঞ্জ পোস্ট কোড,Hussainpur,Surati,,,,43,https://bdpost.gov.bd/pages/static-pages/6922e12c933eb65569e2aaaf
কিশোরগঞ্জ পোস্ট কোড,Hussainpur,Ashutiya,,,,44,https://bdpost.gov.bd/pages/static-pages/6922e12c933eb65569e2aaaf
কিশোরগঞ্জ পোস্ট কোড,Hussainpur,Kurimara,,,,45,https://bdpost.gov.bd/pages/static-pages/6922e12c933eb65569e2aaaf
কিশোরগঞ্জ পোস্ট কোড,Hussainpur,Jamail,,,,46,https://bdpost.gov.bd/pages/static-pages/6922e12c933eb65569e2aaaf
কিশোরগঞ্জ পোস্ট কোড,Hussainpur,Shiplakandi,,,,47,https://bdpost.gov.bd/pages/static-pages/6922e12c933eb65569e2aaaf
কিশোরগঞ্জ পোস্ট কোড,Hussainpur,Mechera,,,,48,https://bdpost.gov.bd/pages/static-pages/6922e12c933eb65569e2aaaf
কিশোরগঞ্জ পোস্ট কোড,Hussainpur,Sahedal,,,,49,https://bdpost.gov.bd/pages/static-pages/6922e12c933eb65569e2aaaf
কিশোরগঞ্জ পোস্ট কোড,Hussainpur,Harenja,,,,50,https://bdpost.gov.bd/pages/static-pages/6922e12c933eb65569e2aaaf
কিশোরগঞ্জ পোস্ট কোড,Pakundi,Pakundi UPO,,2326,,51,https://bdpost.gov.bd/pages/static-pages/6922e12c933eb65569e2aaaf
কিশোরগঞ্জ পোস্ট কোড,Pakundi,Sukhia,,,,52,https://bdpost.gov.bd/pages/static-pages/6922e12c933eb65569e2aaaf
কিশোরগঞ্জ পোস্ট কোড,Pakundi,Angiyadi,,,,53,https://bdpost.gov.bd/pages/static-pages/6922e12c933eb65569e2aaaf
কিশোরগঞ্জ পোস্ট কোড,Pakundi,Charforadi,,,,54,https://bdpost.gov.bd/pages/static-pages/6922e12c933eb65569e2aaaf
কিশোরগঞ্জ পোস্ট কোড,Pakundi,Taltala,,,,55,https://bdpost.gov.bd/pages/static-pages/6922e12c933eb65569e2aaaf
কিশোরগঞ্জ পোস্ট কোড,Pakundi,Purba Narandi,,,,56,https://bdpost.gov.bd/pages/static-pages/6922e12c933eb65569e2aaaf
কিশোরগঞ্জ পোস্ট কোড,Pakundi,Pankchir,,,,57,https://bdpost.gov.bd/pages/static-pages/6922e12c933eb65569e2aaaf
কিশোরগঞ্জ পোস্ট কোড,Pakundi,Bhadiya,,,,58,https://bdpost.gov.bd/pages/static-pages/6922e12c933eb65569e2aaaf
কিশোরগঞ্জ পোস্ট কোড,Pakundi,Mathkhola,,,,59,https://bdpost.gov.bd/pages/static-pages/6922e12c933eb65569e2aaaf
কিশোরগঞ্জ পোস্ট কোড,Pakundi,Lakshia,,,,60,https://bdpost.gov.bd/pages/static-pages/6922e12c933eb65569e2aaaf
কিশোরগঞ্জ পোস্ট কোড,Pakundi,Hosendi,,,,61,https://bdpost.gov.bd/pages/static-pages/6922e12c933eb65569e2aaaf
কিশোরগঞ্জ পোস্ট কোড,Pakundi,Patuabhanga,,,,62,https://bdpost.gov.bd/pages/static-pages/6922e12c933eb65569e2aaaf
কিশোরগঞ্জ পোস্ট কোড,Pakundi,Charkaona,,,,63,https://bdpost.gov.bd/pages/static-pages/6922e12c933eb65569e2aaaf
কিশোরগঞ্জ পোস্ট কোড,Pakundi,Jangaliya,,,,64,https://bdpost.gov.bd/pages/static-pages/6922e12c933eb65569e2aaaf
কিশোরগঞ্জ পোস্ট কোড,Pakundi,Tarakandi,,,,65,https://bdpost.gov.bd/pages/static-pages/6922e12c933eb65569e2aaaf
কিশোরগঞ্জ পোস্ট কোড,Pakundi,Maijhati EDSO,,,,66,https://bdpost.gov.bd/pages/static-pages/6922e12c933eb65569e2aaaf
কিশোরগঞ্জ পোস্ট কোড,Pakundi,Burudia,,,,67,https://bdpost.gov.bd/pages/static-pages/6922e12c933eb65569e2aaaf
কিশোরগঞ্জ পোস্ট কোড,Pakundi,Kaladiya,,,,68,https://bdpost.gov.bd/pages/static-pages/6922e12c933eb65569e2aaaf
কিশোরগঞ্জ পোস্ট কোড,Kathiadi,Kathiadi UPO,,2330,,69,https://bdpost.gov.bd/pages/static-pages/6922e12c933eb65569e2aaaf
কিশোরগঞ্জ পোস্ট কোড,Kathiadi,Bethair,,,,70,https://bdpost.gov.bd/pages/static-pages/6922e12c933eb65569e2aaaf
কিশোরগঞ্জ পোস্ট কোড,Kathiadi,Acmita,,,,71,https://bdpost.gov.bd/pages/static-pages/6922e12c933eb65569e2aaaf
কিশোরগঞ্জ পোস্ট কোড,Kathiadi,Moddhopara,,,,72,https://bdpost.gov.bd/pages/static-pages/6922e12c933eb65569e2aaaf
কিশোরগঞ্জ পোস্ট কোড,Kathiadi,Union Jalalpur,,,,73,https://bdpost.gov.bd/pages/static-pages/6922e12c933eb65569e2aaaf
কিশোরগঞ্জ পোস্ট কোড,Kathiadi,Boyalia,,,,74,https://bdpost.gov.bd/pages/static-pages/6922e12c933eb65569e2aaaf
কিশোরগঞ্জ পোস্ট কোড,Kathiadi,Betal,,,,75,https://bdpost.gov.bd/pages/static-pages/6922e12c933eb65569e2aaaf
কিশোরগঞ্জ পোস্ট কোড,Kathiadi,Masuya,,,,76,https://bdpost.gov.bd/pages/static-pages/6922e12c933eb65569e2aaaf
কিশোরগঞ্জ পোস্ট কোড,Kathiadi,Bairagirchar,,,,77,https://bdpost.gov.bd/pages/static-pages/6922e12c933eb65569e2aaaf
কিশোরগঞ্জ পোস্ট কোড,Kathiadi,Mumurdia,,,,78,https://bdpost.gov.bd/pages/static-pages/6922e12c933eb65569e2aaaf
কিশোরগঞ্জ পোস্ট কোড,Kathiadi,Jambait,,,,79,https://bdpost.gov.bd/pages/static-pages/6922e12c933eb65569e2aaaf
কিশোরগঞ্জ পোস্ট কোড,Kathiadi,Charpukiya,,,,80,https://bdpost.gov.bd/pages/static-pages/6922e12c933eb65569e2aaaf
কিশোরগঞ্জ পোস্ট কোড,Kathiadi,Gachhi Hata SO,,,,81,https://bdpost.gov.bd/pages/static-pages/6922e12c933eb65569e2aaaf
কিশোরগঞ্জ পোস্ট কোড,Kathiadi,Pardiyakul,,,,82,https://bdpost.gov.bd/pages/static-pages/6922e12c933eb65569e2aaaf
কিশোরগঞ্জ পোস্ট কোড,Kathiadi,Manikkhali,,,,83,https://bdpost.gov.bd/pages/static-pages/6922e12c933eb65569e2aaaf
কিশোরগঞ্জ পোস্ট কোড,Kathiadi,Dhankipara,,,,84,https://bdpost.gov.bd/pages/static-pages/6922e12c933eb65569e2aaaf
কিশোরগঞ্জ পোস্ট কোড,Kathiadi,Catal,,,,85,https://bdpost.gov.bd/pages/static-pages/6922e12c933eb65569e2aaaf
কিশোরগঞ্জ পোস্ট কোড,Kathiadi,Banagram,,,,86,https://bdpost.gov.bd/pages/static-pages/6922e12c933eb65569e2aaaf
কিশোরগঞ্জ পোস্ট কোড,Kathiadi,Kargau,,2331,,87,https://bdpost.gov.bd/pages/static-pages/6922e12c933eb65569e2aaaf
কিশোরগঞ্জ পোস্ট কোড,Kathiadi,Lohajuri,,,,88,https://bdpost.gov.bd/pages/static-pages/6922e12c933eb65569e2aaaf
কিশোরগঞ্জ পোস্ট কোড,Bajitpur,Bajitpur UPO,,2336,,89,https://bdpost.gov.bd/pages/static-pages/6922e12c933eb65569e2aaaf
কিশোরগঞ্জ পোস্ট কোড,Bajitpur,Bhagalpur,,,,90,https://bdpost.gov.bd/pages/static-pages/6922e12c933eb65569e2aaaf
কিশোরগঞ্জ পোস্ট কোড,Bajitpur,Jinnahal,,,,91,https://bdpost.gov.bd/pages/static-pages/6922e12c933eb65569e2aaaf
কিশোরগঞ্জ পোস্ট কোড,Bajitpur,Patuli,,,,92,https://bdpost.gov.bd/pages/static-pages/6922e12c933eb65569e2aaaf
কিশোরগঞ্জ পোস্ট কোড,Bajitpur,Gajirchar,,,,93,https://bdpost.gov.bd/pages/static-pages/6922e12c933eb65569e2aaaf
কিশোরগঞ্জ পোস্ট কোড,Bajitpur,Baliyardi,,,,94,https://bdpost.gov.bd/pages/static-pages/6922e12c933eb65569e2aaaf
কিশোরগঞ্জ পোস্ট কোড,Bajitpur,Humaipur,,,,95,https://bdpost.gov.bd/pages/static-pages/6922e12c933eb65569e2aaaf
কিশোরগঞ্জ পোস্ট কোড,Bajitpur,Dilalpur,,,,96,https://bdpost.gov.bd/pages/static-pages/6922e12c933eb65569e2aaaf
কিশোরগঞ্জ পোস্ট কোড,Bajitpur,Sarachar SO,,2337,,97,https://bdpost.gov.bd/pages/static-pages/6922e12c933eb65569e2aaaf
কিশোরগঞ্জ পোস্ট কোড,Bajitpur,Pirijpur,,,,98,https://bdpost.gov.bd/pages/static-pages/6922e12c933eb65569e2aaaf
কিশোরগঞ্জ পোস্ট কোড,Bajitpur,Hilciya,,,,99,https://bdpost.gov.bd/pages/static-pages/6922e12c933eb65569e2aaaf
কিশোরগঞ্জ পোস্ট কোড,Bajitpur,Duyaigao,,,,100,https://bdpost.gov.bd/pages/static-pages/6922e12c933eb65569e2aaaf
কিশোরগঞ্জ পোস্ট কোড,Bajitpur,Ramdi,,,,101,https://bdpost.gov.bd/pages/static-pages/6922e12c933eb65569e2aaaf
কিশোরগঞ্জ পোস্ট কোড,Bajitpur,Halimpur,,,,102,https://bdpost.gov.bd/pages/static-pages/6922e12c933eb65569e2aaaf
কিশোরগঞ্জ পোস্ট কোড,Bajitpur,Laksamipur SO,,2338,,103,https://bdpost.gov.bd/pages/static-pages/6922e12c933eb65569e2aaaf
কিশোরগঞ্জ পোস্ট কোড,Kuliarchar,Kuliarchar UPO,,2340,,104,https://bdpost.gov.bd/pages/static-pages/6922e12c933eb65569e2aaaf
কিশোরগঞ্জ পোস্ট কোড,Kuliarchar,Ujan Abdullapur,,,,105,https://bdpost.gov.bd/pages/static-pages/6922e12c933eb65569e2aaaf
কিশোরগঞ্জ পোস্ট কোড,Kuliarchar,Dumurakanda,,,,106,https://bdpost.gov.bd/pages/static-pages/6922e12c933eb65569e2aaaf
কিশোরগঞ্জ পোস্ট কোড,Kuliarchar,Nalbaid,,,,107,https://bdpost.gov.bd/pages/static-pages/6922e12c933eb65569e2aaaf
কিশোরগঞ্জ পোস্ট কোড,Kuliarchar,Bir Kashimnagar,,,,108,https://bdpost.gov.bd/pages/static-pages/6922e12c933eb65569e2aaaf
কিশোরগঞ্জ পোস্ট কোড,Kuliarchar,Kapasatiya,,,,109,https://bdpost.gov.bd/pages/static-pages/6922e12c933eb65569e2aaaf
কিশোরগঞ্জ পোস্ট কোড,Kuliarchar,Usmanpur,,,,110,https://bdpost.gov.bd/pages/static-pages/6922e12c933eb65569e2aaaf
কিশোরগঞ্জ পোস্ট কোড,Kuliarchar,Chhay Suti SO,,2341,,111,https://bdpost.gov.bd/pages/static-pages/6922e12c933eb65569e2aaaf
কিশোরগঞ্জ পোস্ট কোড,Bhairab,Bhairab UPO,,2350,,112,https://bdpost.gov.bd/pages/static-pages/6922e12c933eb65569e2aaaf
কিশোরগঞ্জ পোস্ট কোড,Bhairab,Kalika Prasad,,,,113,https://bdpost.gov.bd/pages/static-pages/6922e12c933eb65569e2aaaf
কিশোরগঞ্জ পোস্ট কোড,Bhairab,Jagannathpur,,,,114,https://bdpost.gov.bd/pages/static-pages/6922e12c933eb65569e2aaaf
কিশোরগঞ্জ পোস্ট কোড,Bhairab,Bashgari,,,,115,https://bdpost.gov.bd/pages/static-pages/6922e12c933eb65569e2aaaf
কিশোরগঞ্জ পোস্ট কোড,Bhairab,Shimulkandi,,,,116,https://bdpost.gov.bd/pages/static-pages/6922e12c933eb65569e2aaaf
কিশোরগঞ্জ পোস্ট কোড,Bhairab,Shomvupur Nechariya Madrasa,,,,117,https://bdpost.gov.bd/pages/static-pages/6922e12c933eb65569e2aaaf
কিশোরগঞ্জ পোস্ট কোড,Bhairab,Bbighat,,,,118,https://bdpost.gov.bd/pages/static-pages/6922e12c933eb65569e2aaaf
কিশোরগঞ্জ পোস্ট কোড,Bhairab,Aganagar,,,,119,https://bdpost.gov.bd/pages/static-pages/6922e12c933eb65569e2aaaf
কিশোরগঞ্জ পোস্ট কোড,Bhairab,Akbarnagar,,,,120,https://bdpost.gov.bd/pages/static-pages/6922e12c933eb65569e2aaaf
কিশোরগঞ্জ পোস্ট কোড,Bhairab,Sadekpur,,,,121,https://bdpost.gov.bd/pages/static-pages/6922e12c933eb65569e2aaaf
কিশোরগঞ্জ পোস্ট কোড,Nikli,Nikli UPO,,2360,,122,https://bdpost.gov.bd/pages/static-pages/6922e12c933eb65569e2aaaf
কিশোরগঞ্জ পোস্ট কোড,Nikli,Dampara,,,,123,https://bdpost.gov.bd/pages/static-pages/6922e12c933eb65569e2aaaf
কিশোরগঞ্জ পোস্ট কোড,Nikli,Singpur Bazar,,,,124,https://bdpost.gov.bd/pages/static-pages/6922e12c933eb65569e2aaaf
কিশোরগঞ্জ পোস্ট কোড,Nikli,Saharmul,,,,125,https://bdpost.gov.bd/pages/static-pages/6922e12c933eb65569e2aaaf
কিশোরগঞ্জ পোস্ট কোড,Nikli,Jaraitala,,,,126,https://bdpost.gov.bd/pages/static-pages/6922e12c933eb65569e2aaaf
কিশোরগঞ্জ পোস্ট কোড,Mithamain,Mithamain UPO,,2370,,127,https://bdpost.gov.bd/pages/static-pages/6922e12c933eb65569e2aaaf
কিশোরগঞ্জ পোস্ট কোড,Mithamain,Dhaki,,,,128,https://bdpost.gov.bd/pages/static-pages/6922e12c933eb65569e2aaaf
কিশোরগঞ্জ পোস্ট কোড,Mithamain,Gopdighi,,,,129,https://bdpost.gov.bd/pages/static-pages/6922e12c933eb65569e2aaaf
কিশোরগঞ্জ পোস্ট কোড,Mithamain,Chanpur,,,,130,https://bdpost.gov.bd/pages/static-pages/6922e12c933eb65569e2aaaf
কিশোরগঞ্জ পোস্ট কোড,Mithamain,Abdullhpur SO,,2371,,131,https://bdpost.gov.bd/pages/static-pages/6922e12c933eb65569e2aaaf
কিশোরগঞ্জ পোস্ট কোড,Mithamain,Kanchanpur,,,,132,https://bdpost.gov.bd/pages/static-pages/6922e12c933eb65569e2aaaf
কিশোরগঞ্জ পোস্ট কোড,Astagram,Astagram UPO,,2380,,133,https://bdpost.gov.bd/pages/static-pages/6922e12c933eb65569e2aaaf
কিশোরগঞ্জ পোস্ট কোড,Astagram,Bangalpara,,,,134,https://bdpost.gov.bd/pages/static-pages/6922e12c933eb65569e2aaaf
কিশোরগঞ্জ পোস্ট কোড,Astagram,Sabihanagar,,,,135,https://bdpost.gov.bd/pages/static-pages/6922e12c933eb65569e2aaaf
কিশোরগঞ্জ পোস্ট কোড,Astagram,Sapant,,,,136,https://bdpost.gov.bd/pages/static-pages/6922e12c933eb65569e2aaaf
কিশোরগঞ্জ পোস্ট কোড,Astagram,Kastal Bazar,,,,137,https://bdpost.gov.bd/pages/static-pages/6922e12c933eb65569e2aaaf
কিশোরগঞ্জ পোস্ট কোড,Astagram,Kadamcal,,,,138,https://bdpost.gov.bd/pages/static-pages/6922e12c933eb65569e2aaaf
কিশোরগঞ্জ পোস্ট কোড,Astagram,Kathkhal,,,,139,https://bdpost.gov.bd/pages/static-pages/6922e12c933eb65569e2aaaf
কিশোরগঞ্জ পোস্ট কোড,Astagram,Bhatighagra,,,,140,https://bdpost.gov.bd/pages/static-pages/6922e12c933eb65569e2aaaf
কিশোরগঞ্জ পোস্ট কোড,Itna,Itna UPO,,2390,,141,https://bdpost.gov.bd/pages/static-pages/6922e12c933eb65569e2aaaf
কিশোরগঞ্জ পোস্ট কোড,Itna,Roytuti,,,,142,https://bdpost.gov.bd/pages/static-pages/6922e12c933eb65569e2aaaf
কিশোরগঞ্জ পোস্ট কোড,Itna,Badla,,,,143,https://bdpost.gov.bd/pages/static-pages/6922e12c933eb65569e2aaaf
কিশোরগঞ্জ পোস্ট কোড,Itna,Elangjuri,,,,144,https://bdpost.gov.bd/pages/static-pages/6922e12c933eb65569e2aaaf
কিশোরগঞ্জ পোস্ট কোড,Itna,Dhanpur,,,,145,https://bdpost.gov.bd/pages/static-pages/6922e12c933eb65569e2aaaf
কিশোরগঞ্জ পোস্ট কোড,Itna,Gaysidhi,,,,146,https://bdpost.gov.bd/pages/static-pages/6922e12c933eb65569e2aaaf
কিশোরগঞ্জ পোস্ট কোড,Itna,Mriga,,,,147,https://bdpost.gov.bd/pages/static-pages/6922e12c933eb65569e2aaaf
নেত্রকোনা পোস্ট কোড,Sadar,Netrokona HO,,2400,,1,https://bdpost.gov.bd/pages/static-pages/6922e0f6933eb65569e2955c
নেত্রকোনা পোস্ট কোড,Sadar,Raydomrouha,,,,,https://bdpost.gov.bd/pages/static-pages/6922e0f6933eb65569e2955c
নেত্রকোনা পোস্ট কোড,Sadar,Bekhairhati SO,,2401,,2,https://bdpost.gov.bd/pages/static-pages/6922e0f6933eb65569e2955c
নেত্রকোনা পোস্ট কোড,Purbadhala,Purbadhala UPO,,2410,,3,https://bdpost.gov.bd/pages/static-pages/6922e0f6933eb65569e2955c
নেত্রকোনা পোস্ট কোড,Purbadhala,Bilkaushi,,,,,https://bdpost.gov.bd/pages/static-pages/6922e0f6933eb65569e2955c
নেত্রকোনা পোস্ট কোড,Purbadhala,Hironpur,,,,,https://bdpost.gov.bd/pages/static-pages/6922e0f6933eb65569e2955c
নেত্রকোনা পোস্ট কোড,Purbadhala,Shyamgonj SO,,2411,,4,https://bdpost.gov.bd/pages/static-pages/6922e0f6933eb65569e2955c
নেত্রকোনা পোস্ট কোড,Purbadhala,Jariajanjail SO,,2412,,5,https://bdpost.gov.bd/pages/static-pages/6922e0f6933eb65569e2955c
নেত্রকোনা পোস্ট কোড,Dhobaura,Dhobaura UPO,,2416,,6,https://bdpost.gov.bd/pages/static-pages/6922e0f6933eb65569e2955c
নেত্রকোনা পোস্ট কোড,Dhobaura,Munshirhat,,,,,https://bdpost.gov.bd/pages/static-pages/6922e0f6933eb65569e2955c
নেত্রকোনা পোস্ট কোড,Dhobaura,Goatola,,,,,https://bdpost.gov.bd/pages/static-pages/6922e0f6933eb65569e2955c
নেত্রকোনা পোস্ট কোড,Dhobaura,Sakuai EDSO,,2417,,7,https://bdpost.gov.bd/pages/static-pages/6922e0f6933eb65569e2955c
নেত্রকোনা পোস্ট কোড,Susang,Susang UPO,,2420,,8,https://bdpost.gov.bd/pages/static-pages/6922e0f6933eb65569e2955c
নেত্রকোনা পোস্ট কোড,Susang,Ketta,,,,,https://bdpost.gov.bd/pages/static-pages/6922e0f6933eb65569e2955c
নেত্রকোনা পোস্ট কোড,Kamakanda,Kamakanda UPO,,2430,,9,https://bdpost.gov.bd/pages/static-pages/6922e0f6933eb65569e2955c
নেত্রকোনা পোস্ট কোড,Barhatta,Barhatta UPO,,2440,,10,https://bdpost.gov.bd/pages/static-pages/6922e0f6933eb65569e2955c
নেত্রকোনা পোস্ট কোড,Barhatta,Atithpur,,,,,https://bdpost.gov.bd/pages/static-pages/6922e0f6933eb65569e2955c
নেত্রকোনা পোস্ট কোড,Barhatta,Thakurkona,,,,,https://bdpost.gov.bd/pages/static-pages/6922e0f6933eb65569e2955c
নেত্রকোনা পোস্ট কোড,Barhatta,Rupganj,,,,,https://bdpost.gov.bd/pages/static-pages/6922e0f6933eb65569e2955c
নেত্রকোনা পোস্ট কোড,Barhatta,Dashdhar,,,,,https://bdpost.gov.bd/pages/static-pages/6922e0f6933eb65569e2955c
নেত্রকোনা পোস্ট কোড,Barhatta,Shunoy,,,,,https://bdpost.gov.bd/pages/static-pages/6922e0f6933eb65569e2955c
নেত্রকোনা পোস্ট কোড,Barhatta,Fakirer Bazar,,,,,https://bdpost.gov.bd/pages/static-pages/6922e0f6933eb65569e2955c
নেত্রকোনা পোস্ট কোড,Barhatta,Raypur,,,,,https://bdpost.gov.bd/pages/static-pages/6922e0f6933eb65569e2955c
নেত্রকোনা পোস্ট কোড,Barhatta,Sahta,,,,,https://bdpost.gov.bd/pages/static-pages/6922e0f6933eb65569e2955c
নেত্রকোনা পোস্ট কোড,Mohangonj,Mohangonj UPO,,2446,,11,https://bdpost.gov.bd/pages/static-pages/6922e0f6933eb65569e2955c
নেত্রকোনা পোস্ট কোড,Dharampasa,Dharampasa UPO,,2450,,12,https://bdpost.gov.bd/pages/static-pages/6922e0f6933eb65569e2955c
নেত্রকোনা পোস্ট কোড,Dharampasa,Uttorbir,,,,,https://bdpost.gov.bd/pages/static-pages/6922e0f6933eb65569e2955c
নেত্রকোনা পোস্ট কোড,Dharampasa,Deola,,,,,https://bdpost.gov.bd/pages/static-pages/6922e0f6933eb65569e2955c
নেত্রকোনা পোস্ট কোড,Dharampasa,Badshgonj,,,,,https://bdpost.gov.bd/pages/static-pages/6922e0f6933eb65569e2955c
নেত্রকোনা পোস্ট কোড,Dharampasa,Joysree,,,,,https://bdpost.gov.bd/pages/static-pages/6922e0f6933eb65569e2955c
নেত্রকোনা পোস্ট কোড,Dharampasa,Rajapur,,,,,https://bdpost.gov.bd/pages/static-pages/6922e0f6933eb65569e2955c
নেত্রকোনা পোস্ট কোড,Dharampasa,Paikurati,,,,,https://bdpost.gov.bd/pages/static-pages/6922e0f6933eb65569e2955c
নেত্রকোনা পোস্ট কোড,Dharampasa,Golokpur,,,,,https://bdpost.gov.bd/pages/static-pages/6922e0f6933eb65569e2955c
নেত্রকোনা পোস্ট কোড,Dharampasa,Sukhair,,,,,https://bdpost.gov.bd/pages/static-pages/6922e0f6933eb65569e2955c
নেত্রকোনা পোস্ট কোড,Dharampasa,Selimgonj,,,,,https://bdpost.gov.bd/pages/static-pages/6922e0f6933eb65569e2955c
নেত্রকোনা পোস্ট কোড,Dharampasa,Kolunka,,,,,https://bdpost.gov.bd/pages/static-pages/6922e0f6933eb65569e2955c
নেত্রকোনা পোস্ট কোড,Madhya Nagar,Madhya Nagar UPO,,2456,,13,https://bdpost.gov.bd/pages/static-pages/6922e0f6933eb65569e2955c
নেত্রকোনা পোস্ট কোড,Madhya Nagar,Southpara,,,,,https://bdpost.gov.bd/pages/static-pages/6922e0f6933eb65569e2955c
নেত্রকোনা পোস্ট কোড,Madhya Nagar,Chamardani,,,,,https://bdpost.gov.bd/pages/static-pages/6922e0f6933eb65569e2955c
নেত্রকোনা পোস্ট কোড,Madhya Nagar,Bongshikunda,,,,,https://bdpost.gov.bd/pages/static-pages/6922e0f6933eb65569e2955c
নেত্রকোনা পোস্ট কোড,Madhya Nagar,Farokh Nagar,,,,,https://bdpost.gov.bd/pages/static-pages/6922e0f6933eb65569e2955c
নেত্রকোনা পোস্ট কোড,Madhya Nagar,Abid Nagar,,,,,https://bdpost.gov.bd/pages/static-pages/6922e0f6933eb65569e2955c
নেত্রকোনা পোস্ট কোড,Madhya Nagar,Kartikpur,,,,,https://bdpost.gov.bd/pages/static-pages/6922e0f6933eb65569e2955c
নেত্রকোনা পোস্ট কোড,Khaliajuri,Khaliajuri UPO,,2460,,14,https://bdpost.gov.bd/pages/static-pages/6922e0f6933eb65569e2955c
নেত্রকোনা পোস্ট কোড,Khaliajuri,Pach Hat,,,,,https://bdpost.gov.bd/pages/static-pages/6922e0f6933eb65569e2955c
নেত্রকোনা পোস্ট কোড,Khaliajuri,Bolli,,,,,https://bdpost.gov.bd/pages/static-pages/6922e0f6933eb65569e2955c
নেত্রকোনা পোস্ট কোড,Khaliajuri,Trimohoni,,,,,https://bdpost.gov.bd/pages/static-pages/6922e0f6933eb65569e2955c
নেত্রকোনা পোস্ট কোড,Khaliajuri,Nurpur Boali,,,,,https://bdpost.gov.bd/pages/static-pages/6922e0f6933eb65569e2955c
নেত্রকোনা পোস্ট কোড,Khaliajuri,Mukimpur,,,,,https://bdpost.gov.bd/pages/static-pages/6922e0f6933eb65569e2955c
নেত্রকোনা পোস্ট কোড,Khaliajuri,Shaldigha,,,,,https://bdpost.gov.bd/pages/static-pages/6922e0f6933eb65569e2955c
নেত্রকোনা পোস্ট কোড,Khaliajuri,Saldigha EDSO,,2462,,15,https://bdpost.gov.bd/pages/static-pages/6922e0f6933eb65569e2955c
নেত্রকোনা পোস্ট কোড,Atpara,Atpara UPO,,2470,,16,https://bdpost.gov.bd/pages/static-pages/6922e0f6933eb65569e2955c
নেত্রকোনা পোস্ট কোড,Atpara,Khila,,,,,https://bdpost.gov.bd/pages/static-pages/6922e0f6933eb65569e2955c
নেত্রকোনা পোস্ট কোড,Atpara,Modhuakhali,,,,,https://bdpost.gov.bd/pages/static-pages/6922e0f6933eb65569e2955c
নেত্রকোনা পোস্ট কোড,Atpara,Luneshwar,,,,,https://bdpost.gov.bd/pages/static-pages/6922e0f6933eb65569e2955c
নেত্রকোনা পোস্ট কোড,Atpara,Avoypasha,,,,,https://bdpost.gov.bd/pages/static-pages/6922e0f6933eb65569e2955c
নেত্রকোনা পোস্ট কোড,Atpara,Koilong,,,,,https://bdpost.gov.bd/pages/static-pages/6922e0f6933eb65569e2955c
নেত্রকোনা পোস্ট কোড,Atpara,Chargatiya,,,,,https://bdpost.gov.bd/pages/static-pages/6922e0f6933eb65569e2955c
নেত্রকোনা পোস্ট কোড,Atpara,Teligati,,,,,https://bdpost.gov.bd/pages/static-pages/6922e0f6933eb65569e2955c
নেত্রকোনা পোস্ট কোড,Atpara,Dijara,,,,,https://bdpost.gov.bd/pages/static-pages/6922e0f6933eb65569e2955c
নেত্রকোনা পোস্ট কোড,Atpara,Mangolshiddi,,,,,https://bdpost.gov.bd/pages/static-pages/6922e0f6933eb65569e2955c
নেত্রকোনা পোস্ট কোড,Atpara,Ramsiddo,,,,,https://bdpost.gov.bd/pages/static-pages/6922e0f6933eb65569e2955c
নেত্রকোনা পোস্ট কোড,Atpara,Sharomshiya,,,,,https://bdpost.gov.bd/pages/static-pages/6922e0f6933eb65569e2955c
নেত্রকোনা পোস্ট কোড,Atpara,Shukhari,,,,,https://bdpost.gov.bd/pages/static-pages/6922e0f6933eb65569e2955c
নেত্রকোনা পোস্ট কোড,Kendua,Kendua UPO,,2480,,17,https://bdpost.gov.bd/pages/static-pages/6922e0f6933eb65569e2955c
নেত্রকোনা পোস্ট কোড,Kendua,Paikura,,,,,https://bdpost.gov.bd/pages/static-pages/6922e0f6933eb65569e2955c
নেত্রকোনা পোস্ট কোড,Kendua,Satashidigar,,,,,https://bdpost.gov.bd/pages/static-pages/6922e0f6933eb65569e2955c
নেত্রকোনা পোস্ট কোড,Kendua,Hararkandi,,,,,https://bdpost.gov.bd/pages/static-pages/6922e0f6933eb65569e2955c
নেত্রকোনা পোস্ট কোড,Kendua,Kutubpur,,,,,https://bdpost.gov.bd/pages/static-pages/6922e0f6933eb65569e2955c
নেত্রকোনা পোস্ট কোড,Kendua,Sandikona,,,,,https://bdpost.gov.bd/pages/static-pages/6922e0f6933eb65569e2955c
নেত্রকোনা পোস্ট কোড,Kendua,Bhuiyar Bazar,,,,,https://bdpost.gov.bd/pages/static-pages/6922e0f6933eb65569e2955c
নেত্রকোনা পোস্ট কোড,Kendua,Machiali,,,,,https://bdpost.gov.bd/pages/static-pages/6922e0f6933eb65569e2955c
নেত্রকোনা পোস্ট কোড,Kendua,Bashati,,,,,https://bdpost.gov.bd/pages/static-pages/6922e0f6933eb65569e2955c
নেত্রকোনা পোস্ট কোড,Kendua,Durcapur,,,,,https://bdpost.gov.bd/pages/static-pages/6922e0f6933eb65569e2955c
নেত্রকোনা পোস্ট কোড,Kendua,Bidyaballabha,,,,,https://bdpost.gov.bd/pages/static-pages/6922e0f6933eb65569e2955c
নেত্রকোনা পোস্ট কোড,Kendua,Baghber,,,,,https://bdpost.gov.bd/pages/static-pages/6922e0f6933eb65569e2955c
নেত্রকোনা পোস্ট কোড,Kendua,Balijora,,,,,https://bdpost.gov.bd/pages/static-pages/6922e0f6933eb65569e2955c
নেত্রকোনা পোস্ট কোড,Kendua,Gonda,,,,,https://bdpost.gov.bd/pages/static-pages/6922e0f6933eb65569e2955c
নেত্রকোনা পোস্ট কোড,Kendua,Goradoba,,,,,https://bdpost.gov.bd/pages/static-pages/6922e0f6933eb65569e2955c
নেত্রকোনা পোস্ট কোড,Kendua,Kailati Phatepur,,,,,https://bdpost.gov.bd/pages/static-pages/6922e0f6933eb65569e2955c
নেত্রকোনা পোস্ট কোড,Kendua,Kachimpur,,,,,https://bdpost.gov.bd/pages/static-pages/6922e0f6933eb65569e2955c
নেত্রকোনা পোস্ট কোড,Kendua,Kaliyan,,,,,https://bdpost.gov.bd/pages/static-pages/6922e0f6933eb65569e2955c
নেত্রকোনা পোস্ট কোড,Kendua,Kalashahati,,,,,https://bdpost.gov.bd/pages/static-pages/6922e0f6933eb65569e2955c
নেত্রকোনা পোস্ট কোড,Kendua,Alampur,,,,,https://bdpost.gov.bd/pages/static-pages/6922e0f6933eb65569e2955c
নেত্রকোনা পোস্ট কোড,Kendua,Amtola,,,,,https://bdpost.gov.bd/pages/static-pages/6922e0f6933eb65569e2955c
নেত্রকোনা পোস্ট কোড,Kendua,Ajujiya,,,,,https://bdpost.gov.bd/pages/static-pages/6922e0f6933eb65569e2955c
নেত্রকোনা পোস্ট কোড,Kendua,Kachandora,,,,,https://bdpost.gov.bd/pages/static-pages/6922e0f6933eb65569e2955c
নেত্রকোনা পোস্ট কোড,Kendua,Dolparampur,,,,,https://bdpost.gov.bd/pages/static-pages/6922e0f6933eb65569e2955c
নেত্রকোনা পোস্ট কোড,Madan,Madan UPO,,2490,,18,https://bdpost.gov.bd/pages/static-pages/6922e0f6933eb65569e2955c
নেত্রকোনা পোস্ট কোড,Madan,Boirati,,,,,https://bdpost.gov.bd/pages/static-pages/6922e0f6933eb65569e2955c
নেত্রকোনা পোস্ট কোড,Madan,Keshjani,,,,,https://bdpost.gov.bd/pages/static-pages/6922e0f6933eb65569e2955c
নেত্রকোনা পোস্ট কোড,Madan,Rajtola,,,,,https://bdpost.gov.bd/pages/static-pages/6922e0f6933eb65569e2955c
নেত্রকোনা পোস্ট কোড,Madan,Nayekpur,,,,,https://bdpost.gov.bd/pages/static-pages/6922e0f6933eb65569e2955c
নেত্রকোনা পোস্ট কোড,Madan,Kaital,,,,,https://bdpost.gov.bd/pages/static-pages/6922e0f6933eb65569e2955c
সুনামগঞ্জ পোস্ট কোড,Sadar,Sunamgonj HO,,3000,,1,https://bdpost.gov.bd/pages/static-pages/6922df20933eb65569e200c3
সুনামগঞ্জ পোস্ট কোড,Sadar,Pagla SO,,3001,,2,https://bdpost.gov.bd/pages/static-pages/6922df20933eb65569e200c3
সুনামগঞ্জ পোস্ট কোড,Sadar,Patharia SO,,3002,,3,https://bdpost.gov.bd/pages/static-pages/6922df20933eb65569e200c3
সুনামগঞ্জ পোস্ট কোড,Biswambarpur,Biswambarpur UPO,,3010,,4,https://bdpost.gov.bd/pages/static-pages/6922df20933eb65569e200c3
সুনামগঞ্জ পোস্ট কোড,Sanchana (Jamalgonj),Sanchana (Jamalgonj) UPO,,3020,,5,https://bdpost.gov.bd/pages/static-pages/6922df20933eb65569e200c3
সুনামগঞ্জ পোস্ট কোড,Tahirpur,Tahirpur UPO,,3030,,6,https://bdpost.gov.bd/pages/static-pages/6922df20933eb65569e200c3
সুনামগঞ্জ পোস্ট কোড,Tahirpur,Mahmudpur,,,,,https://bdpost.gov.bd/pages/static-pages/6922df20933eb65569e200c3
সুনামগঞ্জ পোস্ট কোড,Dirai Chandpur (Dirai),Dirai Chandpur (Dirai) UPO,,3040,,7,https://bdpost.gov.bd/pages/static-pages/6922df20933eb65569e200c3
সুনামগঞ্জ পোস্ট কোড,Dirai Chandpur (Dirai),Jagadal EDSO,,3041,,8,https://bdpost.gov.bd/pages/static-pages/6922df20933eb65569e200c3
সুনামগঞ্জ পোস্ট কোড,Ghunghiargaon (Sallah),Ghunghiargaon (Sallah) UPO,,3050,,9,https://bdpost.gov.bd/pages/static-pages/6922df20933eb65569e200c3
সুনামগঞ্জ পোস্ট কোড,Jaganhpur,Jaganhpur UPO,,3060,,10,https://bdpost.gov.bd/pages/static-pages/6922df20933eb65569e200c3
সুনামগঞ্জ পোস্ট কোড,Jaganhpur,Syedpur SO,,3061,,11,https://bdpost.gov.bd/pages/static-pages/6922df20933eb65569e200c3
সুনামগঞ্জ পোস্ট কোড,Jaganhpur,Atuajan Barkapan SO,,3062,,12,https://bdpost.gov.bd/pages/static-pages/6922df20933eb65569e200c3
সুনামগঞ্জ পোস্ট কোড,Jaganhpur,Hasan Fatemapur SO,,3063,,13,https://bdpost.gov.bd/pages/static-pages/6922df20933eb65569e200c3
সুনামগঞ্জ পোস্ট কোড,Jaganhpur,Rasugonj SO,,3064,,14,https://bdpost.gov.bd/pages/static-pages/6922df20933eb65569e200c3
সুনামগঞ্জ পোস্ট কোড,Jaganhpur,Sreeramsi SO,,3065,,15,https://bdpost.gov.bd/pages/static-pages/6922df20933eb65569e200c3
সুনামগঞ্জ পোস্ট কোড,Duara Bazar,Duara Bazar UPO,,3070,,16,https://bdpost.gov.bd/pages/static-pages/6922df20933eb65569e200c3
সুনামগঞ্জ পোস্ট কোড,Chatak,Chatak UPO,,3080,,17,https://bdpost.gov.bd/pages/static-pages/6922df20933eb65569e200c3
সুনামগঞ্জ পোস্ট কোড,Chatak,Chatak Cement Fact. SO,,3081,,18,https://bdpost.gov.bd/pages/static-pages/6922df20933eb65569e200c3
সুনামগঞ্জ পোস্ট কোড,Chatak,Chatak Paper Mills SO,,3082,,19,https://bdpost.gov.bd/pages/static-pages/6922df20933eb65569e200c3
সুনামগঞ্জ পোস্ট কোড,Chatak,Gobindagonj SO,,3083,,20,https://bdpost.gov.bd/pages/static-pages/6922df20933eb65569e200c3
সুনামগঞ্জ পোস্ট কোড,Chatak,Gobindagonj Nutun Bazar SO,,3084,,21,https://bdpost.gov.bd/pages/static-pages/6922df20933eb65569e200c3
সুনামগঞ্জ পোস্ট কোড,Chatak,Khurma EDSO,,3085,,22,https://bdpost.gov.bd/pages/static-pages/6922df20933eb65569e200c3
সুনামগঞ্জ পোস্ট কোড,Chatak,Mayeenpur EDSO,,3086,,23,https://bdpost.gov.bd/pages/static-pages/6922df20933eb65569e200c3
সুনামগঞ্জ পোস্ট কোড,Chatak,Jahidpur EDSO,,3087,,24,https://bdpost.gov.bd/pages/static-pages/6922df20933eb65569e200c3
সুনামগঞ্জ পোস্ট কোড,Chatak,Islamabad EDSO,,3088,,25,https://bdpost.gov.bd/pages/static-pages/6922df20933eb65569e200c3
সিলেট পোস্ট কোড,Sadar,Sylhet HO,,3100,,1,https://bdpost.gov.bd/pages/static-pages/6922dc22933eb65569e0e957
সিলেট পোস্ট কোড,Sadar,Sylhet Cadet Coll. TSO,,3101,,2,https://bdpost.gov.bd/pages/static-pages/6922dc22933eb65569e0e957
সিলেট পোস্ট কোড,Sadar,Sylhet Airport TSO,,3102,,3,https://bdpost.gov.bd/pages/static-pages/6922dc22933eb65569e0e957
সিলেট পোস্ট কোড,Sadar,Khadimnagar SO,,3103,,4,https://bdpost.gov.bd/pages/static-pages/6922dc22933eb65569e0e957
সিলেট পোস্ট কোড,Sadar,Jalalabad Cantt. SO,,3104,,5,https://bdpost.gov.bd/pages/static-pages/6922dc22933eb65569e0e957
সিলেট পোস্ট কোড,Sadar,Selam SO,,3105,,6,https://bdpost.gov.bd/pages/static-pages/6922dc22933eb65569e0e957
সিলেট পোস্ট কোড,Sadar,Berahimpur SO,,3106,,7,https://bdpost.gov.bd/pages/static-pages/6922dc22933eb65569e0e957
সিলেট পোস্ট কোড,Sadar,Jalalpur EDSO,,3107,,8,https://bdpost.gov.bd/pages/static-pages/6922dc22933eb65569e0e957
সিলেট পোস্ট কোড,Sadar,Mogla Bazar SO,,3108,,9,https://bdpost.gov.bd/pages/static-pages/6922dc22933eb65569e0e957
সিলেট পোস্ট কোড,Sadar,Renga Hazigonj SO,,3109,,10,https://bdpost.gov.bd/pages/static-pages/6922dc22933eb65569e0e957
সিলেট পোস্ট কোড,Sadar,Kadamtoli SO,,3111,,11,https://bdpost.gov.bd/pages/static-pages/6922dc22933eb65569e0e957
সিলেট পোস্ট কোড,Sadar,Kamalbazar SO,,3112,,12,https://bdpost.gov.bd/pages/static-pages/6922dc22933eb65569e0e957
সিলেট পোস্ট কোড,Sadar,Lala Bazar SO,,3113,,13,https://bdpost.gov.bd/pages/static-pages/6922dc22933eb65569e0e957
সিলেট পোস্ট কোড,Sadar,Shahjalal Science Technology University SO,,3114,,14,https://bdpost.gov.bd/pages/static-pages/6922dc22933eb65569e0e957
সিলেট পোস্ট কোড,Fenchugonj,Fenchugonj UPO,,3116,,15,https://bdpost.gov.bd/pages/static-pages/6922dc22933eb65569e0e957
সিলেট পোস্ট কোড,Fenchugonj,Fenchugonj Fertilizer Facory SO,,3117,,16,https://bdpost.gov.bd/pages/static-pages/6922dc22933eb65569e0e957
সিলেট পোস্ট কোড,Fenchugonj,Vatera SO,,3118,,17,https://bdpost.gov.bd/pages/static-pages/6922dc22933eb65569e0e957
সিলেট পোস্ট কোড,Balagonj,Balagonj UPO,,3120,,18,https://bdpost.gov.bd/pages/static-pages/6922dc22933eb65569e0e957
সিলেট পোস্ট কোড,Balagonj,Karua SO,,3121,,19,https://bdpost.gov.bd/pages/static-pages/6922dc22933eb65569e0e957
সিলেট পোস্ট কোড,Balagonj,Brahman Sashan SO,,3122,,20,https://bdpost.gov.bd/pages/static-pages/6922dc22933eb65569e0e957
সিলেট পোস্ট কোড,Balagonj,Tajpur SO,,3123,,21,https://bdpost.gov.bd/pages/static-pages/6922dc22933eb65569e0e957
সিলেট পোস্ট কোড,Balagonj,Goala Bazar SO,,3124,,22,https://bdpost.gov.bd/pages/static-pages/6922dc22933eb65569e0e957
সিলেট পোস্ট কোড,Balagonj,Begumpur SO,,3125,,23,https://bdpost.gov.bd/pages/static-pages/6922dc22933eb65569e0e957
সিলেট পোস্ট কোড,Balagonj,Omarpur SO,,3126,,24,https://bdpost.gov.bd/pages/static-pages/6922dc22933eb65569e0e957
সিলেট পোস্ট কোড,Balagonj,Kathalkhair SO,,3127,,25,https://bdpost.gov.bd/pages/static-pages/6922dc22933eb65569e0e957
সিলেট পোস্ট কোড,Balagonj,Gaharpur SO,,3128,,26,https://bdpost.gov.bd/pages/static-pages/6922dc22933eb65569e0e957
সিলেট পোস্ট কোড,Balagonj,Natun Bazar SO,,3129,,27,https://bdpost.gov.bd/pages/static-pages/6922dc22933eb65569e0e957
সিলেট পোস্ট কোড,Bishwa Nath,Bishwa Nath UPO,,3130,,28,https://bdpost.gov.bd/pages/static-pages/6922dc22933eb65569e0e957
সিলেট পোস্ট কোড,Bishwa Nath,Dashghar SO,,3131,,29,https://bdpost.gov.bd/pages/static-pages/6922dc22933eb65569e0e957
সিলেট পোস্ট কোড,Bishwa Nath,Daulatpur SO,,3132,,30,https://bdpost.gov.bd/pages/static-pages/6922dc22933eb65569e0e957
সিলেট পোস্ট কোড,Bishwa Nath,Deukalash SO,,3133,,31,https://bdpost.gov.bd/pages/static-pages/6922dc22933eb65569e0e957
সিলেট পোস্ট কোড,Bishwa Nath,Singer Katch SO,,3134,,32,https://bdpost.gov.bd/pages/static-pages/6922dc22933eb65569e0e957
সিলেট পোস্ট কোড,Companigonj Nutun Bazar (Companigonj),Companigonj Nutun Bazar (Companigonj) UPO,,3140,,33,https://bdpost.gov.bd/pages/static-pages/6922dc22933eb65569e0e957
সিলেট পোস্ট কোড,Goainghat,Goainghat UPO,,3150,,34,https://bdpost.gov.bd/pages/static-pages/6922dc22933eb65569e0e957
সিলেট পোস্ট কোড,Goainghat,Jaflong SO,,3151,,35,https://bdpost.gov.bd/pages/static-pages/6922dc22933eb65569e0e957
সিলেট পোস্ট কোড,Goainghat,Chicknagui EDSO,,3152,,36,https://bdpost.gov.bd/pages/static-pages/6922dc22933eb65569e0e957
সিলেট পোস্ট কোড,Jaintapur,Jaintapur UPO,,3156,,37,https://bdpost.gov.bd/pages/static-pages/6922dc22933eb65569e0e957
সিলেট পোস্ট কোড,Golapgonj,Golapgonj UPO,,3160,,38,https://bdpost.gov.bd/pages/static-pages/6922dc22933eb65569e0e957
সিলেট পোস্ট কোড,Golapgonj,Dhaka Dakshin SO,,3161,,39,https://bdpost.gov.bd/pages/static-pages/6922dc22933eb65569e0e957
সিলেট পোস্ট কোড,Golapgonj,Dakshin Bhadeswar EDSO,,3162,,40,https://bdpost.gov.bd/pages/static-pages/6922dc22933eb65569e0e957
সিলেট পোস্ট কোড,Golapgonj,Ranaping SO,,3163,,41,https://bdpost.gov.bd/pages/static-pages/6922dc22933eb65569e0e957
সিলেট পোস্ট কোড,Golapgonj,Banigram SO,,3164,,42,https://bdpost.gov.bd/pages/static-pages/6922dc22933eb65569e0e957
সিলেট পোস্ট কোড,Golapgonj,Chandarpur SO,,3165,,43,https://bdpost.gov.bd/pages/static-pages/6922dc22933eb65569e0e957
সিলেট পোস্ট কোড,Beani Bazar,Beani Bazar UPO,,3170,,44,https://bdpost.gov.bd/pages/static-pages/6922dc22933eb65569e0e957
সিলেট পোস্ট কোড,Beani Bazar,Jaldup SO,,3171,,45,https://bdpost.gov.bd/pages/static-pages/6922dc22933eb65569e0e957
সিলেট পোস্ট কোড,Beani Bazar,Mathiura Bazar EDSO,,3172,,46,https://bdpost.gov.bd/pages/static-pages/6922dc22933eb65569e0e957
সিলেট পোস্ট কোড,Beani Bazar,Kurar Bazar EDSO,,3173,,47,https://bdpost.gov.bd/pages/static-pages/6922dc22933eb65569e0e957
সিলেট পোস্ট কোড,Beani Bazar,Selia Bazar EDSO,,3174,,48,https://bdpost.gov.bd/pages/static-pages/6922dc22933eb65569e0e957
সিলেট পোস্ট কোড,Beani Bazar,Churkhai SO,,3175,,49,https://bdpost.gov.bd/pages/static-pages/6922dc22933eb65569e0e957
সিলেট পোস্ট কোড,Kanaighat,Kanaighat,,3180,,50,https://bdpost.gov.bd/pages/static-pages/6922dc22933eb65569e0e957
সিলেট পোস্ট কোড,Kanaighat,Chatul Bazar,,3181,,51,https://bdpost.gov.bd/pages/static-pages/6922dc22933eb65569e0e957
সিলেট পোস্ট কোড,Kanaighat,Manikgonj SO,,3182,,52,https://bdpost.gov.bd/pages/static-pages/6922dc22933eb65569e0e957
সিলেট পোস্ট কোড,Kanaighat,Gachbari SO,,3183,,53,https://bdpost.gov.bd/pages/static-pages/6922dc22933eb65569e0e957
সিলেট পোস্ট কোড,Jakigonj,Jakigonj UPO,,3190,,54,https://bdpost.gov.bd/pages/static-pages/6922dc22933eb65569e0e957
সিলেট পোস্ট কোড,Jakigonj,Ishamati SO,,3191,,55,https://bdpost.gov.bd/pages/static-pages/6922dc22933eb65569e0e957
মৌলভীবাজার পোস্ট কোড,Sadar,Moulovibazar HO,,3200,,1,https://bdpost.gov.bd/pages/static-pages/6922dfd2933eb65569e24250
মৌলভীবাজার পোস্ট কোড,Sadar,Barkapan SO,,3201,,2,https://bdpost.gov.bd/pages/static-pages/6922dfd2933eb65569e24250
মৌলভীবাজার পোস্ট কোড,Sadar,Monumukh SO,,3202,,3,https://bdpost.gov.bd/pages/static-pages/6922dfd2933eb65569e24250
মৌলভীবাজার পোস্ট কোড,Sadar,Afrozgonj SO,,3203,,4,https://bdpost.gov.bd/pages/static-pages/6922dfd2933eb65569e24250
মৌলভীবাজার পোস্ট কোড,Sreemangal,Sreemangal UPO,,3210,,5,https://bdpost.gov.bd/pages/static-pages/6922dfd2933eb65569e24250
মৌলভীবাজার পোস্ট কোড,Sreemangal,Narayan Chara SO,,3211,,6,https://bdpost.gov.bd/pages/static-pages/6922dfd2933eb65569e24250
মৌলভীবাজার পোস্ট কোড,Sreemangal,Kalighat SO,,3212,,7,https://bdpost.gov.bd/pages/static-pages/6922dfd2933eb65569e24250
মৌলভীবাজার পোস্ট কোড,Sreemangal,Khejuri Chara SO,,3213,,8,https://bdpost.gov.bd/pages/static-pages/6922dfd2933eb65569e24250
মৌলভীবাজার পোস্ট কোড,Sreemangal,Satgaon SO,,3214,,9,https://bdpost.gov.bd/pages/static-pages/6922dfd2933eb65569e24250
মৌলভীবাজার পোস্ট কোড,Kamalgonj,Kamalgonj UPO,,3220,,10,https://bdpost.gov.bd/pages/static-pages/6922dfd2933eb65569e24250
মৌলভীবাজার পোস্ট কোড,Kamalgonj,Keramotnagar Bhanugach SO,,3221,,11,https://bdpost.gov.bd/pages/static-pages/6922dfd2933eb65569e24250
মৌলভীবাজার পোস্ট কোড,Kamalgonj,Patrakhula SO,,3222,,12,https://bdpost.gov.bd/pages/static-pages/6922dfd2933eb65569e24250
মৌলভীবাজার পোস্ট কোড,Kamalgonj,Samsher Nagar SO,,3223,,13,https://bdpost.gov.bd/pages/static-pages/6922dfd2933eb65569e24250
মৌলভীবাজার পোস্ট কোড,Kamalgonj,Munshi Bazar SO,,3224,,14,https://bdpost.gov.bd/pages/static-pages/6922dfd2933eb65569e24250
মৌলভীবাজার পোস্ট কোড,Kulaura,Kulaura UPO,,3230,,15,https://bdpost.gov.bd/pages/static-pages/6922dfd2933eb65569e24250
মৌলভীবাজার পোস্ট কোড,Kulaura,Tilagaon SO,,3231,,16,https://bdpost.gov.bd/pages/static-pages/6922dfd2933eb65569e24250
মৌলভীবাজার পোস্ট কোড,Kulaura,Longla SO,,3232,,17,https://bdpost.gov.bd/pages/static-pages/6922dfd2933eb65569e24250
মৌলভীবাজার পোস্ট কোড,Kulaura,Prithimpassa SO,,3233,,18,https://bdpost.gov.bd/pages/static-pages/6922dfd2933eb65569e24250
মৌলভীবাজার পোস্ট কোড,Kulaura,Kazaldhara SO,,3234,,19,https://bdpost.gov.bd/pages/static-pages/6922dfd2933eb65569e24250
মৌলভীবাজার পোস্ট কোড,Kulaura,Karimpur SO,,3235,,20,https://bdpost.gov.bd/pages/static-pages/6922dfd2933eb65569e24250
মৌলভীবাজার পোস্ট কোড,Kulaura,Baramchal,,3236,,21,https://bdpost.gov.bd/pages/static-pages/6922dfd2933eb65569e24250
মৌলভীবাজার পোস্ট কোড,Raj Nagar,Raj Nagar UPO,,3240,,22,https://bdpost.gov.bd/pages/static-pages/6922dfd2933eb65569e24250
মৌলভীবাজার পোস্ট কোড,Barlekha,Barlekha UPO,,3250,,23,https://bdpost.gov.bd/pages/static-pages/6922dfd2933eb65569e24250
মৌলভীবাজার পোস্ট কোড,Barlekha,Juri SO,,3251,,24,https://bdpost.gov.bd/pages/static-pages/6922dfd2933eb65569e24250
মৌলভীবাজার পোস্ট কোড,Barlekha,Dakshin Bag SO,,3252,,25,https://bdpost.gov.bd/pages/static-pages/6922dfd2933eb65569e24250
মৌলভীবাজার পোস্ট কোড,Barlekha,Purba Sahbajpur SO,,3253,,26,https://bdpost.gov.bd/pages/static-pages/6922dfd2933eb65569e24250
হবিগঞ্জ পোস্ট কোড,Sadar,Habigonj HO,,3300,,1,https://bdpost.gov.bd/pages/static-pages/6922df67933eb65569e21c5c
হবিগঞ্জ পোস্ট কোড,Sadar,Shaistagonj SO,,3301,,2,https://bdpost.gov.bd/pages/static-pages/6922df67933eb65569e21c5c
হবিগঞ্জ পোস্ট কোড,Sadar,Gopaya EDSO,,3302,,3,https://bdpost.gov.bd/pages/static-pages/6922df67933eb65569e21c5c
হবিগঞ্জ পোস্ট কোড,Bahubal,Bahubal UPO,,3310,,4,https://bdpost.gov.bd/pages/static-pages/6922df67933eb65569e21c5c
হবিগঞ্জ পোস্ট কোড,Chunaraghat,Chunaraghat UPO,,3320,,5,https://bdpost.gov.bd/pages/static-pages/6922df67933eb65569e21c5c
হবিগঞ্জ পোস্ট কোড,Chunaraghat,Chandpur Begun SO,,3321,,6,https://bdpost.gov.bd/pages/static-pages/6922df67933eb65569e21c5c
হবিগঞ্জ পোস্ট কোড,Chunaraghat,Narapati EDSO,,3322,,7,https://bdpost.gov.bd/pages/static-pages/6922df67933eb65569e21c5c
হবিগঞ্জ পোস্ট কোড,Madhabpur,Madhabpur UPO,,3330,,8,https://bdpost.gov.bd/pages/static-pages/6922df67933eb65569e21c5c
হবিগঞ্জ পোস্ট কোড,Madhabpur,Itakhola SO,,3331,,9,https://bdpost.gov.bd/pages/static-pages/6922df67933eb65569e21c5c
হবিগঞ্জ পোস্ট কোড,Madhabpur,Shahajee Bazar SO,,3332,,10,https://bdpost.gov.bd/pages/static-pages/6922df67933eb65569e21c5c
হবিগঞ্জ পোস্ট কোড,Madhabpur,Sayaham Nagar SO,,3333,,11,https://bdpost.gov.bd/pages/static-pages/6922df67933eb65569e21c5c
হবিগঞ্জ পোস্ট কোড,Kalauk,Kalauk UPO,,3340,,12,https://bdpost.gov.bd/pages/static-pages/6922df67933eb65569e21c5c
হবিগঞ্জ পোস্ট কোড,Kalauk,Lakhai SO,,3341,,13,https://bdpost.gov.bd/pages/static-pages/6922df67933eb65569e21c5c
হবিগঞ্জ পোস্ট কোড,Baniachong,Baniachong UPO,,3350,,14,https://bdpost.gov.bd/pages/static-pages/6922df67933eb65569e21c5c
হবিগঞ্জ পোস্ট কোড,Baniachong,Kumri Durgapur,,,,,https://bdpost.gov.bd/pages/static-pages/6922df67933eb65569e21c5c
হবিগঞ্জ পোস্ট কোড,Baniachong,Jatrapasa SO,,3351,,15,https://bdpost.gov.bd/pages/static-pages/6922df67933eb65569e21c5c
হবিগঞ্জ পোস্ট কোড,Baniachong,Kadirgonj SO,,3352,,16,https://bdpost.gov.bd/pages/static-pages/6922df67933eb65569e21c5c
হবিগঞ্জ পোস্ট কোড,Azmirigonj,Azmirigonj UPO,,3360,,17,https://bdpost.gov.bd/pages/static-pages/6922df67933eb65569e21c5c
হবিগঞ্জ পোস্ট কোড,Nabigonj,Nabigonj UPO,,3370,,18,https://bdpost.gov.bd/pages/static-pages/6922df67933eb65569e21c5c
হবিগঞ্জ পোস্ট কোড,Nabigonj,Goplar Bazar EDSO,,3371,,19,https://bdpost.gov.bd/pages/static-pages/6922df67933eb65569e21c5c
হবিগঞ্জ পোস্ট কোড,Nabigonj,Golduba EDSO,,3372,,20,https://bdpost.gov.bd/pages/static-pages/6922df67933eb65569e21c5c
হবিগঞ্জ পোস্ট কোড,Nabigonj,Digalbak SO,,3373,,21,https://bdpost.gov.bd/pages/static-pages/6922df67933eb65569e21c5c
হবিগঞ্জ পোস্ট কোড,Nabigonj,Inathgonj EDSO,,3374,,22,https://bdpost.gov.bd/pages/static-pages/6922df67933eb65569e21c5c
ব্রাহ্মণবাড়িয়া পোস্ট কোড,Sadar,"Brah,anbaria HO",,3400,,1,https://bdpost.gov.bd/pages/static-pages/6922e123933eb65569e2a733
ব্রাহ্মণবাড়িয়া পোস্ট কোড,Sadar,Talsahar EDSO,,3401,,2,https://bdpost.gov.bd/pages/static-pages/6922e123933eb65569e2a733
ব্রাহ্মণবাড়িয়া পোস্ট কোড,Sadar,Ashugonj SO,,3402,,3,https://bdpost.gov.bd/pages/static-pages/6922e123933eb65569e2a733
ব্রাহ্মণবাড়িয়া পোস্ট কোড,Sadar,Ashugonj FF SO,,3403,,4,https://bdpost.gov.bd/pages/static-pages/6922e123933eb65569e2a733
ব্রাহ্মণবাড়িয়া পোস্ট কোড,Sadar,Pattan EDSO,,3404,,5,https://bdpost.gov.bd/pages/static-pages/6922e123933eb65569e2a733
ব্রাহ্মণবাড়িয়া পোস্ট কোড,Nabinagar,Nabinagar UPO,,3410,,6,https://bdpost.gov.bd/pages/static-pages/6922e123933eb65569e2a733
ব্রাহ্মণবাড়িয়া পোস্ট কোড,Nabinagar,Laur Fatepur EDSO,,3411,,7,https://bdpost.gov.bd/pages/static-pages/6922e123933eb65569e2a733
ব্রাহ্মণবাড়িয়া পোস্ট কোড,Nabinagar,Rasullahbad EDSO,,3412,,8,https://bdpost.gov.bd/pages/static-pages/6922e123933eb65569e2a733
ব্রাহ্মণবাড়িয়া পোস্ট কোড,Nabinagar,Shyamgram SO,,3413,,9,https://bdpost.gov.bd/pages/static-pages/6922e123933eb65569e2a733
ব্রাহ্মণবাড়িয়া পোস্ট কোড,Nabinagar,Ratanpur EDSO,,3414,,10,https://bdpost.gov.bd/pages/static-pages/6922e123933eb65569e2a733
ব্রাহ্মণবাড়িয়া পোস্ট কোড,Nabinagar,Shahapur SO,,3415,,11,https://bdpost.gov.bd/pages/static-pages/6922e123933eb65569e2a733
ব্রাহ্মণবাড়িয়া পোস্ট কোড,Nabinagar,Jibongonj Bazar EDSO,,3416,,12,https://bdpost.gov.bd/pages/static-pages/6922e123933eb65569e2a733
ব্রাহ্মণবাড়িয়া পোস্ট কোড,Nabinagar,Kaitala SO,,3417,,13,https://bdpost.gov.bd/pages/static-pages/6922e123933eb65569e2a733
ব্রাহ্মণবাড়িয়া পোস্ট কোড,Nabinagar,Salimgonj SO,,3418,,14,https://bdpost.gov.bd/pages/static-pages/6922e123933eb65569e2a733
ব্রাহ্মণবাড়িয়া পোস্ট কোড,Bancharampur,Bancharampur UPO,,3420,,15,https://bdpost.gov.bd/pages/static-pages/6922e123933eb65569e2a733
ব্রাহ্মণবাড়িয়া পোস্ট কোড,Sarail,Sarail UPO,,3430,,16,https://bdpost.gov.bd/pages/static-pages/6922e123933eb65569e2a733
ব্রাহ্মণবাড়িয়া পোস্ট কোড,Sarail,Shahbajpur SO,,3431,,17,https://bdpost.gov.bd/pages/static-pages/6922e123933eb65569e2a733
ব্রাহ্মণবাড়িয়া পোস্ট কোড,Sarail,Chandura SO,,3432,,18,https://bdpost.gov.bd/pages/static-pages/6922e123933eb65569e2a733
ব্রাহ্মণবাড়িয়া পোস্ট কোড,Nasirnagar,Nasirnagar UPO,,3440,,19,https://bdpost.gov.bd/pages/static-pages/6922e123933eb65569e2a733
ব্রাহ্মণবাড়িয়া পোস্ট কোড,Nasirnagar,Fandauk SO,,3441,,20,https://bdpost.gov.bd/pages/static-pages/6922e123933eb65569e2a733
ব্রাহ্মণবাড়িয়া পোস্ট কোড,Akhaura,Akhaura UPO,,3450,,21,https://bdpost.gov.bd/pages/static-pages/6922e123933eb65569e2a733
ব্রাহ্মণবাড়িয়া পোস্ট কোড,Akhaura,Azampur EDSO,,3451,,22,https://bdpost.gov.bd/pages/static-pages/6922e123933eb65569e2a733
ব্রাহ্মণবাড়িয়া পোস্ট কোড,Akhaura,Ganga Sagor SO,,3452,,23,https://bdpost.gov.bd/pages/static-pages/6922e123933eb65569e2a733
ব্রাহ্মণবাড়িয়া পোস্ট কোড,Quasba,Quasba UPO,,3460,,24,https://bdpost.gov.bd/pages/static-pages/6922e123933eb65569e2a733
ব্রাহ্মণবাড়িয়া পোস্ট কোড,Quasba,Kuti SO,,3461,,25,https://bdpost.gov.bd/pages/static-pages/6922e123933eb65569e2a733
ব্রাহ্মণবাড়িয়া পোস্ট কোড,Quasba,Chandiwar,,3462,,26,https://bdpost.gov.bd/pages/static-pages/6922e123933eb65569e2a733
ব্রাহ্মণবাড়িয়া পোস্ট কোড,Quasba,Chargas SO,,3463,,27,https://bdpost.gov.bd/pages/static-pages/6922e123933eb65569e2a733
ব্রাহ্মণবাড়িয়া পোস্ট কোড,Quasba,Gupinathpur SO,,3464,,28,https://bdpost.gov.bd/pages/static-pages/6922e123933eb65569e2a733
কুমিল্লা পোস্ট কোড,Sadar,Cumilla HO,,3500,,1,https://bdpost.gov.bd/pages/static-pages/6922df8d933eb65569e22ba9
কুমিল্লা পোস্ট কোড,Sadar,Cumilla Cantt. SO,,3501,,2,https://bdpost.gov.bd/pages/static-pages/6922df8d933eb65569e22ba9
কুমিল্লা পোস্ট কোড,Sadar,Halimnagar SO,,3502,,3,https://bdpost.gov.bd/pages/static-pages/6922df8d933eb65569e22ba9
কুমিল্লা পোস্ট কোড,Sadar,Courtbari SO,,3503,,4,https://bdpost.gov.bd/pages/static-pages/6922df8d933eb65569e22ba9
কুমিল্লা পোস্ট কোড,Sadar,Suagonj EDSO,,3504,,5,https://bdpost.gov.bd/pages/static-pages/6922df8d933eb65569e22ba9
কুমিল্লা পোস্ট কোড,Sadar,Shibpur SO,,3505,,6,https://bdpost.gov.bd/pages/static-pages/6922df8d933eb65569e22ba9
কুমিল্লা পোস্ট কোড,Chandina,Chandina UPO,,3510,,7,https://bdpost.gov.bd/pages/static-pages/6922df8d933eb65569e22ba9
কুমিল্লা পোস্ট কোড,Chandina,Madhaiya Bazar EDSO,,3511,,8,https://bdpost.gov.bd/pages/static-pages/6922df8d933eb65569e22ba9
কুমিল্লা পোস্ট কোড,Chandina,Meghna SO,,3512,,9,https://bdpost.gov.bd/pages/static-pages/6922df8d933eb65569e22ba9
কুমিল্লা পোস্ট কোড,Daudkandi,Daudkandi UPO,,3516,,10,https://bdpost.gov.bd/pages/static-pages/6922df8d933eb65569e22ba9
কুমিল্লা পোস্ট কোড,Daudkandi,Gouripur SO,,3517,,11,https://bdpost.gov.bd/pages/static-pages/6922df8d933eb65569e22ba9
কুমিল্লা পোস্ট কোড,Daudkandi,Daspara EDSO,,3518,,12,https://bdpost.gov.bd/pages/static-pages/6922df8d933eb65569e22ba9
কুমিল্লা পোস্ট কোড,Daudkandi,Eliotgonj SO,,3519,,13,https://bdpost.gov.bd/pages/static-pages/6922df8d933eb65569e22ba9
কুমিল্লা পোস্ট কোড,Burichang,Burichang UPO,,3520,,14,https://bdpost.gov.bd/pages/static-pages/6922df8d933eb65569e22ba9
কুমিল্লা পোস্ট কোড,Burichang,Mainamoti Bazar SO,,3521,,15,https://bdpost.gov.bd/pages/static-pages/6922df8d933eb65569e22ba9
কুমিল্লা পোস্ট কোড,Brahmanpara,Brahmanpara UPO,,3526,,16,https://bdpost.gov.bd/pages/static-pages/6922df8d933eb65569e22ba9
কুমিল্লা পোস্ট কোড,Debidwar,Debidwar UPO,,3530,,17,https://bdpost.gov.bd/pages/static-pages/6922df8d933eb65569e22ba9
কুমিল্লা পোস্ট কোড,Debidwar,Gangamandal SO,,3531,,18,https://bdpost.gov.bd/pages/static-pages/6922df8d933eb65569e22ba9
কুমিল্লা পোস্ট কোড,Debidwar,Barasalghar EDSO,,3532,,19,https://bdpost.gov.bd/pages/static-pages/6922df8d933eb65569e22ba9
কুমিল্লা পোস্ট কোড,Debidwar,Damti Madrasa SO,,3533,,20,https://bdpost.gov.bd/pages/static-pages/6922df8d933eb65569e22ba9
কুমিল্লা পোস্ট কোড,Muradnagar,Muradnagar UPO,,3540,,21,https://bdpost.gov.bd/pages/static-pages/6922df8d933eb65569e22ba9
কুমিল্লা পোস্ট কোড,Muradnagar,Ramchandarpur SO,,3541,,22,https://bdpost.gov.bd/pages/static-pages/6922df8d933eb65569e22ba9
কুমিল্লা পোস্ট কোড,Muradnagar,Companigonj SO,,3542,,23,https://bdpost.gov.bd/pages/static-pages/6922df8d933eb65569e22ba9
কুমিল্লা পোস্ট কোড,Muradnagar,Bangora SO,,3543,,24,https://bdpost.gov.bd/pages/static-pages/6922df8d933eb65569e22ba9
কুমিল্লা পোস্ট কোড,Muradnagar,Sonakanda SO,,3544,,25,https://bdpost.gov.bd/pages/static-pages/6922df8d933eb65569e22ba9
কুমিল্লা পোস্ট কোড,Muradnagar,Panti Bazar SO,,3545,,26,https://bdpost.gov.bd/pages/static-pages/6922df8d933eb65569e22ba9
কুমিল্লা পোস্ট কোড,Homna,Homna UPO,,3546,,27,https://bdpost.gov.bd/pages/static-pages/6922df8d933eb65569e22ba9
কুমিল্লা পোস্ট কোড,Homna,Tarakandi SO,,3547,,28,https://bdpost.gov.bd/pages/static-pages/6922df8d933eb65569e22ba9
কুমিল্লা পোস্ট কোড,Chaudha Gram,Chaudha Gram UPO,,3550,,29,https://bdpost.gov.bd/pages/static-pages/6922df8d933eb65569e22ba9
কুমিল্লা পোস্ট কোড,Chaudha Gram,Batisa EDSO,,3551,,30,https://bdpost.gov.bd/pages/static-pages/6922df8d933eb65569e22ba9
কুমিল্লা পোস্ট কোড,Chaudha Gram,Cheora SO,,3552,,31,https://bdpost.gov.bd/pages/static-pages/6922df8d933eb65569e22ba9
কুমিল্লা পোস্ট কোড,Barura,Barura UPO,,3560,,32,https://bdpost.gov.bd/pages/static-pages/6922df8d933eb65569e22ba9
কুমিল্লা পোস্ট কোড,Barura,Payalgacha SO,,3561,,33,https://bdpost.gov.bd/pages/static-pages/6922df8d933eb65569e22ba9
কুমিল্লা পোস্ট কোড,Barura,Mudafargonj SO,,3562,,34,https://bdpost.gov.bd/pages/static-pages/6922df8d933eb65569e22ba9
কুমিল্লা পোস্ট কোড,Laksam,Laksam UPO,,3570,,35,https://bdpost.gov.bd/pages/static-pages/6922df8d933eb65569e22ba9
কুমিল্লা পোস্ট কোড,Laksam,Lakshamanpur EDSO,,3571,,36,https://bdpost.gov.bd/pages/static-pages/6922df8d933eb65569e22ba9
কুমিল্লা পোস্ট কোড,Laksam,Bipulashar EDSO,,3572,,37,https://bdpost.gov.bd/pages/static-pages/6922df8d933eb65569e22ba9
কুমিল্লা পোস্ট কোড,Laksam,Choto Sharifpur SO,,3573,,38,https://bdpost.gov.bd/pages/static-pages/6922df8d933eb65569e22ba9
কুমিল্লা পোস্ট কোড,Nangalkot,Nangalkot UPO,,3580,,39,https://bdpost.gov.bd/pages/static-pages/6922df8d933eb65569e22ba9
কুমিল্লা পোস্ট কোড,Nangalkot,Dalua EDSO,,3581,,40,https://bdpost.gov.bd/pages/static-pages/6922df8d933eb65569e22ba9
কুমিল্লা পোস্ট কোড,Nangalkot,Chharia Bazar SO,,3582,,41,https://bdpost.gov.bd/pages/static-pages/6922df8d933eb65569e22ba9
কুমিল্লা পোস্ট কোড,Nangalkot,Gunabati SO,,3583,,42,https://bdpost.gov.bd/pages/static-pages/6922df8d933eb65569e22ba9
চাঁদপুর পোস্ট কোড,Sadar,Chandpur HO,,3600,,1,https://bdpost.gov.bd/pages/static-pages/6922e065933eb65569e26d8d
চাঁদপুর পোস্ট কোড,Sadar,Puranbazar SO,,3601,,2,https://bdpost.gov.bd/pages/static-pages/6922e065933eb65569e26d8d
চাঁদপুর পোস্ট কোড,Sadar,Baburhat SO,,3602,,3,https://bdpost.gov.bd/pages/static-pages/6922e065933eb65569e26d8d
চাঁদপুর পোস্ট কোড,Sadar,Sahatali EDSO,,3603,,4,https://bdpost.gov.bd/pages/static-pages/6922e065933eb65569e26d8d
চাঁদপুর পোস্ট কোড,Hajigonj,Hajigonj UPO,,3610,,5,https://bdpost.gov.bd/pages/static-pages/6922e065933eb65569e26d8d
চাঁদপুর পোস্ট কোড,Hajigonj,Balakhal SO,,3611,,6,https://bdpost.gov.bd/pages/static-pages/6922e065933eb65569e26d8d
চাঁদপুর পোস্ট কোড,Shahrasti,Shahrasti UPO,,3620,,7,https://bdpost.gov.bd/pages/static-pages/6922e065933eb65569e26d8d
চাঁদপুর পোস্ট কোড,Shahrasti,Khila Bazar EDSO,,3621,,8,https://bdpost.gov.bd/pages/static-pages/6922e065933eb65569e26d8d
চাঁদপুর পোস্ট কোড,Shahrasti,West Kherihar Alzamia Islamia Madrasa SO,,3622,,9,https://bdpost.gov.bd/pages/static-pages/6922e065933eb65569e26d8d
চাঁদপুর পোস্ট কোড,Shahrasti,Chitoshi SO,,3623,,10,https://bdpost.gov.bd/pages/static-pages/6922e065933eb65569e26d8d
চাঁদপুর পোস্ট কোড,Kachua,Kachua UPO,,3630,,11,https://bdpost.gov.bd/pages/static-pages/6922e065933eb65569e26d8d
চাঁদপুর পোস্ট কোড,Kachua,Paksrirampur EDSO,,3631,,12,https://bdpost.gov.bd/pages/static-pages/6922e065933eb65569e26d8d
চাঁদপুর পোস্ট কোড,Kachua,Rahima Nagar SO,,3632,,13,https://bdpost.gov.bd/pages/static-pages/6922e065933eb65569e26d8d
চাঁদপুর পোস্ট কোড,Kachua,Sachar SO,,3633,,14,https://bdpost.gov.bd/pages/static-pages/6922e065933eb65569e26d8d
চাঁদপুর পোস্ট কোড,Matlabgonj (Matlab),Matlabgonj (Matlab) UPO,,3640,,15,https://bdpost.gov.bd/pages/static-pages/6922e065933eb65569e26d8d
চাঁদপুর পোস্ট কোড,Matlabgonj (Matlab),Mohanpur SO,,3641,,16,https://bdpost.gov.bd/pages/static-pages/6922e065933eb65569e26d8d
চাঁদপুর পোস্ট কোড,Matlabgonj (Matlab),Kalipura Bazar EDSO,,3642,,17,https://bdpost.gov.bd/pages/static-pages/6922e065933eb65569e26d8d
চাঁদপুর পোস্ট কোড,Matlabgonj (Matlab),Changerchar SO,,3643,,18,https://bdpost.gov.bd/pages/static-pages/6922e065933eb65569e26d8d
চাঁদপুর পোস্ট কোড,Faridgonj,Faridgonj UPO,,3650,,19,https://bdpost.gov.bd/pages/static-pages/6922e065933eb65569e26d8d
চাঁদপুর পোস্ট কোড,Faridgonj,Chandra SO,,3651,,20,https://bdpost.gov.bd/pages/static-pages/6922e065933eb65569e26d8d
চাঁদপুর পোস্ট কোড,Faridgonj,Rupsha SO,,3652,,21,https://bdpost.gov.bd/pages/static-pages/6922e065933eb65569e26d8d
চাঁদপুর পোস্ট কোড,Faridgonj,Gridkalinda EDSO,,3653,,22,https://bdpost.gov.bd/pages/static-pages/6922e065933eb65569e26d8d
চাঁদপুর পোস্ট কোড,Faridgonj,Rampur EDSO,,3654,,23,https://bdpost.gov.bd/pages/static-pages/6922e065933eb65569e26d8d
চাঁদপুর পোস্ট কোড,Faridgonj,Isalampur Shah Yasin Senior Madrasa SO,,3655,,24,https://bdpost.gov.bd/pages/static-pages/6922e065933eb65569e26d8d
চাঁদপুর পোস্ট কোড,Haimchar,Haimchar UPO,,3660,,25,https://bdpost.gov.bd/pages/static-pages/6922e065933eb65569e26d8d
চাঁদপুর পোস্ট কোড,Haimchar,Gandamara SO,,3661,,26,https://bdpost.gov.bd/pages/static-pages/6922e065933eb65569e26d8d
লক্ষ্মীপুর পোস্ট কোড,Sadar,Lakshmipur UPO,,3700,,1,https://bdpost.gov.bd/pages/static-pages/6922df52933eb65569e21350
লক্ষ্মীপুর পোস্ট কোড,Sadar,Dalal Bazar SO,,3701,,2,https://bdpost.gov.bd/pages/static-pages/6922df52933eb65569e21350
লক্ষ্মীপুর পোস্ট কোড,Sadar,Bhabanigonj SO,,3702,,3,https://bdpost.gov.bd/pages/static-pages/6922df52933eb65569e21350
লক্ষ্মীপুর পোস্ট কোড,Sadar,Mandari SO,,3703,,4,https://bdpost.gov.bd/pages/static-pages/6922df52933eb65569e21350
লক্ষ্মীপুর পোস্ট কোড,Sadar,Keramotgonj SO,,3704,,5,https://bdpost.gov.bd/pages/static-pages/6922df52933eb65569e21350
লক্ষ্মীপুর পোস্ট কোড,Sadar,Rup Chara SO,,3705,,6,https://bdpost.gov.bd/pages/static-pages/6922df52933eb65569e21350
লক্ষ্মীপুর পোস্ট কোড,Sadar,Datta Para SO,,3706,,7,https://bdpost.gov.bd/pages/static-pages/6922df52933eb65569e21350
লক্ষ্মীপুর পোস্ট কোড,Sadar,Chaupalli EDSO,,3707,,8,https://bdpost.gov.bd/pages/static-pages/6922df52933eb65569e21350
লক্ষ্মীপুর পোস্ট কোড,Sadar,Chandragonj SO,,3708,,9,https://bdpost.gov.bd/pages/static-pages/6922df52933eb65569e21350
লক্ষ্মীপুর পোস্ট কোড,Sadar,Amani Lakshipur EDSO,,3709,,10,https://bdpost.gov.bd/pages/static-pages/6922df52933eb65569e21350
লক্ষ্মীপুর পোস্ট কোড,Roypur,Roypur UPO,,3710,,11,https://bdpost.gov.bd/pages/static-pages/6922df52933eb65569e21350
লক্ষ্মীপুর পোস্ট কোড,Roypur,Rakhalia Bazar SO,,3711,,12,https://bdpost.gov.bd/pages/static-pages/6922df52933eb65569e21350
লক্ষ্মীপুর পোস্ট কোড,Roypur,Nager Dighir Par SO,,3712,,13,https://bdpost.gov.bd/pages/static-pages/6922df52933eb65569e21350
লক্ষ্মীপুর পোস্ট কোড,Roypur,Haidergonj SO,,3713,,14,https://bdpost.gov.bd/pages/static-pages/6922df52933eb65569e21350
লক্ষ্মীপুর পোস্ট কোড,Roypur,Bhua Bari EDSO,,3714,,15,https://bdpost.gov.bd/pages/static-pages/6922df52933eb65569e21350
লক্ষ্মীপুর পোস্ট কোড,Ramgonj,Ramgonj UPO,,3720,,16,https://bdpost.gov.bd/pages/static-pages/6922df52933eb65569e21350
লক্ষ্মীপুর পোস্ট কোড,Ramgonj,Alipur EDSO,,3721,,17,https://bdpost.gov.bd/pages/static-pages/6922df52933eb65569e21350
লক্ষ্মীপুর পোস্ট কোড,Ramgonj,Pan Para EDSO,,3722,,18,https://bdpost.gov.bd/pages/static-pages/6922df52933eb65569e21350
লক্ষ্মীপুর পোস্ট কোড,Ramgonj,Kanchanpur EDSO,,3723,,19,https://bdpost.gov.bd/pages/static-pages/6922df52933eb65569e21350
লক্ষ্মীপুর পোস্ট কোড,Ramgonj,Nagmud SO,,3724,,20,https://bdpost.gov.bd/pages/static-pages/6922df52933eb65569e21350
লক্ষ্মীপুর পোস্ট কোড,Ramgonj,Dalta SO,,3725,,21,https://bdpost.gov.bd/pages/static-pages/6922df52933eb65569e21350
লক্ষ্মীপুর পোস্ট কোড,Ramgonj,Vatra SO,,3726,,22,https://bdpost.gov.bd/pages/static-pages/6922df52933eb65569e21350
লক্ষ্মীপুর পোস্ট কোড,Ramgonj,Sonapur Bazar SO,,3727,,23,https://bdpost.gov.bd/pages/static-pages/6922df52933eb65569e21350
লক্ষ্মীপুর পোস্ট কোড,Char Alexander (Rangamati),Char Alexander (Rangamati) UPO,,3730,,24,https://bdpost.gov.bd/pages/static-pages/6922df52933eb65569e21350
লক্ষ্মীপুর পোস্ট কোড,Char Alexander (Rangamati),Hajeer Hat SO,,3731,,25,https://bdpost.gov.bd/pages/static-pages/6922df52933eb65569e21350
লক্ষ্মীপুর পোস্ট কোড,Char Alexander (Rangamati),Ramgatir Hat SO,,3732,,26,https://bdpost.gov.bd/pages/static-pages/6922df52933eb65569e21350
নোয়াখালী পোস্ট কোড,Sadar,Noakhali HO,,3800,,1,https://bdpost.gov.bd/pages/static-pages/6922df42933eb65569e20e89
নোয়াখালী পোস্ট কোড,Sadar,Noakhali College SO,,3801,,2,https://bdpost.gov.bd/pages/static-pages/6922df42933eb65569e20e89
নোয়াখালী পোস্ট কোড,Sadar,Sonapur SO,,3802,,3,https://bdpost.gov.bd/pages/static-pages/6922df42933eb65569e20e89
নোয়াখালী পোস্ট কোড,Sadar,Din Manirhat EDSO,,3803,,4,https://bdpost.gov.bd/pages/static-pages/6922df42933eb65569e20e89
নোয়াখালী পোস্ট কোড,Sadar,Pak Kishoregonj EDSO,,3804,,5,https://bdpost.gov.bd/pages/static-pages/6922df42933eb65569e20e89
নোয়াখালী পোস্ট কোড,Sadar,Bander Hat EDSO,,3805,,6,https://bdpost.gov.bd/pages/static-pages/6922df42933eb65569e20e89
নোয়াখালী পোস্ট কোড,Sadar,Mridhar Hat EDSO,,3806,,7,https://bdpost.gov.bd/pages/static-pages/6922df42933eb65569e20e89
নোয়াখালী পোস্ট কোড,Sadar,Kabir Hat EDSO,,3807,,8,https://bdpost.gov.bd/pages/static-pages/6922df42933eb65569e20e89
নোয়াখালী পোস্ট কোড,Sadar,Kalifer Hat SO,,3808,,9,https://bdpost.gov.bd/pages/static-pages/6922df42933eb65569e20e89
নোয়াখালী পোস্ট কোড,Sadar,Charmatua SO,,3809,,10,https://bdpost.gov.bd/pages/static-pages/6922df42933eb65569e20e89
নোয়াখালী পোস্ট কোড,Sadar,Chaprashir Hat SO,,3811,,11,https://bdpost.gov.bd/pages/static-pages/6922df42933eb65569e20e89
নোয়াখালী পোস্ট কোড,Sadar,Charjabbar EDSO,,3812,,12,https://bdpost.gov.bd/pages/static-pages/6922df42933eb65569e20e89
নোয়াখালী পোস্ট কোড,Sadar,Charbata SO,,3813,,13,https://bdpost.gov.bd/pages/static-pages/6922df42933eb65569e20e89
নোয়াখালী পোস্ট কোড,Begumgonj,Begumgonj UPO,,3820,,14,https://bdpost.gov.bd/pages/static-pages/6922df42933eb65569e20e89
নোয়াখালী পোস্ট কোড,Begumgonj,Chowmohani (LSG) SO,,3821,,15,https://bdpost.gov.bd/pages/static-pages/6922df42933eb65569e20e89
নোয়াখালী পোস্ট কোড,Begumgonj,Banglabazar SO,,3822,,16,https://bdpost.gov.bd/pages/static-pages/6922df42933eb65569e20e89
নোয়াখালী পোস্ট কোড,Begumgonj,Mirwarishpur EDSO,,3823,,17,https://bdpost.gov.bd/pages/static-pages/6922df42933eb65569e20e89
নোয়াখালী পোস্ট কোড,Begumgonj,Bazra SO,,3824,,18,https://bdpost.gov.bd/pages/static-pages/6922df42933eb65569e20e89
নোয়াখালী পোস্ট কোড,Begumgonj,Zamidarhat SO,,3825,,19,https://bdpost.gov.bd/pages/static-pages/6922df42933eb65569e20e89
নোয়াখালী পোস্ট কোড,Begumgonj,Durgapur EDSO,,3826,,20,https://bdpost.gov.bd/pages/static-pages/6922df42933eb65569e20e89
নোয়াখালী পোস্ট কোড,Begumgonj,Sunaimuri (LSG) SO,,3827,,21,https://bdpost.gov.bd/pages/static-pages/6922df42933eb65569e20e89
নোয়াখালী পোস্ট কোড,Begumgonj,Gopalpur So,,3828,,22,https://bdpost.gov.bd/pages/static-pages/6922df42933eb65569e20e89
নোয়াখালী পোস্ট কোড,Begumgonj,Joy Narayanpur SO,,3829,,23,https://bdpost.gov.bd/pages/static-pages/6922df42933eb65569e20e89
নোয়াখালী পোস্ট কোড,Begumgonj,Alaiyarpur EDSO,,3831,,24,https://bdpost.gov.bd/pages/static-pages/6922df42933eb65569e20e89
নোয়াখালী পোস্ট কোড,Begumgonj,Tangirpahar Batika EDSO,,3832,,25,https://bdpost.gov.bd/pages/static-pages/6922df42933eb65569e20e89
নোয়াখালী পোস্ট কোড,Begumgonj,Khelafat Bazar SO,,3833,,26,https://bdpost.gov.bd/pages/static-pages/6922df42933eb65569e20e89
নোয়াখালী পোস্ট কোড,Begumgonj,Rajgonj SO,,3834,,27,https://bdpost.gov.bd/pages/static-pages/6922df42933eb65569e20e89
নোয়াখালী পোস্ট কোড,Begumgonj,Wasekpur SO,,3835,,28,https://bdpost.gov.bd/pages/static-pages/6922df42933eb65569e20e89
নোয়াখালী পোস্ট কোড,Begumgonj,Amishapara SO,,3836,,29,https://bdpost.gov.bd/pages/static-pages/6922df42933eb65569e20e89
নোয়াখালী পোস্ট কোড,Begumgonj,Bhabani Jibonpur SO,,3837,,30,https://bdpost.gov.bd/pages/static-pages/6922df42933eb65569e20e89
নোয়াখালী পোস্ট কোড,Begumgonj,Moheshgonj EDSO,,3838,,31,https://bdpost.gov.bd/pages/static-pages/6922df42933eb65569e20e89
নোয়াখালী পোস্ট কোড,Begumgonj,Nadona EDSO,,3839,,32,https://bdpost.gov.bd/pages/static-pages/6922df42933eb65569e20e89
নোয়াখালী পোস্ট কোড,Begumgonj,Nandiapara SO,,3841,,33,https://bdpost.gov.bd/pages/static-pages/6922df42933eb65569e20e89
নোয়াখালী পোস্ট কোড,Begumgonj,Khalishpur EDSO,,3842,,34,https://bdpost.gov.bd/pages/static-pages/6922df42933eb65569e20e89
নোয়াখালী পোস্ট কোড,Begumgonj,Deoti SO,,3843,,35,https://bdpost.gov.bd/pages/static-pages/6922df42933eb65569e20e89
নোয়াখালী পোস্ট কোড,Begumgonj,Johag SO,,3844,,36,https://bdpost.gov.bd/pages/static-pages/6922df42933eb65569e20e89
নোয়াখালী পোস্ট কোড,Begumgonj,Thanarhat SO,,3845,,37,https://bdpost.gov.bd/pages/static-pages/6922df42933eb65569e20e89
নোয়াখালী পোস্ট কোড,Bashurhat (Companigonj),Bashurhat (Companigonj) UPO,,3850,,38,https://bdpost.gov.bd/pages/static-pages/6922df42933eb65569e20e89
নোয়াখালী পোস্ট কোড,Bashurhat (Companigonj),Charhazari EDSO,,3851,,39,https://bdpost.gov.bd/pages/static-pages/6922df42933eb65569e20e89
নোয়াখালী পোস্ট কোড,Senbagh,Senbagh UPO,,3860,,40,https://bdpost.gov.bd/pages/static-pages/6922df42933eb65569e20e89
নোয়াখালী পোস্ট কোড,Senbagh,Kalyandi EDSO,,3861,,41,https://bdpost.gov.bd/pages/static-pages/6922df42933eb65569e20e89
নোয়াখালী পোস্ট কোড,Senbagh,Bijbag SO,,3862,,42,https://bdpost.gov.bd/pages/static-pages/6922df42933eb65569e20e89
নোয়াখালী পোস্ট কোড,Senbagh,Kankirhat EDSO,,3863,,43,https://bdpost.gov.bd/pages/static-pages/6922df42933eb65569e20e89
নোয়াখালী পোস্ট কোড,Senbagh,Chhatterpalya SO,,3864,,44,https://bdpost.gov.bd/pages/static-pages/6922df42933eb65569e20e89
নোয়াখালী পোস্ট কোড,Senbagh,TP Lemua SO,,3865,,45,https://bdpost.gov.bd/pages/static-pages/6922df42933eb65569e20e89
নোয়াখালী পোস্ট কোড,Chatkhil,Chatkhil,,3870,,46,https://bdpost.gov.bd/pages/static-pages/6922df42933eb65569e20e89
নোয়াখালী পোস্ট কোড,Chatkhil,Palla EDSO,,3871,,47,https://bdpost.gov.bd/pages/static-pages/6922df42933eb65569e20e89
নোয়াখালী পোস্ট কোড,Chatkhil,Khilpara SO,,3872,,48,https://bdpost.gov.bd/pages/static-pages/6922df42933eb65569e20e89
নোয়াখালী পোস্ট কোড,Chatkhil,Badal Kort SO,,3873,,49,https://bdpost.gov.bd/pages/static-pages/6922df42933eb65569e20e89
নোয়াখালী পোস্ট কোড,Chatkhil,Razzakpur SO,,3874,,50,https://bdpost.gov.bd/pages/static-pages/6922df42933eb65569e20e89
নোয়াখালী পোস্ট কোড,Chatkhil,Solla EDSO,,3875,,51,https://bdpost.gov.bd/pages/static-pages/6922df42933eb65569e20e89
নোয়াখালী পোস্ট কোড,Chatkhil,Sing Bahura EDSO,,3876,,52,https://bdpost.gov.bd/pages/static-pages/6922df42933eb65569e20e89
নোয়াখালী পোস্ট কোড,Chatkhil,Karihati SO,,3877,,53,https://bdpost.gov.bd/pages/static-pages/6922df42933eb65569e20e89
নোয়াখালী পোস্ট কোড,Chatkhil,Dashgharia SO,,3878,,54,https://bdpost.gov.bd/pages/static-pages/6922df42933eb65569e20e89
নোয়াখালী পোস্ট কোড,Chatkhil,Bansa Bazar EDSO,,3879,,55,https://bdpost.gov.bd/pages/static-pages/6922df42933eb65569e20e89
নোয়াখালী পোস্ট কোড,Chatkhil,Shahapur SO,,3881,,56,https://bdpost.gov.bd/pages/static-pages/6922df42933eb65569e20e89
নোয়াখালী পোস্ট কোড,Chatkhil,Sompara SO,,3882,,57,https://bdpost.gov.bd/pages/static-pages/6922df42933eb65569e20e89
নোয়াখালী পোস্ট কোড,Hatya,Hatya UPO,,3890,,58,https://bdpost.gov.bd/pages/static-pages/6922df42933eb65569e20e89
নোয়াখালী পোস্ট কোড,Hatya,Afazia Bazar SO,,3891,,59,https://bdpost.gov.bd/pages/static-pages/6922df42933eb65569e20e89
নোয়াখালী পোস্ট কোড,Hatya,Tamaraddi SO,,3892,,60,https://bdpost.gov.bd/pages/static-pages/6922df42933eb65569e20e89
নোয়াখালী পোস্ট কোড,Hatya,Chowrangi Bazar SO,,3893,,61,https://bdpost.gov.bd/pages/static-pages/6922df42933eb65569e20e89
ফেণী পোস্ট কোড,Sadar,Feni HO,,3900,,1,https://bdpost.gov.bd/pages/static-pages/6922e009933eb65569e2522c
ফেণী পোস্ট কোড,Sadar,Fazlipur SO,,3901,,2,https://bdpost.gov.bd/pages/static-pages/6922e009933eb65569e2522c
ফেণী পোস্ট কোড,Sadar,Sarsadi SO,,3902,,3,https://bdpost.gov.bd/pages/static-pages/6922e009933eb65569e2522c
ফেণী পোস্ট কোড,Sadar,Laskarhat EDSO,,3903,,4,https://bdpost.gov.bd/pages/static-pages/6922e009933eb65569e2522c
ফেণী পোস্ট কোড,Chhagal Naiya,Chhagal Naiya UPO,,3910,,5,https://bdpost.gov.bd/pages/static-pages/6922e009933eb65569e2522c
ফেণী পোস্ট কোড,Chhagal Naiya,Maharajgonj SO,,3911,,6,https://bdpost.gov.bd/pages/static-pages/6922e009933eb65569e2522c
ফেণী পোস্ট কোড,Chhagal Naiya,Darogerhat SO,,3912,,7,https://bdpost.gov.bd/pages/static-pages/6922e009933eb65569e2522c
ফেণী পোস্ট কোড,Chhagal Naiya,Purba Silua EDSO,,3913,,8,https://bdpost.gov.bd/pages/static-pages/6922e009933eb65569e2522c
ফেণী পোস্ট কোড,Dagon Bhuiyan,Dagon Bhuiyan UPO,,3920,,9,https://bdpost.gov.bd/pages/static-pages/6922e009933eb65569e2522c
ফেণী পোস্ট কোড,Dagon Bhuiyan,Dudmukha SO,,3921,,10,https://bdpost.gov.bd/pages/static-pages/6922e009933eb65569e2522c
ফেণী পোস্ট কোড,Dagon Bhuiyan,Chhilonia EDSO,,3922,,11,https://bdpost.gov.bd/pages/static-pages/6922e009933eb65569e2522c
ফেণী পোস্ট কোড,Dagon Bhuiyan,Razapur EDSO,,3923,,12,https://bdpost.gov.bd/pages/static-pages/6922e009933eb65569e2522c
ফেণী পোস্ট কোড,Sonagazi,Sonagazi UPO,,3930,,13,https://bdpost.gov.bd/pages/static-pages/6922e009933eb65569e2522c
ফেণী পোস্ট কোড,Sonagazi,Matigonj EDSO,,3931,,14,https://bdpost.gov.bd/pages/static-pages/6922e009933eb65569e2522c
ফেণী পোস্ট কোড,Sonagazi,Ahmadpur SO,,3932,,15,https://bdpost.gov.bd/pages/static-pages/6922e009933eb65569e2522c
ফেণী পোস্ট কোড,Sonagazi,Kazirhat SO,,3933,,16,https://bdpost.gov.bd/pages/static-pages/6922e009933eb65569e2522c
ফেণী পোস্ট কোড,Parshuram,Parshuram UPO,,3940,,17,https://bdpost.gov.bd/pages/static-pages/6922e009933eb65569e2522c
ফেণী পোস্ট কোড,Parshuram,Surabazar SO,,3941,,18,https://bdpost.gov.bd/pages/static-pages/6922e009933eb65569e2522c
ফেণী পোস্ট কোড,Parshuram,Fulgazi SO,,3942,,19,https://bdpost.gov.bd/pages/static-pages/6922e009933eb65569e2522c
ফেণী পোস্ট কোড,Parshuram,Munshirhat SO,,3943,,20,https://bdpost.gov.bd/pages/static-pages/6922e009933eb65569e2522c
চট্টগ্রাম পোস্ট কোড,Sadar,Chattogram GPO,,4000,,1,https://bdpost.gov.bd/pages/static-pages/6922df21933eb65569e2011d
চট্টগ্রাম পোস্ট কোড,Sadar,NNM Madrasa EDBO,,,,,https://bdpost.gov.bd/pages/static-pages/6922df21933eb65569e2011d
চট্টগ্রাম পোস্ট কোড,Sadar,Chattogram HO,,4100,,2,https://bdpost.gov.bd/pages/static-pages/6922df21933eb65569e2011d
চট্টগ্রাম পোস্ট কোড,Sadar,Pahartali TSO,,4202,,3,https://bdpost.gov.bd/pages/static-pages/6922df21933eb65569e2011d
চট্টগ্রাম পোস্ট কোড,Sadar,Chackbazar TSO,,4203,,4,https://bdpost.gov.bd/pages/static-pages/6922df21933eb65569e2011d
চট্টগ্রাম পোস্ট কোড,Sadar,Patenga TSO,,4204,,5,https://bdpost.gov.bd/pages/static-pages/6922df21933eb65569e2011d
চট্টগ্রাম পোস্ট কোড,Sadar,Chattogram Airport TSO,,4205,,6,https://bdpost.gov.bd/pages/static-pages/6922df21933eb65569e2011d
চট্টগ্রাম পোস্ট কোড,Sadar,Jaldia Marine Academy TSO,,4206,,7,https://bdpost.gov.bd/pages/static-pages/6922df21933eb65569e2011d
চট্টগ্রাম পোস্ট কোড,Sadar,Ferozsha Colony TSO,,4207,,8,https://bdpost.gov.bd/pages/static-pages/6922df21933eb65569e2011d
চট্টগ্রাম পোস্ট কোড,Sadar,Mohra TSO,,4208,,9,https://bdpost.gov.bd/pages/static-pages/6922df21933eb65569e2011d
চট্টগ্রাম পোস্ট কোড,Sadar,Chattogram Politechnique Institute TSO,,4209,,10,https://bdpost.gov.bd/pages/static-pages/6922df21933eb65569e2011d
চট্টগ্রাম পোস্ট কোড,Sadar,Bayzid Bostami TSO,,4210,,11,https://bdpost.gov.bd/pages/static-pages/6922df21933eb65569e2011d
চট্টগ্রাম পোস্ট কোড,Sadar,Amin Jute Mills TSO,,4211,,12,https://bdpost.gov.bd/pages/static-pages/6922df21933eb65569e2011d
চট্টগ্রাম পোস্ট কোড,Sadar,Chandgaon TSO,,4212,,13,https://bdpost.gov.bd/pages/static-pages/6922df21933eb65569e2011d
চট্টগ্রাম পোস্ট কোড,Sadar,Wazedia Madrasa TSO,,4213,,14,https://bdpost.gov.bd/pages/static-pages/6922df21933eb65569e2011d
চট্টগ্রাম পোস্ট কোড,Sadar,Jalalbad TSO,,4214,,15,https://bdpost.gov.bd/pages/static-pages/6922df21933eb65569e2011d
চট্টগ্রাম পোস্ট কোড,Sadar,Anando Bazar EDSO,,4215,,16,https://bdpost.gov.bd/pages/static-pages/6922df21933eb65569e2011d
চট্টগ্রাম পোস্ট কোড,Sadar,Halishar Housing Estate TSO,,4216,,17,https://bdpost.gov.bd/pages/static-pages/6922df21933eb65569e2011d
চট্টগ্রাম পোস্ট কোড,Sadar,North Kottoli TSO,,4217,,18,https://bdpost.gov.bd/pages/static-pages/6922df21933eb65569e2011d
চট্টগ্রাম পোস্ট কোড,Sadar,Chattogram Sailors Colony TSO,,4218,,19,https://bdpost.gov.bd/pages/static-pages/6922df21933eb65569e2011d
চট্টগ্রাম পোস্ট কোড,Sadar,Chattogram Custom Academy TSO,,4219,,20,https://bdpost.gov.bd/pages/static-pages/6922df21933eb65569e2011d
চট্টগ্রাম পোস্ট কোড,Sadar,Chattogram Cantt. TSO,,4220,,21,https://bdpost.gov.bd/pages/static-pages/6922df21933eb65569e2011d
চট্টগ্রাম পোস্ট কোড,Sadar,Al-Amin Baria Madrasa EDSO,,4221,,22,https://bdpost.gov.bd/pages/static-pages/6922df21933eb65569e2011d
চট্টগ্রাম পোস্ট কোড,Sadar,Middle Patenga Chowdhuripara TSO,,4222,,23,https://bdpost.gov.bd/pages/static-pages/6922df21933eb65569e2011d
চট্টগ্রাম পোস্ট কোড,Sadar,Export Processing Zone TSO,,4223,,24,https://bdpost.gov.bd/pages/static-pages/6922df21933eb65569e2011d
চট্টগ্রাম পোস্ট কোড,Sadar,Rampur TSO,,4224,,25,https://bdpost.gov.bd/pages/static-pages/6922df21933eb65569e2011d
চট্টগ্রাম পোস্ট কোড,Sadar,Zakir Hossain Road TSO,,4225,,26,https://bdpost.gov.bd/pages/static-pages/6922df21933eb65569e2011d
চট্টগ্রাম পোস্ট কোড,Sadar,Uttar Halishar TSO,,4226,,27,https://bdpost.gov.bd/pages/static-pages/6922df21933eb65569e2011d
চট্টগ্রাম পোস্ট কোড,Sitakundu,Sitakundu UPO,,4310,,28,https://bdpost.gov.bd/pages/static-pages/6922df21933eb65569e2011d
চট্টগ্রাম পোস্ট কোড,Sitakundu,Jafar Nagar EDBO,,,,,https://bdpost.gov.bd/pages/static-pages/6922df21933eb65569e2011d
চট্টগ্রাম পোস্ট কোড,Sitakundu,Muradpur EDBO,,,,,https://bdpost.gov.bd/pages/static-pages/6922df21933eb65569e2011d
চট্টগ্রাম পোস্ট কোড,Sitakundu,Baraiadala So,,4311,,29,https://bdpost.gov.bd/pages/static-pages/6922df21933eb65569e2011d
চট্টগ্রাম পোস্ট কোড,Sitakundu,Kamar Ali EDBO,,,,,https://bdpost.gov.bd/pages/static-pages/6922df21933eb65569e2011d
চট্টগ্রাম পোস্ট কোড,Sitakundu,Choto Daroga Hat EDBO,,,,,https://bdpost.gov.bd/pages/static-pages/6922df21933eb65569e2011d
চট্টগ্রাম পোস্ট কোড,Sitakundu,Domkhali Somiti Hat EDBO,,,,,https://bdpost.gov.bd/pages/static-pages/6922df21933eb65569e2011d
চট্টগ্রাম পোস্ট কোড,Sitakundu,Boro Daroga Hat EDBO,,,,,https://bdpost.gov.bd/pages/static-pages/6922df21933eb65569e2011d
চট্টগ্রাম পোস্ট কোড,Sitakundu,Baliadi EDBO,,,,,https://bdpost.gov.bd/pages/static-pages/6922df21933eb65569e2011d
চট্টগ্রাম পোস্ট কোড,Sitakundu,Mohanagar EDBO,,,,,https://bdpost.gov.bd/pages/static-pages/6922df21933eb65569e2011d
চট্টগ্রাম পোস্ট কোড,Sitakundu,Shekher Hat EDBO,,,,,https://bdpost.gov.bd/pages/static-pages/6922df21933eb65569e2011d
চট্টগ্রাম পোস্ট কোড,Sitakundu,Barabkunda SO,,4312,,30,https://bdpost.gov.bd/pages/static-pages/6922df21933eb65569e2011d
চট্টগ্রাম পোস্ট কোড,Sitakundu,Bashbaria SO,,4313,,31,https://bdpost.gov.bd/pages/static-pages/6922df21933eb65569e2011d
চট্টগ্রাম পোস্ট কোড,Sitakundu,Kumira SO,,4314,,32,https://bdpost.gov.bd/pages/static-pages/6922df21933eb65569e2011d
চট্টগ্রাম পোস্ট কোড,Sitakundu,Shitolpur EDBO,,,,,https://bdpost.gov.bd/pages/static-pages/6922df21933eb65569e2011d
চট্টগ্রাম পোস্ট কোড,Sitakundu,Hafiz Jute Mills EDBO,,,,,https://bdpost.gov.bd/pages/static-pages/6922df21933eb65569e2011d
চট্টগ্রাম পোস্ট কোড,Sitakundu,Dakkhin Shitolpur Raja Kashem EDBO,,,,,https://bdpost.gov.bd/pages/static-pages/6922df21933eb65569e2011d
চট্টগ্রাম পোস্ট কোড,Sitakundu,Bhatiari SO,,4315,,33,https://bdpost.gov.bd/pages/static-pages/6922df21933eb65569e2011d
চট্টগ্রাম পোস্ট কোড,Sitakundu,Fouzderhat Cadet College SO,,4316,,34,https://bdpost.gov.bd/pages/static-pages/6922df21933eb65569e2011d
চট্টগ্রাম পোস্ট কোড,Sitakundu,Zafrabad SO,,4317,,35,https://bdpost.gov.bd/pages/static-pages/6922df21933eb65569e2011d
চট্টগ্রাম পোস্ট কোড,Sitakundu,IIUC SO,,4318,,36,https://bdpost.gov.bd/pages/static-pages/6922df21933eb65569e2011d
চট্টগ্রাম পোস্ট কোড,Mireshwarai,Mireshwarai UPO,,4320,,37,https://bdpost.gov.bd/pages/static-pages/6922df21933eb65569e2011d
চট্টগ্রাম পোস্ট কোড,Mireshwarai,Komoldoho EDBO,,,,,https://bdpost.gov.bd/pages/static-pages/6922df21933eb65569e2011d
চট্টগ্রাম পোস্ট কোড,Mireshwarai,Nijampur College EDBO,,,,,https://bdpost.gov.bd/pages/static-pages/6922df21933eb65569e2011d
চট্টগ্রাম পোস্ট কোড,Mireshwarai,Hadi Fakirhat EDBO,,,,,https://bdpost.gov.bd/pages/static-pages/6922df21933eb65569e2011d
চট্টগ্রাম পোস্ট কোড,Mireshwarai,Haid Kandi EDBO,,,,,https://bdpost.gov.bd/pages/static-pages/6922df21933eb65569e2011d
চট্টগ্রাম পোস্ট কোড,Mireshwarai,Mithanala EDBO,,,,,https://bdpost.gov.bd/pages/static-pages/6922df21933eb65569e2011d
চট্টগ্রাম পোস্ট কোড,Mireshwarai,Bortakiya EDBO,,,,,https://bdpost.gov.bd/pages/static-pages/6922df21933eb65569e2011d
চট্টগ্রাম পোস্ট কোড,Mireshwarai,Moliaish EDBO,,,,,https://bdpost.gov.bd/pages/static-pages/6922df21933eb65569e2011d
চট্টগ্রাম পোস্ট কোড,Mireshwarai,Mithachara EDBO,,,,,https://bdpost.gov.bd/pages/static-pages/6922df21933eb65569e2011d
চট্টগ্রাম পোস্ট কোড,Mireshwarai,Sufiya Madrasa EDBO,,,,,https://bdpost.gov.bd/pages/static-pages/6922df21933eb65569e2011d
চট্টগ্রাম পোস্ট কোড,Mireshwarai,Abutorab SO,,4321,,38,https://bdpost.gov.bd/pages/static-pages/6922df21933eb65569e2011d
চট্টগ্রাম পোস্ট কোড,Mireshwarai,Darogahat EDSO,,4322,,39,https://bdpost.gov.bd/pages/static-pages/6922df21933eb65569e2011d
চট্টগ্রাম পোস্ট কোড,Mireshwarai,Bharadazhat EDSO,,4323,,40,https://bdpost.gov.bd/pages/static-pages/6922df21933eb65569e2011d
চট্টগ্রাম পোস্ট কোড,Mireshwarai,Bongnur EDBO,,,,,https://bdpost.gov.bd/pages/static-pages/6922df21933eb65569e2011d
চট্টগ্রাম পোস্ট কোড,Mireshwarai,Eshak Driver Hat EDBO,,,,,https://bdpost.gov.bd/pages/static-pages/6922df21933eb65569e2011d
চট্টগ্রাম পোস্ট কোড,Mireshwarai,Joraganj SO,,4324,,41,https://bdpost.gov.bd/pages/static-pages/6922df21933eb65569e2011d
চট্টগ্রাম পোস্ট কোড,Mireshwarai,Abur Hat EDBO,,,,,https://bdpost.gov.bd/pages/static-pages/6922df21933eb65569e2011d
চট্টগ্রাম পোস্ট কোড,Mireshwarai,Choitonner Hat EDBO,,,,,https://bdpost.gov.bd/pages/static-pages/6922df21933eb65569e2011d
চট্টগ্রাম পোস্ট কোড,Mireshwarai,Temuhoni EDBO,,,,,https://bdpost.gov.bd/pages/static-pages/6922df21933eb65569e2011d
চট্টগ্রাম পোস্ট কোড,Mireshwarai,Bishu Mia Hat EDBO,,,,,https://bdpost.gov.bd/pages/static-pages/6922df21933eb65569e2011d
চট্টগ্রাম পোস্ট কোড,Mireshwarai,Matbar Hat EDBO,,,,,https://bdpost.gov.bd/pages/static-pages/6922df21933eb65569e2011d
চট্টগ্রাম পোস্ট কোড,Mireshwarai,Azampur EDSO,,4325,,42,https://bdpost.gov.bd/pages/static-pages/6922df21933eb65569e2011d
চট্টগ্রাম পোস্ট কোড,Mireshwarai,Mahajanhat SO,,4326,,43,https://bdpost.gov.bd/pages/static-pages/6922df21933eb65569e2011d
চট্টগ্রাম পোস্ট কোড,Mireshwarai,Poragolpur EDSO,,,,,https://bdpost.gov.bd/pages/static-pages/6922df21933eb65569e2011d
চট্টগ্রাম পোস্ট কোড,Mireshwarai,Mobarok Ghona EDSO,,,,,https://bdpost.gov.bd/pages/static-pages/6922df21933eb65569e2011d
চট্টগ্রাম পোস্ট কোড,Mireshwarai,Shantir Hat EDSO,,,,,https://bdpost.gov.bd/pages/static-pages/6922df21933eb65569e2011d
চট্টগ্রাম পোস্ট কোড,Mireshwarai,Hinguli EDSO,,,,,https://bdpost.gov.bd/pages/static-pages/6922df21933eb65569e2011d
চট্টগ্রাম পোস্ট কোড,Mireshwarai,Karehat SO,,4327,,44,https://bdpost.gov.bd/pages/static-pages/6922df21933eb65569e2011d
চট্টগ্রাম পোস্ট কোড,Sandwip,Sandwip UPO,,4300,,45,https://bdpost.gov.bd/pages/static-pages/6922df21933eb65569e2011d
চট্টগ্রাম পোস্ট কোড,Sandwip,Akbar Hat EDBO,,,,,https://bdpost.gov.bd/pages/static-pages/6922df21933eb65569e2011d
চট্টগ্রাম পোস্ট কোড,Sandwip,Ali Mia Bazar EDBO,,,,,https://bdpost.gov.bd/pages/static-pages/6922df21933eb65569e2011d
চট্টগ্রাম পোস্ট কোড,Sandwip,Azizia EDBO,,,,,https://bdpost.gov.bd/pages/static-pages/6922df21933eb65569e2011d
চট্টগ্রাম পোস্ট কোড,Sandwip,Osmania EDBO,,,,,https://bdpost.gov.bd/pages/static-pages/6922df21933eb65569e2011d
চট্টগ্রাম পোস্ট কোড,Sandwip,Kalapaniya EDBO,,,,,https://bdpost.gov.bd/pages/static-pages/6922df21933eb65569e2011d
চট্টগ্রাম পোস্ট কোড,Sandwip,Gachua EDBO,,,,,https://bdpost.gov.bd/pages/static-pages/6922df21933eb65569e2011d
চট্টগ্রাম পোস্ট কোড,Sandwip,Tukur Munshir Bazar EDBO,,,,,https://bdpost.gov.bd/pages/static-pages/6922df21933eb65569e2011d
চট্টগ্রাম পোস্ট কোড,Sandwip,Doja Nagar EDBO,,,,,https://bdpost.gov.bd/pages/static-pages/6922df21933eb65569e2011d
চট্টগ্রাম পোস্ট কোড,Sandwip,North Mogdhara EDBO,,,,,https://bdpost.gov.bd/pages/static-pages/6922df21933eb65569e2011d
চট্টগ্রাম পোস্ট কোড,Sandwip,Palashyer Bazar EDBO,,,,,https://bdpost.gov.bd/pages/static-pages/6922df21933eb65569e2011d
চট্টগ্রাম পোস্ট কোড,Sandwip,Boktar Hat EDBO,,,,,https://bdpost.gov.bd/pages/static-pages/6922df21933eb65569e2011d
চট্টগ্রাম পোস্ট কোড,Sandwip,Bauriya EDBO,,,,,https://bdpost.gov.bd/pages/static-pages/6922df21933eb65569e2011d
চট্টগ্রাম পোস্ট কোড,Sandwip,Banir Hat EDBO,,,,,https://bdpost.gov.bd/pages/static-pages/6922df21933eb65569e2011d
চট্টগ্রাম পোস্ট কোড,Sandwip,Bhuiyar Hat EDBO,,,,,https://bdpost.gov.bd/pages/static-pages/6922df21933eb65569e2011d
চট্টগ্রাম পোস্ট কোড,Sandwip,Mogdhara EDBO,,,,,https://bdpost.gov.bd/pages/static-pages/6922df21933eb65569e2011d
চট্টগ্রাম পোস্ট কোড,Sandwip,Mowlovir Bazar EDBO,,,,,https://bdpost.gov.bd/pages/static-pages/6922df21933eb65569e2011d
চট্টগ্রাম পোস্ট কোড,Sandwip,Muchapur EDBO,,,,,https://bdpost.gov.bd/pages/static-pages/6922df21933eb65569e2011d
চট্টগ্রাম পোস্ট কোড,Sandwip,Mait Vanga EDBO,,,,,https://bdpost.gov.bd/pages/static-pages/6922df21933eb65569e2011d
চট্টগ্রাম পোস্ট কোড,Sandwip,Somitir Bazar EDBO,,,,,https://bdpost.gov.bd/pages/static-pages/6922df21933eb65569e2011d
চট্টগ্রাম পোস্ট কোড,Sandwip,Rahmatpur EDBO,,,,,https://bdpost.gov.bd/pages/static-pages/6922df21933eb65569e2011d
চট্টগ্রাম পোস্ট কোড,Sandwip,Santoshpur EDBO,,,,,https://bdpost.gov.bd/pages/static-pages/6922df21933eb65569e2011d
চট্টগ্রাম পোস্ট কোড,Sandwip,Sarikait EDBO,,,,,https://bdpost.gov.bd/pages/static-pages/6922df21933eb65569e2011d
চট্টগ্রাম পোস্ট কোড,Sandwip,Sholosohar EDBO,,,,,https://bdpost.gov.bd/pages/static-pages/6922df21933eb65569e2011d
চট্টগ্রাম পোস্ট কোড,Sandwip,Shiberhat EDSO,,4301,,46,https://bdpost.gov.bd/pages/static-pages/6922df21933eb65569e2011d
চট্টগ্রাম পোস্ট কোড,Sandwip,Urirchar SO,,4302,,47,https://bdpost.gov.bd/pages/static-pages/6922df21933eb65569e2011d
চট্টগ্রাম পোস্ট কোড,Hathazari,Hathazari UPO,,4330,,48,https://bdpost.gov.bd/pages/static-pages/6922df21933eb65569e2011d
চট্টগ্রাম পোস্ট কোড,Hathazari,East Mekhol EDBO,,,,,https://bdpost.gov.bd/pages/static-pages/6922df21933eb65569e2011d
চট্টগ্রাম পোস্ট কোড,Hathazari,Chattogram University SO,,4331,,49,https://bdpost.gov.bd/pages/static-pages/6922df21933eb65569e2011d
চট্টগ্রাম পোস্ট কোড,Hathazari,Ghar Duara EDSO,,4332,,50,https://bdpost.gov.bd/pages/static-pages/6922df21933eb65569e2011d
চট্টগ্রাম পোস্ট কোড,Hathazari,Katirhat SO,,4333,,51,https://bdpost.gov.bd/pages/static-pages/6922df21933eb65569e2011d
চট্টগ্রাম পোস্ট কোড,Hathazari,Mirzapur EDSO,,4334,,52,https://bdpost.gov.bd/pages/static-pages/6922df21933eb65569e2011d
চট্টগ্রাম পোস্ট কোড,Hathazari,Fatehabad SO,,4335,,53,https://bdpost.gov.bd/pages/static-pages/6922df21933eb65569e2011d
চট্টগ্রাম পোস্ট কোড,Hathazari,Nondir Hat EDBO,,,,,https://bdpost.gov.bd/pages/static-pages/6922df21933eb65569e2011d
চট্টগ্রাম পোস্ট কোড,Hathazari,Madrasa SO,,4336,,54,https://bdpost.gov.bd/pages/static-pages/6922df21933eb65569e2011d
চট্টগ্রাম পোস্ট কোড,Hathazari,Bodiul Alam Hat EDBO,,,,,https://bdpost.gov.bd/pages/static-pages/6922df21933eb65569e2011d
চট্টগ্রাম পোস্ট কোড,Hathazari,Somitir Hat EDBO,,,,,https://bdpost.gov.bd/pages/static-pages/6922df21933eb65569e2011d
চট্টগ্রাম পোস্ট কোড,Hathazari,Nuralibari SO,,4337,,55,https://bdpost.gov.bd/pages/static-pages/6922df21933eb65569e2011d
চট্টগ্রাম পোস্ট কোড,Hathazari,Rashidbari EDBO,,,,,https://bdpost.gov.bd/pages/static-pages/6922df21933eb65569e2011d
চট্টগ্রাম পোস্ট কোড,Hathazari,Yunus Nagar EDSO,,4338,,56,https://bdpost.gov.bd/pages/static-pages/6922df21933eb65569e2011d
চট্টগ্রাম পোস্ট কোড,Raozan,Raozan UPO,,4340,,57,https://bdpost.gov.bd/pages/static-pages/6922df21933eb65569e2011d
চট্টগ্রাম পোস্ট কোড,Raozan,Kodolpur EDBO,,,,,https://bdpost.gov.bd/pages/static-pages/6922df21933eb65569e2011d
চট্টগ্রাম পোস্ট কোড,Raozan,Chittopara EDBO,,,,,https://bdpost.gov.bd/pages/static-pages/6922df21933eb65569e2011d
চট্টগ্রাম পোস্ট কোড,Raozan,Natowan EDBO,,,,,https://bdpost.gov.bd/pages/static-pages/6922df21933eb65569e2011d
চট্টগ্রাম পোস্ট কোড,Raozan,Fokir Takiya EDBO,,,,,https://bdpost.gov.bd/pages/static-pages/6922df21933eb65569e2011d
চট্টগ্রাম পোস্ট কোড,Raozan,Moddhom Kodolpur EDBO,,,,,https://bdpost.gov.bd/pages/static-pages/6922df21933eb65569e2011d
চট্টগ্রাম পোস্ট কোড,Raozan,Mohammadpur EDBO,,,,,https://bdpost.gov.bd/pages/static-pages/6922df21933eb65569e2011d
চট্টগ্রাম পোস্ট কোড,Raozan,Ramjan Ali Hat EDBO,,,,,https://bdpost.gov.bd/pages/static-pages/6922df21933eb65569e2011d
চট্টগ্রাম পোস্ট কোড,Raozan,Sultanpur EDBO,,,,,https://bdpost.gov.bd/pages/static-pages/6922df21933eb65569e2011d
চট্টগ্রাম পোস্ট কোড,Raozan,Hingola EDBO,,,,,https://bdpost.gov.bd/pages/static-pages/6922df21933eb65569e2011d
চট্টগ্রাম পোস্ট কোড,Raozan,Binajuri SO,,4341,,58,https://bdpost.gov.bd/pages/static-pages/6922df21933eb65569e2011d
চট্টগ্রাম পোস্ট কোড,Raozan,Adhar Manik EDBO,,,,,https://bdpost.gov.bd/pages/static-pages/6922df21933eb65569e2011d
চট্টগ্রাম পোস্ট কোড,Raozan,Thakur Bari EDBO,,,,,https://bdpost.gov.bd/pages/static-pages/6922df21933eb65569e2011d
চট্টগ্রাম পোস্ট কোড,Raozan,Notun Bazar EDBO,,,,,https://bdpost.gov.bd/pages/static-pages/6922df21933eb65569e2011d
চট্টগ্রাম পোস্ট কোড,Raozan,North Gujra EDBO,,,,,https://bdpost.gov.bd/pages/static-pages/6922df21933eb65569e2011d
চট্টগ্রাম পোস্ট কোড,Raozan,Lelang Gara EDBO,,,,,https://bdpost.gov.bd/pages/static-pages/6922df21933eb65569e2011d
চট্টগ্রাম পোস্ট কোড,Raozan,Kundeswary Bhavan SO,,4342,,59,https://bdpost.gov.bd/pages/static-pages/6922df21933eb65569e2011d
চট্টগ্রাম পোস্ট কোড,Raozan,AnnapurnaBari EDBO,,,,,https://bdpost.gov.bd/pages/static-pages/6922df21933eb65569e2011d
চট্টগ্রাম পোস্ট কোড,Raozan,Janali Hat EDBO,,,,,https://bdpost.gov.bd/pages/static-pages/6922df21933eb65569e2011d
চট্টগ্রাম পোস্ট কোড,Raozan,Ghahira SO,,4343,,60,https://bdpost.gov.bd/pages/static-pages/6922df21933eb65569e2011d
চট্টগ্রাম পোস্ট কোড,Raozan,Shattar Ghat EDBO,,,,,https://bdpost.gov.bd/pages/static-pages/6922df21933eb65569e2011d
চট্টগ্রাম পোস্ট কোড,Raozan,Notun Hat EDBO,,,,,https://bdpost.gov.bd/pages/static-pages/6922df21933eb65569e2011d
চট্টগ্রাম পোস্ট কোড,Raozan,Nadimpur EDBO,,,,,https://bdpost.gov.bd/pages/static-pages/6922df21933eb65569e2011d
চট্টগ্রাম পোস্ট কোড,Raozan,Jagannath SO,,4344,,61,https://bdpost.gov.bd/pages/static-pages/6922df21933eb65569e2011d
চট্টগ্রাম পোস্ট কোড,Raozan,Uttor Satta EDBO,,,,,https://bdpost.gov.bd/pages/static-pages/6922df21933eb65569e2011d
চট্টগ্রাম পোস্ট কোড,Raozan,Fakirtila EDBO,,,,,https://bdpost.gov.bd/pages/static-pages/6922df21933eb65569e2011d
চট্টগ্রাম পোস্ট কোড,Raozan,Fatehpur SO,,4345,,62,https://bdpost.gov.bd/pages/static-pages/6922df21933eb65569e2011d
চট্টগ্রাম পোস্ট কোড,Raozan,Gujra SO,,4346,,63,https://bdpost.gov.bd/pages/static-pages/6922df21933eb65569e2011d
চট্টগ্রাম পোস্ট কোড,Raozan,Urkirchar EDBO,,,,,https://bdpost.gov.bd/pages/static-pages/6922df21933eb65569e2011d
চট্টগ্রাম পোস্ট কোড,Raozan,Gujra EDBO,,,,,https://bdpost.gov.bd/pages/static-pages/6922df21933eb65569e2011d
চট্টগ্রাম পোস্ট কোড,Raozan,Purbo Gujra EDBO,,,,,https://bdpost.gov.bd/pages/static-pages/6922df21933eb65569e2011d
চট্টগ্রাম পোস্ট কোড,Raozan,Boro Hafez Saheb Bari EDBO,,,,,https://bdpost.gov.bd/pages/static-pages/6922df21933eb65569e2011d
চট্টগ্রাম পোস্ট কোড,Raozan,Roghunandan Hat EDBO,,,,,https://bdpost.gov.bd/pages/static-pages/6922df21933eb65569e2011d
চট্টগ্রাম পোস্ট কোড,Raozan,Dewanpur SO,,4347,,64,https://bdpost.gov.bd/pages/static-pages/6922df21933eb65569e2011d
চট্টগ্রাম পোস্ট কোড,Raozan,Dargabari Etimkhana EDBO,,,,,https://bdpost.gov.bd/pages/static-pages/6922df21933eb65569e2011d
চট্টগ্রাম পোস্ট কোড,Raozan,Mahamoni SO,,4348,,65,https://bdpost.gov.bd/pages/static-pages/6922df21933eb65569e2011d
চট্টগ্রাম পোস্ট কোড,Raozan,Unosottor Para EDBO,,,,,https://bdpost.gov.bd/pages/static-pages/6922df21933eb65569e2011d
চট্টগ্রাম পোস্ট কোড,Raozan,Koyepara EDBO,,,,,https://bdpost.gov.bd/pages/static-pages/6922df21933eb65569e2011d
চট্টগ্রাম পোস্ট কোড,Raozan,BITSO Chattogram,,4349,,66,https://bdpost.gov.bd/pages/static-pages/6922df21933eb65569e2011d
চট্টগ্রাম পোস্ট কোড,Fatikchari,Fatikchari UPO,,4350,,67,https://bdpost.gov.bd/pages/static-pages/6922df21933eb65569e2011d
চট্টগ্রাম পোস্ট কোড,Fatikchari,Nanupur SO,,4351,,68,https://bdpost.gov.bd/pages/static-pages/6922df21933eb65569e2011d
চট্টগ্রাম পোস্ট কোড,Fatikchari,Bhander Sharif SO,,4352,,69,https://bdpost.gov.bd/pages/static-pages/6922df21933eb65569e2011d
চট্টগ্রাম পোস্ট কোড,Fatikchari,Nazirhat SO,,4353,,70,https://bdpost.gov.bd/pages/static-pages/6922df21933eb65569e2011d
চট্টগ্রাম পোস্ট কোড,Fatikchari,Harual Chari SO,,4354,,71,https://bdpost.gov.bd/pages/static-pages/6922df21933eb65569e2011d
চট্টগ্রাম পোস্ট কোড,Fatikchari,Narayanhat SO,,4355,,72,https://bdpost.gov.bd/pages/static-pages/6922df21933eb65569e2011d
চট্টগ্রাম পোস্ট কোড,Fatikchari,Azadibazar SO,,4357,,73,https://bdpost.gov.bd/pages/static-pages/6922df21933eb65569e2011d
চট্টগ্রাম পোস্ট কোড,Rangunia (Dhamair),Rangunia (Dhamair) UPO,,4360,,74,https://bdpost.gov.bd/pages/static-pages/6922df21933eb65569e2011d
চট্টগ্রাম পোস্ট কোড,Rangunia (Dhamair),Betagi EDBO,,,,,https://bdpost.gov.bd/pages/static-pages/6922df21933eb65569e2011d
চট্টগ্রাম পোস্ট কোড,Rangunia (Dhamair),Dhamairhat EDSO,,4361,,75,https://bdpost.gov.bd/pages/static-pages/6922df21933eb65569e2011d
চট্টগ্রাম পোস্ট কোড,Boalkhali,Boalkhali UPO,,4366,,76,https://bdpost.gov.bd/pages/static-pages/6922df21933eb65569e2011d
চট্টগ্রাম পোস্ট কোড,Boalkhali,Chander Hat EDBO,,,,,https://bdpost.gov.bd/pages/static-pages/6922df21933eb65569e2011d
চট্টগ্রাম পোস্ট কোড,Boalkhali,Paschim Gomdandi EDBO,,,,,https://bdpost.gov.bd/pages/static-pages/6922df21933eb65569e2011d
চট্টগ্রাম পোস্ট কোড,Boalkhali,Paschim Kodurkhil EDBO,,,,,https://bdpost.gov.bd/pages/static-pages/6922df21933eb65569e2011d
চট্টগ্রাম পোস্ট কোড,Boalkhali,Hawla Sharif EDBO,,,,,https://bdpost.gov.bd/pages/static-pages/6922df21933eb65569e2011d
চট্টগ্রাম পোস্ট কোড,Boalkhali,Kanangupara SO,,4363,,77,https://bdpost.gov.bd/pages/static-pages/6922df21933eb65569e2011d
চট্টগ্রাম পোস্ট কোড,Boalkhali,Sarotali SO,,4364,,78,https://bdpost.gov.bd/pages/static-pages/6922df21933eb65569e2011d
চট্টগ্রাম পোস্ট কোড,Boalkhali,Ahala Darbar Sharif EDBO,,,,,https://bdpost.gov.bd/pages/static-pages/6922df21933eb65569e2011d
চট্টগ্রাম পোস্ট কোড,Boalkhali,Iqbal Park SO,,4365,,79,https://bdpost.gov.bd/pages/static-pages/6922df21933eb65569e2011d
চট্টগ্রাম পোস্ট কোড,Boalkhali,Sakpura SO,,4367,,80,https://bdpost.gov.bd/pages/static-pages/6922df21933eb65569e2011d
চট্টগ্রাম পোস্ট কোড,Boalkhali,Khitabchar EDBO,,,,,https://bdpost.gov.bd/pages/static-pages/6922df21933eb65569e2011d
চট্টগ্রাম পোস্ট কোড,Boalkhali,Paschim Shakpura EDBO,,,,,https://bdpost.gov.bd/pages/static-pages/6922df21933eb65569e2011d
চট্টগ্রাম পোস্ট কোড,Boalkhali,Bengura EDBO,,,,,https://bdpost.gov.bd/pages/static-pages/6922df21933eb65569e2011d
চট্টগ্রাম পোস্ট কোড,Boalkhali,Kadurkhil SO,,4368,,81,https://bdpost.gov.bd/pages/static-pages/6922df21933eb65569e2011d
চট্টগ্রাম পোস্ট কোড,Boalkhali,Charandip SO,,4369,,82,https://bdpost.gov.bd/pages/static-pages/6922df21933eb65569e2011d
চট্টগ্রাম পোস্ট কোড,Patiya,Patiya HO,,4370,,83,https://bdpost.gov.bd/pages/static-pages/6922df21933eb65569e2011d
চট্টগ্রাম পোস্ট কোড,Patiya,Budhpara SO,,4371,,84,https://bdpost.gov.bd/pages/static-pages/6922df21933eb65569e2011d
চট্টগ্রাম পোস্ট কোড,Patiya,Pairole SO,,4372,,85,https://bdpost.gov.bd/pages/static-pages/6922df21933eb65569e2011d
চট্টগ্রাম পোস্ট কোড,Patiya,Kalarpul EDBO,,,,,https://bdpost.gov.bd/pages/static-pages/6922df21933eb65569e2011d
চট্টগ্রাম পোস্ট কোড,Patiya,Kashiaish EDBO,,,,,https://bdpost.gov.bd/pages/static-pages/6922df21933eb65569e2011d
চট্টগ্রাম পোস্ট কোড,Patiya,Char Laksha EDBO,,,,,https://bdpost.gov.bd/pages/static-pages/6922df21933eb65569e2011d
চট্টগ্রাম পোস্ট কোড,Patiya,Ziri EDBO,,,,,https://bdpost.gov.bd/pages/static-pages/6922df21933eb65569e2011d
চট্টগ্রাম পোস্ট কোড,Patiya,Perpera EDBO,,,,,https://bdpost.gov.bd/pages/static-pages/6922df21933eb65569e2011d
চট্টগ্রাম পোস্ট কোড,Patiya,Fokhirnir Hat EDBO,,,,,https://bdpost.gov.bd/pages/static-pages/6922df21933eb65569e2011d
চট্টগ্রাম পোস্ট কোড,Patiya,Fajil Khar Hat EDBO,,,,,https://bdpost.gov.bd/pages/static-pages/6922df21933eb65569e2011d
চট্টগ্রাম পোস্ট কোড,Patiya,Bathua EDBO,,,,,https://bdpost.gov.bd/pages/static-pages/6922df21933eb65569e2011d
চট্টগ্রাম পোস্ট কোড,Patiya,Maliara EDBO,,,,,https://bdpost.gov.bd/pages/static-pages/6922df21933eb65569e2011d
চট্টগ্রাম পোস্ট কোড,Patiya,Shikolbaha EDBO,,,,,https://bdpost.gov.bd/pages/static-pages/6922df21933eb65569e2011d
চট্টগ্রাম পোস্ট কোড,Patiya,Koronkhai EDBO,,,,,https://bdpost.gov.bd/pages/static-pages/6922df21933eb65569e2011d
চট্টগ্রাম পোস্ট কোড,Patiya,Charkanai EDBO,,,,,https://bdpost.gov.bd/pages/static-pages/6922df21933eb65569e2011d
চট্টগ্রাম পোস্ট কোড,Patiya,Monsha EDBO,,,,,https://bdpost.gov.bd/pages/static-pages/6922df21933eb65569e2011d
চট্টগ্রাম পোস্ট কোড,Patiya,Hukain EDBO,,,,,https://bdpost.gov.bd/pages/static-pages/6922df21933eb65569e2011d
চট্টগ্রাম পোস্ট কোড,Anowara,Anowara UPO,,4376,,85,https://bdpost.gov.bd/pages/static-pages/6922df21933eb65569e2011d
চট্টগ্রাম পোস্ট কোড,Anowara,Mohalkhan Bazar EDBO,,,,,https://bdpost.gov.bd/pages/static-pages/6922df21933eb65569e2011d
চট্টগ্রাম পোস্ট কোড,Anowara,East Baria EDBO,,,,,https://bdpost.gov.bd/pages/static-pages/6922df21933eb65569e2011d
চট্টগ্রাম পোস্ট কোড,Anowara,Ushkhain EDBO,,,,,https://bdpost.gov.bd/pages/static-pages/6922df21933eb65569e2011d
চট্টগ্রাম পোস্ট কোড,Anowara,Koinpiura EDBO,,,,,https://bdpost.gov.bd/pages/static-pages/6922df21933eb65569e2011d
চট্টগ্রাম পোস্ট কোড,Anowara,Chunnapara EDBO,,,,,https://bdpost.gov.bd/pages/static-pages/6922df21933eb65569e2011d
চট্টগ্রাম পোস্ট কোড,Anowara,Shattarhat EDBO,,,,,https://bdpost.gov.bd/pages/static-pages/6922df21933eb65569e2011d
চট্টগ্রাম পোস্ট কোড,Anowara,Jhiuri EDBO,,,,,https://bdpost.gov.bd/pages/static-pages/6922df21933eb65569e2011d
চট্টগ্রাম পোস্ট কোড,Anowara,Tekota EDBO,,,,,https://bdpost.gov.bd/pages/static-pages/6922df21933eb65569e2011d
চট্টগ্রাম পোস্ট কোড,Anowara,Toilardwip EDBO,,,,,https://bdpost.gov.bd/pages/static-pages/6922df21933eb65569e2011d
চট্টগ্রাম পোস্ট কোড,Anowara,Dovashirhat EDBO,,,,,https://bdpost.gov.bd/pages/static-pages/6922df21933eb65569e2011d
চট্টগ্রাম পোস্ট কোড,Anowara,Patnikota EDBO,,,,,https://bdpost.gov.bd/pages/static-pages/6922df21933eb65569e2011d
চট্টগ্রাম পোস্ট কোড,Anowara,Pirkhain EDBO,,,,,https://bdpost.gov.bd/pages/static-pages/6922df21933eb65569e2011d
চট্টগ্রাম পোস্ট কোড,Anowara,Borumchara EDBO,,,,,https://bdpost.gov.bd/pages/static-pages/6922df21933eb65569e2011d
চট্টগ্রাম পোস্ট কোড,Anowara,Boirag EDBO,,,,,https://bdpost.gov.bd/pages/static-pages/6922df21933eb65569e2011d
চট্টগ্রাম পোস্ট কোড,Anowara,Boaliya EDBO,,,,,https://bdpost.gov.bd/pages/static-pages/6922df21933eb65569e2011d
চট্টগ্রাম পোস্ট কোড,Anowara,Malghar Bazar EDBO,,,,,https://bdpost.gov.bd/pages/static-pages/6922df21933eb65569e2011d
চট্টগ্রাম পোস্ট কোড,Anowara,Minnat Ali Hat EDBO,,,,,https://bdpost.gov.bd/pages/static-pages/6922df21933eb65569e2011d
চট্টগ্রাম পোস্ট কোড,Anowara,Haildhar EDBO,,,,,https://bdpost.gov.bd/pages/static-pages/6922df21933eb65569e2011d
চট্টগ্রাম পোস্ট কোড,Anowara,Paraikora EDSO,,4377,,86,https://bdpost.gov.bd/pages/static-pages/6922df21933eb65569e2011d
চট্টগ্রাম পোস্ট কোড,Anowara,Battali EDSO,,4378,,87,https://bdpost.gov.bd/pages/static-pages/6922df21933eb65569e2011d
চট্টগ্রাম পোস্ট কোড,East Zoara (Chandanaish),East Zoara (Chandanaish) UPO,,4380,,88,https://bdpost.gov.bd/pages/static-pages/6922df21933eb65569e2011d
চট্টগ্রাম পোস্ট কোড,East Zoara (Chandanaish),Gachbaria SO,,4381,,89,https://bdpost.gov.bd/pages/static-pages/6922df21933eb65569e2011d
চট্টগ্রাম পোস্ট কোড,East Zoara (Chandanaish),Korunachara EDBO,,,,,https://bdpost.gov.bd/pages/static-pages/6922df21933eb65569e2011d
চট্টগ্রাম পোস্ট কোড,East Zoara (Chandanaish),Kanchan Nagar EDBO,,,,,https://bdpost.gov.bd/pages/static-pages/6922df21933eb65569e2011d
চট্টগ্রাম পোস্ট কোড,East Zoara (Chandanaish),Hashimpur EDBO,,,,,https://bdpost.gov.bd/pages/static-pages/6922df21933eb65569e2011d
চট্টগ্রাম পোস্ট কোড,East Zoara (Chandanaish),Dohazari SO,,4382,,90,https://bdpost.gov.bd/pages/static-pages/6922df21933eb65569e2011d
চট্টগ্রাম পোস্ট কোড,East Zoara (Chandanaish),Barma SO,,4383,,91,https://bdpost.gov.bd/pages/static-pages/6922df21933eb65569e2011d
চট্টগ্রাম পোস্ট কোড,East Zoara (Chandanaish),Islamabad EDBO,,,,,https://bdpost.gov.bd/pages/static-pages/6922df21933eb65569e2011d
চট্টগ্রাম পোস্ট কোড,East Zoara (Chandanaish),Paschim Keshua EDBO,,,,,https://bdpost.gov.bd/pages/static-pages/6922df21933eb65569e2011d
চট্টগ্রাম পোস্ট কোড,East Zoara (Chandanaish),Pathandandi EDBO,,,,,https://bdpost.gov.bd/pages/static-pages/6922df21933eb65569e2011d
চট্টগ্রাম পোস্ট কোড,East Zoara (Chandanaish),Boiltoli EDBO,,,,,https://bdpost.gov.bd/pages/static-pages/6922df21933eb65569e2011d
চট্টগ্রাম পোস্ট কোড,East Zoara (Chandanaish),Satbaria EDBO,,,,,https://bdpost.gov.bd/pages/static-pages/6922df21933eb65569e2011d
চট্টগ্রাম পোস্ট কোড,East Zoara (Chandanaish),Suchiya EDBO,,,,,https://bdpost.gov.bd/pages/static-pages/6922df21933eb65569e2011d
চট্টগ্রাম পোস্ট কোড,East Zoara (Chandanaish),Hazipara EDBO,,,,,https://bdpost.gov.bd/pages/static-pages/6922df21933eb65569e2011d
চট্টগ্রাম পোস্ট কোড,Satkania,Satkania UPO,,4386,,92,https://bdpost.gov.bd/pages/static-pages/6922df21933eb65569e2011d
চট্টগ্রাম পোস্ট কোড,Satkania,Khagriya EDBO,,,,,https://bdpost.gov.bd/pages/static-pages/6922df21933eb65569e2011d
চট্টগ্রাম পোস্ট কোড,Satkania,Dakkhinpara EDBO,,,,,https://bdpost.gov.bd/pages/static-pages/6922df21933eb65569e2011d
চট্টগ্রাম পোস্ট কোড,Satkania,Morfola Bazar EDBO,,,,,https://bdpost.gov.bd/pages/static-pages/6922df21933eb65569e2011d
চট্টগ্রাম পোস্ট কোড,Satkania,Mowlovir Dokan EDBO,,,,,https://bdpost.gov.bd/pages/static-pages/6922df21933eb65569e2011d
চট্টগ্রাম পোস্ট কোড,Satkania,Shyam Muhori Hat EDBO,,,,,https://bdpost.gov.bd/pages/static-pages/6922df21933eb65569e2011d
চট্টগ্রাম পোস্ট কোড,Satkania,Durduri EDBO,,,,,https://bdpost.gov.bd/pages/static-pages/6922df21933eb65569e2011d
চট্টগ্রাম পোস্ট কোড,Satkania,Baitul Ijjat SO,,4387,,93,https://bdpost.gov.bd/pages/static-pages/6922df21933eb65569e2011d
চট্টগ্রাম পোস্ট কোড,Satkania,Bajalia EDSO,,4388,,94,https://bdpost.gov.bd/pages/static-pages/6922df21933eb65569e2011d
চট্টগ্রাম পোস্ট কোড,Jaldi (Bashkhali),Jaldi (Bashkhali) UPO,,4390,,95,https://bdpost.gov.bd/pages/static-pages/6922df21933eb65569e2011d
চট্টগ্রাম পোস্ট কোড,Jaldi (Bashkhali),Khan Bahadur Bazar SO,,4391,,96,https://bdpost.gov.bd/pages/static-pages/6922df21933eb65569e2011d
চট্টগ্রাম পোস্ট কোড,Jaldi (Bashkhali),Gunagari EDSO,,4392,,97,https://bdpost.gov.bd/pages/static-pages/6922df21933eb65569e2011d
চট্টগ্রাম পোস্ট কোড,Jaldi (Bashkhali),Banigram SO,,4393,,98,https://bdpost.gov.bd/pages/static-pages/6922df21933eb65569e2011d
চট্টগ্রাম পোস্ট কোড,Lohaghora,Lohaghora,,4396,,99,https://bdpost.gov.bd/pages/static-pages/6922df21933eb65569e2011d
চট্টগ্রাম পোস্ট কোড,Lohaghora,Padua So,,4397,,100,https://bdpost.gov.bd/pages/static-pages/6922df21933eb65569e2011d
চট্টগ্রাম পোস্ট কোড,Lohaghora,Chunti EDSO,,4398,,101,https://bdpost.gov.bd/pages/static-pages/6922df21933eb65569e2011d
চট্টগ্রাম পোস্ট কোড,Karnafhuli,Chattogram Fish Harbour EDBO,,,,,https://bdpost.gov.bd/pages/static-pages/6922df21933eb65569e2011d
চট্টগ্রাম পোস্ট কোড,Chandgaon,Darul Ma Arif EDBO,,,,,https://bdpost.gov.bd/pages/static-pages/6922df21933eb65569e2011d
খাগড়াছড়ি পোস্ট কোড,Sadar,Khagrachari HO,,4400,,1,https://bdpost.gov.bd/pages/static-pages/6922e064933eb65569e26d27
খাগড়াছড়ি পোস্ট কোড,Panchari,Panchari UPO,,4410,,2,https://bdpost.gov.bd/pages/static-pages/6922e064933eb65569e26d27
খাগড়াছড়ি পোস্ট কোড,Diginala,Diginala UPO,,4420,,3,https://bdpost.gov.bd/pages/static-pages/6922e064933eb65569e26d27
খাগড়াছড়ি পোস্ট কোড,Mahal Chari,Mahal Chari UPO,,4430,,4,https://bdpost.gov.bd/pages/static-pages/6922e064933eb65569e26d27
খাগড়াছড়ি পোস্ট কোড,Ranghar,Ranghar HO,,4440,,5,https://bdpost.gov.bd/pages/static-pages/6922e064933eb65569e26d27
খাগড়াছড়ি পোস্ট কোড,Matiranga,Matiranga UPO,,4450,,6,https://bdpost.gov.bd/pages/static-pages/6922e064933eb65569e26d27
খাগড়াছড়ি পোস্ট কোড,Manikchari,Manikchari UPO,,4460,,7,https://bdpost.gov.bd/pages/static-pages/6922e064933eb65569e26d27
খাগড়াছড়ি পোস্ট কোড,Lakshmi Chari,Lakshmi Chari UPO,,4470,,8,https://bdpost.gov.bd/pages/static-pages/6922e064933eb65569e26d27
রাঙ্গামাটি পোস্ট কোড,Sadar,Rangamati HO,,4500,,1,https://bdpost.gov.bd/pages/static-pages/6922e099933eb65569e27c27
রাঙ্গামাটি পোস্ট কোড,Kalampati (Kaokhali),Kalampati (Kaokhali) UPO,,4510,,2,https://bdpost.gov.bd/pages/static-pages/6922e099933eb65569e27c27
রাঙ্গামাটি পোস্ট কোড,Kalampati (Kaokhali),Betbunia SO,,4511,,3,https://bdpost.gov.bd/pages/static-pages/6922e099933eb65569e27c27
রাঙ্গামাটি পোস্ট কোড,Naniarchar,Naniarchar UPO,,4520,,4,https://bdpost.gov.bd/pages/static-pages/6922e099933eb65569e27c27
রাঙ্গামাটি পোস্ট কোড,Kaptai,Kaptai UPO,,4530,,5,https://bdpost.gov.bd/pages/static-pages/6922e099933eb65569e27c27
রাঙ্গামাটি পোস্ট কোড,Kaptai,Chandraghona SO,,4531,,6,https://bdpost.gov.bd/pages/static-pages/6922e099933eb65569e27c27
রাঙ্গামাটি পোস্ট কোড,Kaptai,Kaptai Project SO,,4532,,7,https://bdpost.gov.bd/pages/static-pages/6922e099933eb65569e27c27
রাঙ্গামাটি পোস্ট কোড,Kaptai,Kaptai Natun Bazar SO,,4533,,8,https://bdpost.gov.bd/pages/static-pages/6922e099933eb65569e27c27
রাঙ্গামাটি পোস্ট কোড,Rajasthali,Rajasthali UPo,,4540,,9,https://bdpost.gov.bd/pages/static-pages/6922e099933eb65569e27c27
রাঙ্গামাটি পোস্ট কোড,Belaichari,Belaichari UPO,,4550,,10,https://bdpost.gov.bd/pages/static-pages/6922e099933eb65569e27c27
রাঙ্গামাটি পোস্ট কোড,Jarachari,Jarachari UPO,,4560,,11,https://bdpost.gov.bd/pages/static-pages/6922e099933eb65569e27c27
রাঙ্গামাটি পোস্ট কোড,Barkal,Barkal UPO,,4570,,12,https://bdpost.gov.bd/pages/static-pages/6922e099933eb65569e27c27
রাঙ্গামাটি পোস্ট কোড,Longdu,Longdu UPO,,4580,,13,https://bdpost.gov.bd/pages/static-pages/6922e099933eb65569e27c27
রাঙ্গামাটি পোস্ট কোড,Marishya (Bagaichari),Marishya (Bagaichari) UPO,,4590,,14,https://bdpost.gov.bd/pages/static-pages/6922e099933eb65569e27c27
বান্দরবান পোস্ট কোড,Sadar,Bandarban HO,,4600,,1,https://bdpost.gov.bd/pages/static-pages/6922e099933eb65569e27c53
বান্দরবান পোস্ট কোড,Roangchari,Roangchari UPO,,4610,,2,https://bdpost.gov.bd/pages/static-pages/6922e099933eb65569e27c53
বান্দরবান পোস্ট কোড,Ruma,Ruma UPO,,4620,,3,https://bdpost.gov.bd/pages/static-pages/6922e099933eb65569e27c53
বান্দরবান পোস্ট কোড,Thanchi,Thanchi UPO,,4630,,4,https://bdpost.gov.bd/pages/static-pages/6922e099933eb65569e27c53
বান্দরবান পোস্ট কোড,Lama,Lama SO (Lama Thana Headquarters),,4640,,5,https://bdpost.gov.bd/pages/static-pages/6922e099933eb65569e27c53
বান্দরবান পোস্ট কোড,Lama,Aziz Nagar SO,,4641,,6,https://bdpost.gov.bd/pages/static-pages/6922e099933eb65569e27c53
বান্দরবান পোস্ট কোড,Alikadam,Alikadam UPO,,4650,,7,https://bdpost.gov.bd/pages/static-pages/6922e099933eb65569e27c53
বান্দরবান পোস্ট কোড,Naikhangchari,Naikhangchari UPO,,4660,,8,https://bdpost.gov.bd/pages/static-pages/6922e099933eb65569e27c53
কক্সবাজার পোস্ট কোড,Sadar,Cox`s Bazar HO,,4700,,1,https://bdpost.gov.bd/pages/static-pages/6922dda9933eb65569e15c94
কক্সবাজার পোস্ট কোড,Sadar,Jilanja EDSO,,4701,,2,https://bdpost.gov.bd/pages/static-pages/6922dda9933eb65569e15c94
কক্সবাজার পোস্ট কোড,Sadar,Idgaon SO,,4702,,3,https://bdpost.gov.bd/pages/static-pages/6922dda9933eb65569e15c94
কক্সবাজার পোস্ট কোড,Ghorakghat (Moheshkhali),Ghorakghat (Moheshkhali) UPO,,4710,,4,https://bdpost.gov.bd/pages/static-pages/6922dda9933eb65569e15c94
কক্সবাজার পোস্ট কোড,Kutubdia,Kutubdia UPO,,4720,,5,https://bdpost.gov.bd/pages/static-pages/6922dda9933eb65569e15c94
কক্সবাজার পোস্ট কোড,Ramu,Ramu UPO,,4730,,6,https://bdpost.gov.bd/pages/static-pages/6922dda9933eb65569e15c94
কক্সবাজার পোস্ট কোড,Chiringa Community Centre (Chakaria),Chiringa Community Centre (Chakaria) UPO,,4740,,7,https://bdpost.gov.bd/pages/static-pages/6922dda9933eb65569e15c94
কক্সবাজার পোস্ট কোড,Chiringa Community Centre (Chakaria),Chiringa SO,,4741,,8,https://bdpost.gov.bd/pages/static-pages/6922dda9933eb65569e15c94
কক্সবাজার পোস্ট কোড,Chiringa Community Centre (Chakaria),Badarkhali EDSO,,4742,,9,https://bdpost.gov.bd/pages/static-pages/6922dda9933eb65569e15c94
কক্সবাজার পোস্ট কোড,Chiringa Community Centre (Chakaria),Malumghat Hospital EDSO,,4743,,10,https://bdpost.gov.bd/pages/static-pages/6922dda9933eb65569e15c94
কক্সবাজার পোস্ট কোড,Ukhiya,Ukhiya UPO,,4750,,12,https://bdpost.gov.bd/pages/static-pages/6922dda9933eb65569e15c94
কক্সবাজার পোস্ট কোড,Teknaf,Teknaf UPO,,4760,,13,https://bdpost.gov.bd/pages/static-pages/6922dda9933eb65569e15c94
কক্সবাজার পোস্ট কোড,Teknaf,Hinla SO,,4761,,14,https://bdpost.gov.bd/pages/static-pages/6922dda9933eb65569e15c94
কক্সবাজার পোস্ট কোড,Teknaf,Cent Martin Dip SO,,4762,,15,https://bdpost.gov.bd/pages/static-pages/6922dda9933eb65569e15c94
পঞ্চগড় পোস্ট কোড,Sadar,Panchaghar HO,,5000,,1,https://bdpost.gov.bd/pages/static-pages/6922defd933eb65569e1efab
পঞ্চগড় পোস্ট কোড,Boda,Boda UPo,,5010,,2,https://bdpost.gov.bd/pages/static-pages/6922defd933eb65569e1efab
পঞ্চগড় পোস্ট কোড,Debigonj,Debigonj UPO,,5020,,3,https://bdpost.gov.bd/pages/static-pages/6922defd933eb65569e1efab
পঞ্চগড় পোস্ট কোড,Tetulia,Tetulia UPO,,5030,,4,https://bdpost.gov.bd/pages/static-pages/6922defd933eb65569e1efab
পঞ্চগড় পোস্ট কোড,Chotodab (Atwar),Chotodab (Atwar) UPO,,5040,,5,https://bdpost.gov.bd/pages/static-pages/6922defd933eb65569e1efab
ঠাকুরগাঁও পোস্ট কোড,Sadar,Thakuegaon HO,,5100,,1,https://bdpost.gov.bd/pages/static-pages/6922de9d933eb65569e1c047
ঠাকুরগাঁও পোস্ট কোড,Sadar,Thakurgaon Road SO,,5101,,2,https://bdpost.gov.bd/pages/static-pages/6922de9d933eb65569e1c047
ঠাকুরগাঁও পোস্ট কোড,Sadar,Shibgonj SO,,5102,,3,https://bdpost.gov.bd/pages/static-pages/6922de9d933eb65569e1c047
ঠাকুরগাঁও পোস্ট কোড,Sadar,Ruhiya SO,,5103,,4,https://bdpost.gov.bd/pages/static-pages/6922de9d933eb65569e1c047
ঠাকুরগাঁও পোস্ট কোড,Pirgonj,Pirgonj UPO,,5110,,5,https://bdpost.gov.bd/pages/static-pages/6922de9d933eb65569e1c047
ঠাকুরগাঁও পোস্ট কোড,Rani Shakail,Rani Shakail UPO,,5120,,6,https://bdpost.gov.bd/pages/static-pages/6922de9d933eb65569e1c047
ঠাকুরগাঁও পোস্ট কোড,Rani Shakail,Nekmorad EDSO,,5121,,7,https://bdpost.gov.bd/pages/static-pages/6922de9d933eb65569e1c047
ঠাকুরগাঁও পোস্ট কোড,Jibanpur,Jibanpur UPO,,5130,,8,https://bdpost.gov.bd/pages/static-pages/6922de9d933eb65569e1c047
ঠাকুরগাঁও পোস্ট কোড,Baliadangi,Baliadangi UPO,,5140,,9,https://bdpost.gov.bd/pages/static-pages/6922de9d933eb65569e1c047
ঠাকুরগাঁও পোস্ট কোড,Baliadangi,Lahiri EDSO,,5141,,10,https://bdpost.gov.bd/pages/static-pages/6922de9d933eb65569e1c047
দিনাজপুর পোস্ট কোড,Sadar,Dinajpur HO,,5200,,1,https://bdpost.gov.bd/pages/static-pages/6922dc5d933eb65569e0feff
দিনাজপুর পোস্ট কোড,Sadar,Dinajpur Rajbati EDSO,,5201,,2,https://bdpost.gov.bd/pages/static-pages/6922dc5d933eb65569e0feff
দিনাজপুর পোস্ট কোড,Biral,Biral UPO,,5210,,3,https://bdpost.gov.bd/pages/static-pages/6922dc5d933eb65569e0feff
দিনাজপুর পোস্ট কোড,Setabgonj,Setabgonj UPO,,5226,,4,https://bdpost.gov.bd/pages/static-pages/6922dc5d933eb65569e0feff
দিনাজপুর পোস্ট কোড,Birgonj,Birgonj UPO,,5220,,5,https://bdpost.gov.bd/pages/static-pages/6922dc5d933eb65569e0feff
দিনাজপুর পোস্ট কোড,Maharajgonj (Kaharul),Maharajgonj (Kaharul) UPO,,5226,,6,https://bdpost.gov.bd/pages/static-pages/6922dc5d933eb65569e0feff
দিনাজপুর পোস্ট কোড,Khansama,Khansama UPO,,5230,,7,https://bdpost.gov.bd/pages/static-pages/6922dc5d933eb65569e0feff
দিনাজপুর পোস্ট কোড,Khansama,Pakerhat EDSO,,5231,,8,https://bdpost.gov.bd/pages/static-pages/6922dc5d933eb65569e0feff
দিনাজপুর পোস্ট কোড,Chirir Bandar,Chirir Bandar UPO,,5240,,9,https://bdpost.gov.bd/pages/static-pages/6922dc5d933eb65569e0feff
দিনাজপুর পোস্ট কোড,Chirir Bandar,ranir Bandar EDSO,,5241,,10,https://bdpost.gov.bd/pages/static-pages/6922dc5d933eb65569e0feff
দিনাজপুর পোস্ট কোড,Parbatipur,Parbatipur UPO,,5250,,11,https://bdpost.gov.bd/pages/static-pages/6922dc5d933eb65569e0feff
দিনাজপুর পোস্ট কোড,Fulbari,Fulbari UPO,,5260,,12,https://bdpost.gov.bd/pages/static-pages/6922dc5d933eb65569e0feff
দিনাজপুর পোস্ট কোড,Birampur,Birampur UPO,,5266,,13,https://bdpost.gov.bd/pages/static-pages/6922dc5d933eb65569e0feff
দিনাজপুর পোস্ট কোড,Banla Hili (Hakimpur),Banla Hili (Hakimpur) UPO,,5270,,14,https://bdpost.gov.bd/pages/static-pages/6922dc5d933eb65569e0feff
দিনাজপুর পোস্ট কোড,Nababgonj,Nababgonj UPO,,5280,,15,https://bdpost.gov.bd/pages/static-pages/6922dc5d933eb65569e0feff
দিনাজপুর পোস্ট কোড,Nababgonj,Daudpur SO,,5281,,16,https://bdpost.gov.bd/pages/static-pages/6922dc5d933eb65569e0feff
দিনাজপুর পোস্ট কোড,Nababgonj,Gopalpur SO,,5282,,17,https://bdpost.gov.bd/pages/static-pages/6922dc5d933eb65569e0feff
দিনাজপুর পোস্ট কোড,Osmanpur (Ghoraghat),Osmanpur (Ghoraghat),,5290,,18,https://bdpost.gov.bd/pages/static-pages/6922dc5d933eb65569e0feff
দিনাজপুর পোস্ট কোড,Osmanpur (Ghoraghat),Ghoraghat SO,,5291,,19,https://bdpost.gov.bd/pages/static-pages/6922dc5d933eb65569e0feff
নীলফামারী পোস্ট কোড,Sadar,Nilphamari HO,,5300,,1,https://bdpost.gov.bd/pages/static-pages/6922df1f933eb65569e1fffe
নীলফামারী পোস্ট কোড,Sadar,Nilphamari Sugar Mills EDSO,,5301,,2,https://bdpost.gov.bd/pages/static-pages/6922df1f933eb65569e1fffe
নীলফামারী পোস্ট কোড,Sayedpur,Sayedpur UPO,,5310,,3,https://bdpost.gov.bd/pages/static-pages/6922df1f933eb65569e1fffe
নীলফামারী পোস্ট কোড,Sayedpur,Sayedpur Sattelite Town,,5311,,4,https://bdpost.gov.bd/pages/static-pages/6922df1f933eb65569e1fffe
নীলফামারী পোস্ট কোড,Kishoregonj,Kishoregonj UPO,,5320,,5,https://bdpost.gov.bd/pages/static-pages/6922df1f933eb65569e1fffe
নীলফামারী পোস্ট কোড,Jaldhaka,Jaldhaka UPO,,5330,,6,https://bdpost.gov.bd/pages/static-pages/6922df1f933eb65569e1fffe
নীলফামারী পোস্ট কোড,Domar,Domar UPO,,5340,,7,https://bdpost.gov.bd/pages/static-pages/6922df1f933eb65569e1fffe
নীলফামারী পোস্ট কোড,Domar,Chilahati SO,,5341,,8,https://bdpost.gov.bd/pages/static-pages/6922df1f933eb65569e1fffe
নীলফামারী পোস্ট কোড,Dimla,Dimla UPO,,5350,,9,https://bdpost.gov.bd/pages/static-pages/6922df1f933eb65569e1fffe
নীলফামারী পোস্ট কোড,Dimla,Ghagakhari Bari SO,,5351,,10,https://bdpost.gov.bd/pages/static-pages/6922df1f933eb65569e1fffe
রংপুর পোস্ট কোড,Sadar,Rangpur HO,,5400,,1,https://bdpost.gov.bd/pages/static-pages/6922e117933eb65569e2a262
রংপুর পোস্ট কোড,Sadar,Rangpur Sattelite Town SO,,5401,,2,https://bdpost.gov.bd/pages/static-pages/6922e117933eb65569e2a262
রংপুর পোস্ট কোড,Sadar,Alamnagar TSO,,5402,,3,https://bdpost.gov.bd/pages/static-pages/6922e117933eb65569e2a262
রংপুর পোস্ট কোড,Sadar,Mahigonj TSO,,5403,,4,https://bdpost.gov.bd/pages/static-pages/6922e117933eb65569e2a262
রংপুর পোস্ট কোড,Sadar,Rangpur Cadet College SO,,5404,,5,https://bdpost.gov.bd/pages/static-pages/6922e117933eb65569e2a262
রংপুর পোস্ট কোড,Sadar,Rangpur Karmical TSO,,5405,,6,https://bdpost.gov.bd/pages/static-pages/6922e117933eb65569e2a262
রংপুর পোস্ট কোড,Ganga Chara,Ganga Chara UPO,,5410,,7,https://bdpost.gov.bd/pages/static-pages/6922e117933eb65569e2a262
রংপুর পোস্ট কোড,Taragonj,Taragonj UPO,,5420,,8,https://bdpost.gov.bd/pages/static-pages/6922e117933eb65569e2a262
রংপুর পোস্ট কোড,Badargonj,Badargonj UPO,,5430,,9,https://bdpost.gov.bd/pages/static-pages/6922e117933eb65569e2a262
রংপুর পোস্ট কোড,Badargonj,Shyampur SO,,5431,,10,https://bdpost.gov.bd/pages/static-pages/6922e117933eb65569e2a262
রংপুর পোস্ট কোড,Kaonia,Kaonia UPO,,5440,,11,https://bdpost.gov.bd/pages/static-pages/6922e117933eb65569e2a262
রংপুর পোস্ট কোড,Kaonia,Haragacha SO,,5441,,12,https://bdpost.gov.bd/pages/static-pages/6922e117933eb65569e2a262
রংপুর পোস্ট কোড,Pirgarcha,Pirgarcha UPO,,5450,,13,https://bdpost.gov.bd/pages/static-pages/6922e117933eb65569e2a262
রংপুর পোস্ট কোড,Mithapukur,Mithapukur UPO,,5460,,14,https://bdpost.gov.bd/pages/static-pages/6922e117933eb65569e2a262
রংপুর পোস্ট কোড,Pirgonj,Pirgonj UPO,,5470,,15,https://bdpost.gov.bd/pages/static-pages/6922e117933eb65569e2a262
লালমনিরহাট পোস্ট কোড,Sadar,Lalmonirhat HO,,5500,,1,https://bdpost.gov.bd/pages/static-pages/6922dfa5933eb65569e2338f
লালমনিরহাট পোস্ট কোড,Sadar,Mogalhat SO,,5501,,2,https://bdpost.gov.bd/pages/static-pages/6922dfa5933eb65569e2338f
লালমনিরহাট পোস্ট কোড,Sadar,Kulaghat EDSO,,5502,,3,https://bdpost.gov.bd/pages/static-pages/6922dfa5933eb65569e2338f
লালমনিরহাট পোস্ট কোড,Aditmari,Aditmari UPO,,5510,,4,https://bdpost.gov.bd/pages/static-pages/6922dfa5933eb65569e2338f
লালমনিরহাট পোস্ট কোড,Tushbhanader,Tushbhanader UPO,,5520,,5,https://bdpost.gov.bd/pages/static-pages/6922dfa5933eb65569e2338f
লালমনিরহাট পোস্ট কোড,Hatibanda,Hatibanda UPO,,5530,,6,https://bdpost.gov.bd/pages/static-pages/6922dfa5933eb65569e2338f
লালমনিরহাট পোস্ট কোড,Patgram,Patgram UPO,,5540,,7,https://bdpost.gov.bd/pages/static-pages/6922dfa5933eb65569e2338f
লালমনিরহাট পোস্ট কোড,Patgram,Baora So,,5541,,8,https://bdpost.gov.bd/pages/static-pages/6922dfa5933eb65569e2338f
লালমনিরহাট পোস্ট কোড,Patgram,Burimari SO,,5542,,9,https://bdpost.gov.bd/pages/static-pages/6922dfa5933eb65569e2338f
কুড়িগ্রাম পোস্ট কোড,Sadar,Kurigram HO,,5600,,1,https://bdpost.gov.bd/pages/static-pages/6922e11c933eb65569e2a46f
কুড়িগ্রাম পোস্ট কোড,Sadar,Pandul SO,,5601,,2,https://bdpost.gov.bd/pages/static-pages/6922e11c933eb65569e2a46f
কুড়িগ্রাম পোস্ট কোড,Rajarhat,Rajarhat UPO,,5610,,3,https://bdpost.gov.bd/pages/static-pages/6922e11c933eb65569e2a46f
কুড়িগ্রাম পোস্ট কোড,Rajarhat,Nazim Khan SO,,5611,,4,https://bdpost.gov.bd/pages/static-pages/6922e11c933eb65569e2a46f
কুড়িগ্রাম পোস্ট কোড,Ulipur,Ulipur UPO,,5620,,5,https://bdpost.gov.bd/pages/static-pages/6922e11c933eb65569e2a46f
কুড়িগ্রাম পোস্ট কোড,Ulipur,Tapurchar,,,,,https://bdpost.gov.bd/pages/static-pages/6922e11c933eb65569e2a46f
কুড়িগ্রাম পোস্ট কোড,Ulipur,Bazar Hat SO,,5621,,6,https://bdpost.gov.bd/pages/static-pages/6922e11c933eb65569e2a46f
কুড়িগ্রাম পোস্ট কোড,Chilmari,Chilmari UPO,,5630,,7,https://bdpost.gov.bd/pages/static-pages/6922e11c933eb65569e2a46f
কুড়িগ্রাম পোস্ট কোড,Chilmari,Naiyarhati,,,,,https://bdpost.gov.bd/pages/static-pages/6922e11c933eb65569e2a46f
কুড়িগ্রাম পোস্ট কোড,Chilmari,Jorgach Unit SO,,5631,,8,https://bdpost.gov.bd/pages/static-pages/6922e11c933eb65569e2a46f
কুড়িগ্রাম পোস্ট কোড,Roumari,Roumari UPO,,5640,,9,https://bdpost.gov.bd/pages/static-pages/6922e11c933eb65569e2a46f
কুড়িগ্রাম পোস্ট কোড,Roumari,Jadurchar,,,,,https://bdpost.gov.bd/pages/static-pages/6922e11c933eb65569e2a46f
কুড়িগ্রাম পোস্ট কোড,Roumari,Char Shoulomari,,,,,https://bdpost.gov.bd/pages/static-pages/6922e11c933eb65569e2a46f
কুড়িগ্রাম পোস্ট কোড,Roumari,Dadvanga,,,,,https://bdpost.gov.bd/pages/static-pages/6922e11c933eb65569e2a46f
কুড়িগ্রাম পোস্ট কোড,Roumari,Baghurarchar,,,,,https://bdpost.gov.bd/pages/static-pages/6922e11c933eb65569e2a46f
কুড়িগ্রাম পোস্ট কোড,Roumari,Shoulmari,,,,,https://bdpost.gov.bd/pages/static-pages/6922e11c933eb65569e2a46f
কুড়িগ্রাম পোস্ট কোড,Rajibpur,Rajibpur UPO,,5650,,10,https://bdpost.gov.bd/pages/static-pages/6922e11c933eb65569e2a46f
কুড়িগ্রাম পোস্ট কোড,Rajibpur,Kodalkati,,,,,https://bdpost.gov.bd/pages/static-pages/6922e11c933eb65569e2a46f
কুড়িগ্রাম পোস্ট কোড,Nageswari,Nageswari UPO,,5660,,11,https://bdpost.gov.bd/pages/static-pages/6922e11c933eb65569e2a46f
কুড়িগ্রাম পোস্ট কোড,Bhurungamari,Bhurungamari UPO,,5670,,12,https://bdpost.gov.bd/pages/static-pages/6922e11c933eb65569e2a46f
কুড়িগ্রাম পোস্ট কোড,Fulbari,Fulbari UPO,,5680,,13,https://bdpost.gov.bd/pages/static-pages/6922e11c933eb65569e2a46f
গাইবান্ধা পোস্ট কোড,Sadar,Gaiandha HO,,5700,,1,https://bdpost.gov.bd/pages/static-pages/6922de28933eb65569e18a7d
গাইবান্ধা পোস্ট কোড,Sadullahpur,Sadullahpur UPO,,5710,,2,https://bdpost.gov.bd/pages/static-pages/6922de28933eb65569e18a7d
গাইবান্ধা পোস্ট কোড,Sadullahpur,Naldanga SO,,5711,,3,https://bdpost.gov.bd/pages/static-pages/6922de28933eb65569e18a7d
গাইবান্ধা পোস্ট কোড,Sundargonj,Sundargonj UPO,,5720,,4,https://bdpost.gov.bd/pages/static-pages/6922de28933eb65569e18a7d
গাইবান্ধা পোস্ট কোড,Sundargonj,Bamandanga SO,,5721,,5,https://bdpost.gov.bd/pages/static-pages/6922de28933eb65569e18a7d
গাইবান্ধা পোস্ট কোড,Palashbari,Palashbari UPO,,5730,,6,https://bdpost.gov.bd/pages/static-pages/6922de28933eb65569e18a7d
গাইবান্ধা পোস্ট কোড,Gobindagonj,Gobindagonj UPO,,5740,,7,https://bdpost.gov.bd/pages/static-pages/6922de28933eb65569e18a7d
গাইবান্ধা পোস্ট কোড,Gobindagonj,Mahimagonj SO,,5741,,8,https://bdpost.gov.bd/pages/static-pages/6922de28933eb65569e18a7d
গাইবান্ধা পোস্ট কোড,Bonarpara (Saghate),Bonarpara (Saghate),,5750,,9,https://bdpost.gov.bd/pages/static-pages/6922de28933eb65569e18a7d
গাইবান্ধা পোস্ট কোড,Bonarpara (Saghate),Saghata SO,,5751,,10,https://bdpost.gov.bd/pages/static-pages/6922de28933eb65569e18a7d
গাইবান্ধা পোস্ট কোড,Fulchari,Fulchari UPO,,5760,,11,https://bdpost.gov.bd/pages/static-pages/6922de28933eb65569e18a7d
গাইবান্ধা পোস্ট কোড,Fulchari,Bharatkhali SO,,5761,,12,https://bdpost.gov.bd/pages/static-pages/6922de28933eb65569e18a7d
বগুড়া পোস্ট কোড,Sadar,Bogura HO,,5800,,1,https://bdpost.gov.bd/pages/static-pages/6922e0fc933eb65569e296e9
বগুড়া পোস্ট কোড,Sadar,Bogura Cantt. SO,,5801,,2,https://bdpost.gov.bd/pages/static-pages/6922e0fc933eb65569e296e9
বগুড়া পোস্ট কোড,Shibgonj,Shibgonj UPO,,5810,,3,https://bdpost.gov.bd/pages/static-pages/6922e0fc933eb65569e296e9
বগুড়া পোস্ট কোড,Gabtoli,Gabtoli UPO,,5820,,4,https://bdpost.gov.bd/pages/static-pages/6922e0fc933eb65569e296e9
বগুড়া পোস্ট কোড,Gabtoli,Sukhanpukur SO,,5821,,5,https://bdpost.gov.bd/pages/static-pages/6922e0fc933eb65569e296e9
বগুড়া পোস্ট কোড,Sonatola,Sonatola UPO,,5826,,6,https://bdpost.gov.bd/pages/static-pages/6922e0fc933eb65569e296e9
বগুড়া পোস্ট কোড,Saria Kandi,Saria Kandi UPO,,5830,,7,https://bdpost.gov.bd/pages/static-pages/6922e0fc933eb65569e296e9
বগুড়া পোস্ট কোড,Saria Kandi,Chandan Baisha SO,,5831,,8,https://bdpost.gov.bd/pages/static-pages/6922e0fc933eb65569e296e9
বগুড়া পোস্ট কোড,Sherpur,Sherpur UPO,,5840,,9,https://bdpost.gov.bd/pages/static-pages/6922e0fc933eb65569e296e9
বগুড়া পোস্ট কোড,Sherpur,Chandaikona SO,,5841,,10,https://bdpost.gov.bd/pages/static-pages/6922e0fc933eb65569e296e9
বগুড়া পোস্ট কোড,Sherpur,Palli Unnayan Academy SO,,5842,,11,https://bdpost.gov.bd/pages/static-pages/6922e0fc933eb65569e296e9
বগুড়া পোস্ট কোড,Dunat,Dunat UPO,,5850,,12,https://bdpost.gov.bd/pages/static-pages/6922e0fc933eb65569e296e9
বগুড়া পোস্ট কোড,Dunat,Gosaibari EDSO,,5851,,13,https://bdpost.gov.bd/pages/static-pages/6922e0fc933eb65569e296e9
বগুড়া পোস্ট কোড,Nandigram,Nandigram UPO,,5860,,14,https://bdpost.gov.bd/pages/static-pages/6922e0fc933eb65569e296e9
বগুড়া পোস্ট কোড,Kahalu,Kahalu UPO,,5870,,15,https://bdpost.gov.bd/pages/static-pages/6922e0fc933eb65569e296e9
বগুড়া পোস্ট কোড,Dupchachia,Dupchachia UPO,,5880,,16,https://bdpost.gov.bd/pages/static-pages/6922e0fc933eb65569e296e9
বগুড়া পোস্ট কোড,Dupchachia,Tolara SO,,5881,,17,https://bdpost.gov.bd/pages/static-pages/6922e0fc933eb65569e296e9
বগুড়া পোস্ট কোড,Adam Dighi,Adam Dighi UPO,,5890,,18,https://bdpost.gov.bd/pages/static-pages/6922e0fc933eb65569e296e9
বগুড়া পোস্ট কোড,Adam Dighi,Santahar (LSG) SO,,5891,,19,https://bdpost.gov.bd/pages/static-pages/6922e0fc933eb65569e296e9
বগুড়া পোস্ট কোড,Adam Dighi,Nasaratpur SO,,5892,,20,https://bdpost.gov.bd/pages/static-pages/6922e0fc933eb65569e296e9
জয়পুরহাট পোস্ট কোড,Sadar,Joypurhat HO,,5900,,1,https://bdpost.gov.bd/pages/static-pages/6922de92933eb65569e1bb3e
জয়পুরহাট পোস্ট কোড,Panchbibi,Panchbibi UPO,,5910,,2,https://bdpost.gov.bd/pages/static-pages/6922de92933eb65569e1bb3e
জয়পুরহাট পোস্ট কোড,Khetal,Khetal UPO,,5920,,3,https://bdpost.gov.bd/pages/static-pages/6922de92933eb65569e1bb3e
জয়পুরহাট পোস্ট কোড,Kalai,Kalai UPO,,5930,,4,https://bdpost.gov.bd/pages/static-pages/6922de92933eb65569e1bb3e
জয়পুরহাট পোস্ট কোড,Akkelpur,Akkelpur UPO,,5940,,5,https://bdpost.gov.bd/pages/static-pages/6922de92933eb65569e1bb3e
জয়পুরহাট পোস্ট কোড,Akkelpur,Jamalgonj SO,,5941,,6,https://bdpost.gov.bd/pages/static-pages/6922de92933eb65569e1bb3e
জয়পুরহাট পোস্ট কোড,Akkelpur,Tilakpur SO,,5942,,7,https://bdpost.gov.bd/pages/static-pages/6922de92933eb65569e1bb3e
জয়পুরহাট পোস্ট কোড,Akkelpur,Rajshahi GPO,,6000,,8,https://bdpost.gov.bd/pages/static-pages/6922de92933eb65569e1bb3e
জয়পুরহাট পোস্ট কোড,Ghoramara,Ghoramara HO,,6100,,9,https://bdpost.gov.bd/pages/static-pages/6922de92933eb65569e1bb3e
রাজশাহী পোস্ট কোড,Sadar,Rajshahi Court TSO,,6201,,1,https://bdpost.gov.bd/pages/static-pages/6922df70933eb65569e21fec
রাজশাহী পোস্ট কোড,Sadar,Rajshahi Cantt. TSO,,6202,,2,https://bdpost.gov.bd/pages/static-pages/6922df70933eb65569e21fec
রাজশাহী পোস্ট কোড,Sadar,Sapura TSC,,6203,,3,https://bdpost.gov.bd/pages/static-pages/6922df70933eb65569e21fec
রাজশাহী পোস্ট কোড,Sadar,Kazia TSO,,6204,,4,https://bdpost.gov.bd/pages/static-pages/6922df70933eb65569e21fec
রাজশাহী পোস্ট কোড,Sadar,Rajshahi University (LSG) TSO,,6205,,5,https://bdpost.gov.bd/pages/static-pages/6922df70933eb65569e21fec
রাজশাহী পোস্ট কোড,Sadar,Benodpur Bazar TSO,,6206,,6,https://bdpost.gov.bd/pages/static-pages/6922df70933eb65569e21fec
রাজশাহী পোস্ট কোড,Sadar,Padma Residence TSO,,6207,,7,https://bdpost.gov.bd/pages/static-pages/6922df70933eb65569e21fec
রাজশাহী পোস্ট কোড,Lalitgonj,Lalitgonj UPO,,6210,,8,https://bdpost.gov.bd/pages/static-pages/6922df70933eb65569e21fec
রাজশাহী পোস্ট কোড,Lalitgonj,Rakshahi Sugar Mills SO,,6211,,9,https://bdpost.gov.bd/pages/static-pages/6922df70933eb65569e21fec
রাজশাহী পোস্ট কোড,Lalitgonj,Shyampur EDSO,,6212,,10,https://bdpost.gov.bd/pages/static-pages/6922df70933eb65569e21fec
রাজশাহী পোস্ট কোড,Lalitgonj,Naohata Bazar SO,,6213,,11,https://bdpost.gov.bd/pages/static-pages/6922df70933eb65569e21fec
রাজশাহী পোস্ট কোড,Khodemohanpur(Mohanpur),Khodemohanpur(Mohanpur) UPO,,6220,,12,https://bdpost.gov.bd/pages/static-pages/6922df70933eb65569e21fec
রাজশাহী পোস্ট কোড,Tanore,Tanore UPO,,6230,,13,https://bdpost.gov.bd/pages/static-pages/6922df70933eb65569e21fec
রাজশাহী পোস্ট কোড,Durgapur,Durgapur UPO,,6240,,14,https://bdpost.gov.bd/pages/static-pages/6922df70933eb65569e21fec
রাজশাহী পোস্ট কোড,Bhabanigonj (Bagmara),Bhabanigonj (Bagmara) UPO,,6250,,15,https://bdpost.gov.bd/pages/static-pages/6922df70933eb65569e21fec
রাজশাহী পোস্ট কোড,Bhabanigonj (Bagmara),Taherpur SO,,6251,,16,https://bdpost.gov.bd/pages/static-pages/6922df70933eb65569e21fec
রাজশাহী পোস্ট কোড,Puthia,Puthia UPO,,6260,,17,https://bdpost.gov.bd/pages/static-pages/6922df70933eb65569e21fec
রাজশাহী পোস্ট কোড,Carghat,Carghat UPO,,6270,,18,https://bdpost.gov.bd/pages/static-pages/6922df70933eb65569e21fec
রাজশাহী পোস্ট কোড,Carghat,Sardah SO,,6271,,19,https://bdpost.gov.bd/pages/static-pages/6922df70933eb65569e21fec
রাজশাহী পোস্ট কোড,Baga,Baga UPO,,6280,,20,https://bdpost.gov.bd/pages/static-pages/6922df70933eb65569e21fec
রাজশাহী পোস্ট কোড,Baga,Arhani EDSO,,6281,,21,https://bdpost.gov.bd/pages/static-pages/6922df70933eb65569e21fec
রাজশাহী পোস্ট কোড,Godagari,Godagari UPO,,6290,,22,https://bdpost.gov.bd/pages/static-pages/6922df70933eb65569e21fec
রাজশাহী পোস্ট কোড,Godagari,Premtali EDSO,,6291,,23,https://bdpost.gov.bd/pages/static-pages/6922df70933eb65569e21fec
চাঁপাইনবাবগঞ্জ পোস্ট কোড,Sadar,Chapai Nawabgonj HO,,6300,,1,https://bdpost.gov.bd/pages/static-pages/6922df3f933eb65569e20d69
চাঁপাইনবাবগঞ্জ পোস্ট কোড,Sadar,Rajarampur EDSO,,6301,,2,https://bdpost.gov.bd/pages/static-pages/6922df3f933eb65569e20d69
চাঁপাইনবাবগঞ্জ পোস্ট কোড,Sadar,Ramchandrapur SO,,6302,,3,https://bdpost.gov.bd/pages/static-pages/6922df3f933eb65569e20d69
চাঁপাইনবাবগঞ্জ পোস্ট কোড,Sadar,Amnura SO,,6303,,4,https://bdpost.gov.bd/pages/static-pages/6922df3f933eb65569e20d69
চাঁপাইনবাবগঞ্জ পোস্ট কোড,Nachul,Nachul UPO,,6310,,5,https://bdpost.gov.bd/pages/static-pages/6922df3f933eb65569e20d69
চাঁপাইনবাবগঞ্জ পোস্ট কোড,Nachul,Mandumalhat EDSO,,6311,,6,https://bdpost.gov.bd/pages/static-pages/6922df3f933eb65569e20d69
চাঁপাইনবাবগঞ্জ পোস্ট কোড,Rohanpur (Gomostapur),Rohanpur (Gomostapur),,6320,,7,https://bdpost.gov.bd/pages/static-pages/6922df3f933eb65569e20d69
চাঁপাইনবাবগঞ্জ পোস্ট কোড,Rohanpur (Gomostapur),Gomostapur SO,,6321,,8,https://bdpost.gov.bd/pages/static-pages/6922df3f933eb65569e20d69
চাঁপাইনবাবগঞ্জ পোস্ট কোড,Bholahat,Bholahat UPO,,6330,,9,https://bdpost.gov.bd/pages/static-pages/6922df3f933eb65569e20d69
চাঁপাইনবাবগঞ্জ পোস্ট কোড,Shibgonj,Shibgonj UPO,,6340,,10,https://bdpost.gov.bd/pages/static-pages/6922df3f933eb65569e20d69
চাঁপাইনবাবগঞ্জ পোস্ট কোড,Shibgonj,Kansart SO,,6341,,11,https://bdpost.gov.bd/pages/static-pages/6922df3f933eb65569e20d69
চাঁপাইনবাবগঞ্জ পোস্ট কোড,Shibgonj,Monakosa SO,,6342,,12,https://bdpost.gov.bd/pages/static-pages/6922df3f933eb65569e20d69
নাটোর পোস্ট কোড,Sadar,Natore HO,,6400,,1,https://bdpost.gov.bd/pages/static-pages/6922e119933eb65569e2a2e1
নাটোর পোস্ট কোড,Sadar,Digapatia SO,,6401,,2,https://bdpost.gov.bd/pages/static-pages/6922e119933eb65569e2a2e1
নাটোর পোস্ট কোড,Sadar,Baidhyabelgaria EDSO,,6402,,3,https://bdpost.gov.bd/pages/static-pages/6922e119933eb65569e2a2e1
নাটোর পোস্ট কোড,Sadar,Madnagar SO,,6403,,4,https://bdpost.gov.bd/pages/static-pages/6922e119933eb65569e2a2e1
নাটোর পোস্ট কোড,Lakkanhati (Bagatipara),Lakkanhati (Bagatipara) UPO,,6410,,5,https://bdpost.gov.bd/pages/static-pages/6922e119933eb65569e2a2e1
নাটোর পোস্ট কোড,Gopalpur (Lalpur),Gopalpur (Lalpur),,6420,,6,https://bdpost.gov.bd/pages/static-pages/6922e119933eb65569e2a2e1
নাটোর পোস্ট কোড,Gopalpur (Lalpur),Lalpur SO,,6421,,7,https://bdpost.gov.bd/pages/static-pages/6922e119933eb65569e2a2e1
নাটোর পোস্ট কোড,Gopalpur (Lalpur),Abdullpur EDSO,,6422,,8,https://bdpost.gov.bd/pages/static-pages/6922e119933eb65569e2a2e1
নাটোর পোস্ট কোড,Harua (Baraigram),Harua (Baraigram),,6430,,9,https://bdpost.gov.bd/pages/static-pages/6922e119933eb65569e2a2e1
নাটোর পোস্ট কোড,Harua (Baraigram),Dayarampur SO,,6431,,10,https://bdpost.gov.bd/pages/static-pages/6922e119933eb65569e2a2e1
নাটোর পোস্ট কোড,Harua (Baraigram),Baraigram EDSO,,6432,,11,https://bdpost.gov.bd/pages/static-pages/6922e119933eb65569e2a2e1
নাটোর পোস্ট কোড,Harua (Baraigram),Ahmedpur Bazar SO,,6433,,12,https://bdpost.gov.bd/pages/static-pages/6922e119933eb65569e2a2e1
নাটোর পোস্ট কোড,Hatgurudaspur (Gurudaspur),Hatgurudaspur (Gurudaspur),,6440,,13,https://bdpost.gov.bd/pages/static-pages/6922e119933eb65569e2a2e1
নাটোর পোস্ট কোড,Singrha,Singrha UPO,,6450,,14,https://bdpost.gov.bd/pages/static-pages/6922e119933eb65569e2a2e1
নওগাঁ পোস্ট কোড,Sadar,Naogaon HO,,6500,,1,https://bdpost.gov.bd/pages/static-pages/6922df36933eb65569e209b6
নওগাঁ পোস্ট কোড,Sadar,Naogaon Post TSO,,6501,,2,https://bdpost.gov.bd/pages/static-pages/6922df36933eb65569e209b6
নওগাঁ পোস্ট কোড,Prasadpur (Manda),Prasadpur (Manda) UPO,,6510,,3,https://bdpost.gov.bd/pages/static-pages/6922df36933eb65569e209b6
নওগাঁ পোস্ট কোড,Prasadpur (Manda),Manda SO,,6511,,4,https://bdpost.gov.bd/pages/static-pages/6922df36933eb65569e209b6
নওগাঁ পোস্ট কোড,Prasadpur (Manda),Baliha EDSO,,6512,,5,https://bdpost.gov.bd/pages/static-pages/6922df36933eb65569e209b6
নওগাঁ পোস্ট কোড,Niamatpur,Niamatpur UPO,,6520,,6,https://bdpost.gov.bd/pages/static-pages/6922df36933eb65569e209b6
নওগাঁ পোস্ট কোড,Mahadebpur,Mahadebpur UPO,,6530,,7,https://bdpost.gov.bd/pages/static-pages/6922df36933eb65569e209b6
নওগাঁ পোস্ট কোড,Patmitala,Patmitala UPO,,6540,,8,https://bdpost.gov.bd/pages/static-pages/6922df36933eb65569e209b6
নওগাঁ পোস্ট কোড,Nitpur (Pursa),Nitpur (Pursa) UPO,,6550,,9,https://bdpost.gov.bd/pages/static-pages/6922df36933eb65569e209b6
নওগাঁ পোস্ট কোড,Nitpur (Pursa),Pursa EDSO,,6551,,10,https://bdpost.gov.bd/pages/static-pages/6922df36933eb65569e209b6
নওগাঁ পোস্ট কোড,Nitpur (Pursa),Ganguria EDSO,,6552,,11,https://bdpost.gov.bd/pages/static-pages/6922df36933eb65569e209b6
নওগাঁ পোস্ট কোড,Sapahar,Sapahar UPO,,6560,,12,https://bdpost.gov.bd/pages/static-pages/6922df36933eb65569e209b6
নওগাঁ পোস্ট কোড,Sapahar,Madheel SO,,6561,,13,https://bdpost.gov.bd/pages/static-pages/6922df36933eb65569e209b6
নওগাঁ পোস্ট কোড,Badalgachi,Badalgachi UPO,,6570,,14,https://bdpost.gov.bd/pages/static-pages/6922df36933eb65569e209b6
নওগাঁ পোস্ট কোড,Dhamuirhat,Dhamuirhat UPO,,6580,,15,https://bdpost.gov.bd/pages/static-pages/6922df36933eb65569e209b6
নওগাঁ পোস্ট কোড,Raninagar,Raninagar UPO,,6590,,16,https://bdpost.gov.bd/pages/static-pages/6922df36933eb65569e209b6
নওগাঁ পোস্ট কোড,Raninagar,Kashimpur SO,,6591,,17,https://bdpost.gov.bd/pages/static-pages/6922df36933eb65569e209b6
নওগাঁ পোস্ট কোড,Ahsangonj (Atral),Ahsangonj (Atral) UPO,,6596,,18,https://bdpost.gov.bd/pages/static-pages/6922df36933eb65569e209b6
নওগাঁ পোস্ট কোড,Ahsangonj (Atral),Bandai Khara SO,,6597,,19,https://bdpost.gov.bd/pages/static-pages/6922df36933eb65569e209b6
পাবনা পোস্ট কোড,Sadar,Pabna HO,,6600,,1,https://bdpost.gov.bd/pages/static-pages/6922df74933eb65569e22183
পাবনা পোস্ট কোড,Sadar,Keliko Cotton Mills SO,,6601,,2,https://bdpost.gov.bd/pages/static-pages/6922df74933eb65569e22183
পাবনা পোস্ট কোড,Sadar,Hemayetpur SO,,6602,,3,https://bdpost.gov.bd/pages/static-pages/6922df74933eb65569e22183
পাবনা পোস্ট কোড,Debattar (Afgaria),Debattar (Afgaria) UPO,,6610,,4,https://bdpost.gov.bd/pages/static-pages/6922df74933eb65569e22183
পাবনা পোস্ট কোড,Iswardi,Iswardi UPO,,6620,,5,https://bdpost.gov.bd/pages/static-pages/6922df74933eb65569e22183
পাবনা পোস্ট কোড,Iswardi,Dapari EDSO,,6621,,6,https://bdpost.gov.bd/pages/static-pages/6922df74933eb65569e22183
পাবনা পোস্ট কোড,Iswardi,Pakshi SO,,6622,,7,https://bdpost.gov.bd/pages/static-pages/6922df74933eb65569e22183
পাবনা পোস্ট কোড,Iswardi,Rajapur Hat SO,,6623,,8,https://bdpost.gov.bd/pages/static-pages/6922df74933eb65569e22183
পাবনা পোস্ট কোড,Chat Mohar,Chat Mohar,,6630,,9,https://bdpost.gov.bd/pages/static-pages/6922df74933eb65569e22183
পাবনা পোস্ট কোড,Bhangora,Bhangora,,6640,,10,https://bdpost.gov.bd/pages/static-pages/6922df74933eb65569e22183
পাবনা পোস্ট কোড,Ban Wari Nagar (Farifpur),Ban Wari Nagar (Farifpur),,6650,,11,https://bdpost.gov.bd/pages/static-pages/6922df74933eb65569e22183
পাবনা পোস্ট কোড,Sujanagar,Sujanagar,,6660,,12,https://bdpost.gov.bd/pages/static-pages/6922df74933eb65569e22183
পাবনা পোস্ট কোড,Sujanagar,Sagarkandi SO,,6661,,13,https://bdpost.gov.bd/pages/static-pages/6922df74933eb65569e22183
পাবনা পোস্ট কোড,Santhia,Santhia UPO,,6670,,14,https://bdpost.gov.bd/pages/static-pages/6922df74933eb65569e22183
পাবনা পোস্ট কোড,Bera,Bera UPO,,6680,,15,https://bdpost.gov.bd/pages/static-pages/6922df74933eb65569e22183
পাবনা পোস্ট কোড,Bera,Nakalia SO,,6681,,16,https://bdpost.gov.bd/pages/static-pages/6922df74933eb65569e22183
পাবনা পোস্ট কোড,Bera,Kashinathpur SO,,6682,,17,https://bdpost.gov.bd/pages/static-pages/6922df74933eb65569e22183
পাবনা পোস্ট কোড,Bera,Puranbharenga SO,,6683,,18,https://bdpost.gov.bd/pages/static-pages/6922df74933eb65569e22183
সিরাজগঞ্জ পোস্ট কোড,Sadar,Serajgonj HO,,6700,,1,https://bdpost.gov.bd/pages/static-pages/6922ddec933eb65569e1719b
সিরাজগঞ্জ পোস্ট কোড,Sadar,Roypur SO,,6701,,2,https://bdpost.gov.bd/pages/static-pages/6922ddec933eb65569e1719b
সিরাজগঞ্জ পোস্ট কোড,Sadar,Rashidabad SO,,6702,,3,https://bdpost.gov.bd/pages/static-pages/6922ddec933eb65569e1719b
সিরাজগঞ্জ পোস্ট কোড,Kazipur,Kazipur UPO,,6710,,4,https://bdpost.gov.bd/pages/static-pages/6922ddec933eb65569e1719b
সিরাজগঞ্জ পোস্ট কোড,Kazipur,Kumariyabari,,,,,https://bdpost.gov.bd/pages/static-pages/6922ddec933eb65569e1719b
সিরাজগঞ্জ পোস্ট কোড,Kazipur,Chargrish,,,,,https://bdpost.gov.bd/pages/static-pages/6922ddec933eb65569e1719b
সিরাজগঞ্জ পোস্ট কোড,Kazipur,Subhagacha EDSO,,6711,,5,https://bdpost.gov.bd/pages/static-pages/6922ddec933eb65569e1719b
সিরাজগঞ্জ পোস্ট কোড,Kazipur,Gandai EDSO,,6712,,6,https://bdpost.gov.bd/pages/static-pages/6922ddec933eb65569e1719b
সিরাজগঞ্জ পোস্ট কোড,Dhangarha (Roygonj),Dhangarha (Roygonj) UPO,,6720,,7,https://bdpost.gov.bd/pages/static-pages/6922ddec933eb65569e1719b
সিরাজগঞ্জ পোস্ট কোড,Dhangarha (Roygonj),Malunga SO,,6721,,8,https://bdpost.gov.bd/pages/static-pages/6922ddec933eb65569e1719b
সিরাজগঞ্জ পোস্ট কোড,Baidya Jamtoil (Kamarkhand),Baidya Jamtoil (Kamarkhand) UPO,,6730,,9,https://bdpost.gov.bd/pages/static-pages/6922ddec933eb65569e1719b
সিরাজগঞ্জ পোস্ট কোড,Belkuchi,Belkuchi UPO,,6740,,10,https://bdpost.gov.bd/pages/static-pages/6922ddec933eb65569e1719b
সিরাজগঞ্জ পোস্ট কোড,Belkuchi,Sohagpur SO,,6741,,11,https://bdpost.gov.bd/pages/static-pages/6922ddec933eb65569e1719b
সিরাজগঞ্জ পোস্ট কোড,Belkuchi,Rajapur EDSO,,6742,,12,https://bdpost.gov.bd/pages/static-pages/6922ddec933eb65569e1719b
সিরাজগঞ্জ পোস্ট কোড,Belkuchi,Enayetpur EDSO,,6743,,13,https://bdpost.gov.bd/pages/static-pages/6922ddec933eb65569e1719b
সিরাজগঞ্জ পোস্ট কোড,Belkuchi,Sthal SO,,6744,,14,https://bdpost.gov.bd/pages/static-pages/6922ddec933eb65569e1719b
সিরাজগঞ্জ পোস্ট কোড,Ullahpara,Ullahpara UPO,,6750,,15,https://bdpost.gov.bd/pages/static-pages/6922ddec933eb65569e1719b
সিরাজগঞ্জ পোস্ট কোড,Ullahpara,Ullapara RS EDSO,,6751,,16,https://bdpost.gov.bd/pages/static-pages/6922ddec933eb65569e1719b
সিরাজগঞ্জ পোস্ট কোড,Ullahpara,Lahiri Mohanpur SO,,6752,,17,https://bdpost.gov.bd/pages/static-pages/6922ddec933eb65569e1719b
সিরাজগঞ্জ পোস্ট কোড,Ullahpara,Salap EDSO,,6753,,18,https://bdpost.gov.bd/pages/static-pages/6922ddec933eb65569e1719b
সিরাজগঞ্জ পোস্ট কোড,Shahjadpur,Shahjadpur UPO,,6760,,19,https://bdpost.gov.bd/pages/static-pages/6922ddec933eb65569e1719b
সিরাজগঞ্জ পোস্ট কোড,Shahjadpur,Porjana EDSO,,6761,,20,https://bdpost.gov.bd/pages/static-pages/6922ddec933eb65569e1719b
সিরাজগঞ্জ পোস্ট কোড,Shahjadpur,Jamirta SO,,6762,,21,https://bdpost.gov.bd/pages/static-pages/6922ddec933eb65569e1719b
সিরাজগঞ্জ পোস্ট কোড,Shahjadpur,Kalijurihat EDSO,,6763,,22,https://bdpost.gov.bd/pages/static-pages/6922ddec933eb65569e1719b
সিরাজগঞ্জ পোস্ট কোড,Tarash,Tarash UPO,,6770,,23,https://bdpost.gov.bd/pages/static-pages/6922ddec933eb65569e1719b
কুস্টিয়া পোস্ট কোড,Sadar,Kushtia HO,,7000,,1,https://bdpost.gov.bd/pages/static-pages/6922dde1933eb65569e16df6
কুস্টিয়া পোস্ট কোড,Sadar,Kushtia Mohini Mills TSO,,7001,,2,https://bdpost.gov.bd/pages/static-pages/6922dde1933eb65569e16df6
কুস্টিয়া পোস্ট কোড,Sadar,Jagati SO,,7002,,3,https://bdpost.gov.bd/pages/static-pages/6922dde1933eb65569e16df6
কুস্টিয়া পোস্ট কোড,Sadar,Islamic University SO,,7003,,4,https://bdpost.gov.bd/pages/static-pages/6922dde1933eb65569e16df6
কুস্টিয়া পোস্ট কোড,Kumarkhali,Kumarkhali UPO,,7010,,5,https://bdpost.gov.bd/pages/static-pages/6922dde1933eb65569e16df6
কুস্টিয়া পোস্ট কোড,Kumarkhali,Panti EDSO,,7011,,6,https://bdpost.gov.bd/pages/static-pages/6922dde1933eb65569e16df6
কুস্টিয়া পোস্ট কোড,Janipur (Khoksa),Janipur (Khoksa) UPO,,7020,,7,https://bdpost.gov.bd/pages/static-pages/6922dde1933eb65569e16df6
কুস্টিয়া পোস্ট কোড,Janipur (Khoksa),Khoksa SO,,7021,,8,https://bdpost.gov.bd/pages/static-pages/6922dde1933eb65569e16df6
কুস্টিয়া পোস্ট কোড,Mirpur,Mirpur UPO,,7030,,9,https://bdpost.gov.bd/pages/static-pages/6922dde1933eb65569e16df6
কুস্টিয়া পোস্ট কোড,Mirpur,Puradah SO,,7031,,10,https://bdpost.gov.bd/pages/static-pages/6922dde1933eb65569e16df6
কুস্টিয়া পোস্ট কোড,Mirpur,Amla Sadarpur EDSO,,7032,,11,https://bdpost.gov.bd/pages/static-pages/6922dde1933eb65569e16df6
কুস্টিয়া পোস্ট কোড,Bheramara,Bheramara UPO,,7040,,12,https://bdpost.gov.bd/pages/static-pages/6922dde1933eb65569e16df6
কুস্টিয়া পোস্ট কোড,Bheramara,Ganges Bheramara SO,,7041,,13,https://bdpost.gov.bd/pages/static-pages/6922dde1933eb65569e16df6
কুস্টিয়া পোস্ট কোড,Bheramara,Allahr Darga SO,,7042,,14,https://bdpost.gov.bd/pages/static-pages/6922dde1933eb65569e16df6
কুস্টিয়া পোস্ট কোড,Refayetpur (Daulatpur),Refayetpur (Daulatpur) UPO,,7050,,15,https://bdpost.gov.bd/pages/static-pages/6922dde1933eb65569e16df6
কুস্টিয়া পোস্ট কোড,Refayetpur (Daulatpur),Taragunia SO,,7051,,16,https://bdpost.gov.bd/pages/static-pages/6922dde1933eb65569e16df6
কুস্টিয়া পোস্ট কোড,Refayetpur (Daulatpur),Khas Mathurapur SO,,7052,,17,https://bdpost.gov.bd/pages/static-pages/6922dde1933eb65569e16df6
মেহেরপুর পোস্ট কোড,Sadar,Meherpur HO,,7100,,1,https://bdpost.gov.bd/pages/static-pages/6922ddb0933eb65569e15e32
মেহেরপুর পোস্ট কোড,Sadar,Amjupi SO,,7101,,2,https://bdpost.gov.bd/pages/static-pages/6922ddb0933eb65569e15e32
মেহেরপুর পোস্ট কোড,Sadar,Mujibnagar Complex SO,,7102,,3,https://bdpost.gov.bd/pages/static-pages/6922ddb0933eb65569e15e32
মেহেরপুর পোস্ট কোড,Gangni,Gangni UPO,,7110,,4,https://bdpost.gov.bd/pages/static-pages/6922ddb0933eb65569e15e32
চুয়াডাঙ্গা পোস্ট কোড,Sadar,Chuadanga HO,,7200,,1,https://bdpost.gov.bd/pages/static-pages/6922e10a933eb65569e29cd2
চুয়াডাঙ্গা পোস্ট কোড,Sadar,Munshigonj SO,,7201,,2,https://bdpost.gov.bd/pages/static-pages/6922e10a933eb65569e29cd2
চুয়াডাঙ্গা পোস্ট কোড,Alamdanga,Alamdanga UPO,,7210,,3,https://bdpost.gov.bd/pages/static-pages/6922e10a933eb65569e29cd2
চুয়াডাঙ্গা পোস্ট কোড,Alamdanga,Hardi EDSO,,7211,,4,https://bdpost.gov.bd/pages/static-pages/6922e10a933eb65569e29cd2
চুয়াডাঙ্গা পোস্ট কোড,Damurhuda,Damurhuda UPO,,7220,,5,https://bdpost.gov.bd/pages/static-pages/6922e10a933eb65569e29cd2
চুয়াডাঙ্গা পোস্ট কোড,Damurhuda,Daesana (LSG) SO,,7221,,6,https://bdpost.gov.bd/pages/static-pages/6922e10a933eb65569e29cd2
চুয়াডাঙ্গা পোস্ট কোড,Damurhuda,Andulbaria EDSO,,7222,,7,https://bdpost.gov.bd/pages/static-pages/6922e10a933eb65569e29cd2
চুয়াডাঙ্গা পোস্ট কোড,Daulagonj (Jibannagar),Daulagonj (Jibannagar) UPO,,7230,,8,https://bdpost.gov.bd/pages/static-pages/6922e10a933eb65569e29cd2
ঝিনাইদহ পোস্ট কোড,Sadar,Jhenaidah HO,,7300,,1,https://bdpost.gov.bd/pages/static-pages/6922de99933eb65569e1be30
ঝিনাইদহ পোস্ট কোড,Sadar,Jhenaidah Cadet College SO,,7301,,2,https://bdpost.gov.bd/pages/static-pages/6922de99933eb65569e1be30
ঝিনাইদহ পোস্ট কোড,Harina Kunda,Harina Kunda UPO,,7310,,3,https://bdpost.gov.bd/pages/static-pages/6922de99933eb65569e1be30
ঝিনাইদহ পোস্ট কোড,Shailakupa,Shailakupa UPO,,7320,,4,https://bdpost.gov.bd/pages/static-pages/6922de99933eb65569e1be30
ঝিনাইদহ পোস্ট কোড,Shailakupa,Kumaradah EDSO,,7321,,5,https://bdpost.gov.bd/pages/static-pages/6922de99933eb65569e1be30
ঝিনাইদহ পোস্ট কোড,Court Chandpur,Court Chandpur UPO,,7330,,6,https://bdpost.gov.bd/pages/static-pages/6922de99933eb65569e1be30
ঝিনাইদহ পোস্ট কোড,Maheshpur,Maheshpur UPO,`,7340,,7,https://bdpost.gov.bd/pages/static-pages/6922de99933eb65569e1be30
ঝিনাইদহ পোস্ট কোড,Naldanga (Kaligonj),Naldanga (Kaligonj) UPO,,7350,,8,https://bdpost.gov.bd/pages/static-pages/6922de99933eb65569e1be30
ঝিনাইদহ পোস্ট কোড,Naldanga (Kaligonj),Hatbar Bazar SO,,7351,,9,https://bdpost.gov.bd/pages/static-pages/6922de99933eb65569e1be30
যশোর পোস্ট কোড,Sadar,Jashore HO,,7400,,1,https://bdpost.gov.bd/pages/static-pages/6922dd8f933eb65569e15762
যশোর পোস্ট কোড,Sadar,Jashore Sattelite TSO,,7401,,2,https://bdpost.gov.bd/pages/static-pages/6922dd8f933eb65569e15762
যশোর পোস্ট কোড,Sadar,chachra UC TSO,,7402,,3,https://bdpost.gov.bd/pages/static-pages/6922dd8f933eb65569e15762
যশোর পোস্ট কোড,Sadar,Jashore Cantt. TSO,,7403,,4,https://bdpost.gov.bd/pages/static-pages/6922dd8f933eb65569e15762
যশোর পোস্ট কোড,Sadar,Jashore Air Base TSO,,7404,,5,https://bdpost.gov.bd/pages/static-pages/6922dd8f933eb65569e15762
যশোর পোস্ট কোড,Sadar,Rupdia EDSO,,7405,,6,https://bdpost.gov.bd/pages/static-pages/6922dd8f933eb65569e15762
যশোর পোস্ট কোড,Sadar,Basundia SO,,7406,,7,https://bdpost.gov.bd/pages/static-pages/6922dd8f933eb65569e15762
যশোর পোস্ট কোড,Sadar,Churamankati SO,,7407,,8,https://bdpost.gov.bd/pages/static-pages/6922dd8f933eb65569e15762
যশোর পোস্ট কোড,Chawgacha,Chawgacha UPO,,7410,,9,https://bdpost.gov.bd/pages/static-pages/6922dd8f933eb65569e15762
যশোর পোস্ট কোড,Jhekargacha,Jhekargacha UPo,,7420,,10,https://bdpost.gov.bd/pages/static-pages/6922dd8f933eb65569e15762
যশোর পোস্ট কোড,Sarsha,Sarsha UPO,,7430,,11,https://bdpost.gov.bd/pages/static-pages/6922dd8f933eb65569e15762
যশোর পোস্ট কোড,Sarsha,Benapole SO,,7431,,12,https://bdpost.gov.bd/pages/static-pages/6922dd8f933eb65569e15762
যশোর পোস্ট কোড,Sarsha,Jadabpur SO,,7432,,13,https://bdpost.gov.bd/pages/static-pages/6922dd8f933eb65569e15762
যশোর পোস্ট কোড,Sarsha,Bag Achra EDSO,,7433,,14,https://bdpost.gov.bd/pages/static-pages/6922dd8f933eb65569e15762
যশোর পোস্ট কোড,Monirampur,Monirampur UPo,,7440,,15,https://bdpost.gov.bd/pages/static-pages/6922dd8f933eb65569e15762
যশোর পোস্ট কোড,Keshabpur,Keshabpur UPO,,7450,,16,https://bdpost.gov.bd/pages/static-pages/6922dd8f933eb65569e15762
যশোর পোস্ট কোড,Noapara (Avay Nagar),Noapara (Avay Nagar) UPO,,7460,,17,https://bdpost.gov.bd/pages/static-pages/6922dd8f933eb65569e15762
যশোর পোস্ট কোড,Noapara (Avay Nagar),Rajhat SO,,7461,,18,https://bdpost.gov.bd/pages/static-pages/6922dd8f933eb65569e15762
যশোর পোস্ট কোড,Noapara (Avay Nagar),Bhugilhat SO,,7462,,19,https://bdpost.gov.bd/pages/static-pages/6922dd8f933eb65569e15762
যশোর পোস্ট কোড,Bagarpara,Bagarpara UPo,,7470,,20,https://bdpost.gov.bd/pages/static-pages/6922dd8f933eb65569e15762
যশোর পোস্ট কোড,Bagarpara,Gour Nagar EDSO,,7471,,21,https://bdpost.gov.bd/pages/static-pages/6922dd8f933eb65569e15762
নড়াইল পোস্ট কোড,Sadar,Narail HO,,7500,,1,https://bdpost.gov.bd/pages/static-pages/6922e022933eb65569e25a42
নড়াইল পোস্ট কোড,Sadar,Ratangonj SO,,7501,,2,https://bdpost.gov.bd/pages/static-pages/6922e022933eb65569e25a42
নড়াইল পোস্ট কোড,Lakshmipasa (Lohagara),Lakshmipasa (Lohagara) UPO,,7510,,3,https://bdpost.gov.bd/pages/static-pages/6922e022933eb65569e25a42
নড়াইল পোস্ট কোড,Lakshmipasa (Lohagara),Lohagara SO,,7511,,4,https://bdpost.gov.bd/pages/static-pages/6922e022933eb65569e25a42
নড়াইল পোস্ট কোড,Lakshmipasa (Lohagara),Itna SO,,7512,,5,https://bdpost.gov.bd/pages/static-pages/6922e022933eb65569e25a42
নড়াইল পোস্ট কোড,Lakshmipasa (Lohagara),Naldi SO,,7513,,6,https://bdpost.gov.bd/pages/static-pages/6922e022933eb65569e25a42
নড়াইল পোস্ট কোড,Lakshmipasa (Lohagara),Bardia SO,,7514,,7,https://bdpost.gov.bd/pages/static-pages/6922e022933eb65569e25a42
নড়াইল পোস্ট কোড,Kalia,Kalia UPO,,7520,,8,https://bdpost.gov.bd/pages/static-pages/6922e022933eb65569e25a42
নড়াইল পোস্ট কোড,Kalia,Mahajan SO,,7521,,9,https://bdpost.gov.bd/pages/static-pages/6922e022933eb65569e25a42
মাগুড়া পোস্ট কোড,Sadar,Magura HO,,7600,,1,https://bdpost.gov.bd/pages/static-pages/6922df48933eb65569e210aa
মাগুড়া পোস্ট কোড,Sreepur,Sreepur UPO,,7610,,2,https://bdpost.gov.bd/pages/static-pages/6922df48933eb65569e210aa
মাগুড়া পোস্ট কোড,Sreepur,Langalband SO,,7611,,3,https://bdpost.gov.bd/pages/static-pages/6922df48933eb65569e210aa
মাগুড়া পোস্ট কোড,Sreepur,Nakul EDSO,,7612,,4,https://bdpost.gov.bd/pages/static-pages/6922df48933eb65569e210aa
মাগুড়া পোস্ট কোড,Arpara (Salikha),Arpara (Salikha) UPO,,7620,,5,https://bdpost.gov.bd/pages/static-pages/6922df48933eb65569e210aa
মাগুড়া পোস্ট কোড,Mohammadpur,Mohammadpur UPO,,7630,,6,https://bdpost.gov.bd/pages/static-pages/6922df48933eb65569e210aa
মাগুড়া পোস্ট কোড,Mohammadpur,Benodpur EDSO,,7631,,7,https://bdpost.gov.bd/pages/static-pages/6922df48933eb65569e210aa
মাগুড়া পোস্ট কোড,Mohammadpur,Nahata SO,,7632,,8,https://bdpost.gov.bd/pages/static-pages/6922df48933eb65569e210aa
রাজবাড়ী পোস্ট কোড,Sadar,Rajbari HO,,7700,,1,https://bdpost.gov.bd/pages/static-pages/6922df09933eb65569e1f65d
রাজবাড়ী পোস্ট কোড,Goalondo,Goalondo UPO,,7710,,2,https://bdpost.gov.bd/pages/static-pages/6922df09933eb65569e1f65d
রাজবাড়ী পোস্ট কোড,Goalondo,Khankhanapur SO,,7711,,3,https://bdpost.gov.bd/pages/static-pages/6922df09933eb65569e1f65d
রাজবাড়ী পোস্ট কোড,Pangsha,Pangsha UPO,,7720,,4,https://bdpost.gov.bd/pages/static-pages/6922df09933eb65569e1f65d
রাজবাড়ী পোস্ট কোড,Pangsha,Ramkol CSO,,7721,,5,https://bdpost.gov.bd/pages/static-pages/6922df09933eb65569e1f65d
রাজবাড়ী পোস্ট কোড,Pangsha,Ratondia CSO,,7722,,6,https://bdpost.gov.bd/pages/static-pages/6922df09933eb65569e1f65d
রাজবাড়ী পোস্ট কোড,Pangsha,Mrigi Bazar EDSO,,7723,,7,https://bdpost.gov.bd/pages/static-pages/6922df09933eb65569e1f65d
রাজবাড়ী পোস্ট কোড,Baliakandi,Baliakandi UPO,,7730,,8,https://bdpost.gov.bd/pages/static-pages/6922df09933eb65569e1f65d
রাজবাড়ী পোস্ট কোড,Baliakandi,Nolia CSO,,7731,,9,https://bdpost.gov.bd/pages/static-pages/6922df09933eb65569e1f65d
ফরিদপুর পোস্ট কোড,Sadar,Faridpur HO,,7800,,1,https://bdpost.gov.bd/pages/static-pages/6922de2b933eb65569e18bdd
ফরিদপুর পোস্ট কোড,Sadar,Kanaipur SO,,7801,,2,https://bdpost.gov.bd/pages/static-pages/6922de2b933eb65569e18bdd
ফরিদপুর পোস্ট কোড,Sadar,Ambicapur SO,,7802,,3,https://bdpost.gov.bd/pages/static-pages/6922de2b933eb65569e18bdd
ফরিদপুর পোস্ট কোড,Sadar,Baitul Aman Politechnoque Institute TSO,,7803,,4,https://bdpost.gov.bd/pages/static-pages/6922de2b933eb65569e18bdd
ফরিদপুর পোস্ট কোড,Sadar,Sree Angan SO,,7804,,5,https://bdpost.gov.bd/pages/static-pages/6922de2b933eb65569e18bdd
ফরিদপুর পোস্ট কোড,Char Bhadrasan,Char Bhadrasan UPO,,7810,,6,https://bdpost.gov.bd/pages/static-pages/6922de2b933eb65569e18bdd
ফরিদপুর পোস্ট কোড,Sadarpur,Sadarpur UPO,,7820,,7,https://bdpost.gov.bd/pages/static-pages/6922de2b933eb65569e18bdd
ফরিদপুর পোস্ট কোড,Sadarpur,Hatkrishnapur SO,,7821,,8,https://bdpost.gov.bd/pages/static-pages/6922de2b933eb65569e18bdd
ফরিদপুর পোস্ট কোড,Sadarpur,Biswajaker Manjil SO,,7822,,9,https://bdpost.gov.bd/pages/static-pages/6922de2b933eb65569e18bdd
ফরিদপুর পোস্ট কোড,Bhanga,Bhanga UPO,,7830,,10,https://bdpost.gov.bd/pages/static-pages/6922de2b933eb65569e18bdd
ফরিদপুর পোস্ট কোড,Nagarkanda,Nagarkanda UPO,,7840,,11,https://bdpost.gov.bd/pages/static-pages/6922de2b933eb65569e18bdd
ফরিদপুর পোস্ট কোড,Nagarkanda,Talma SO,,7841,,12,https://bdpost.gov.bd/pages/static-pages/6922de2b933eb65569e18bdd
ফরিদপুর পোস্ট কোড,Madhukhali,Madhukhali UPO,,7850,,13,https://bdpost.gov.bd/pages/static-pages/6922de2b933eb65569e18bdd
ফরিদপুর পোস্ট কোড,Madhukhali,Kamarkhali SO,,7851,,14,https://bdpost.gov.bd/pages/static-pages/6922de2b933eb65569e18bdd
ফরিদপুর পোস্ট কোড,Boalmari,Boalmari UPO,,7860,,15,https://bdpost.gov.bd/pages/static-pages/6922de2b933eb65569e18bdd
ফরিদপুর পোস্ট কোড,Boalmari,Rupapat EDSO,,7861,,16,https://bdpost.gov.bd/pages/static-pages/6922de2b933eb65569e18bdd
ফরিদপুর পোস্ট কোড,Alfadanga,Alfadanga UPO,,7870,,17,https://bdpost.gov.bd/pages/static-pages/6922de2b933eb65569e18bdd
মাদারিপুর পোস্ট কোড,Sadar,Madaripur HO,,7900,,1,https://bdpost.gov.bd/pages/static-pages/6922df58933eb65569e215a4
মাদারিপুর পোস্ট কোড,Sadar,Charmugria SO,,7901,,2,https://bdpost.gov.bd/pages/static-pages/6922df58933eb65569e215a4
মাদারিপুর পোস্ট কোড,Sadar,Kulpaddi EDSO,,7902,,3,https://bdpost.gov.bd/pages/static-pages/6922df58933eb65569e215a4
মাদারিপুর পোস্ট কোড,Sadar,habigonj EDSO,,7903,,4,https://bdpost.gov.bd/pages/static-pages/6922df58933eb65569e215a4
মাদারিপুর পোস্ট কোড,Sadar,Mustafapur EDSO,,7904,,5,https://bdpost.gov.bd/pages/static-pages/6922df58933eb65569e215a4
মাদারিপুর পোস্ট কোড,Rajair,Rajair UPO,,7910,,6,https://bdpost.gov.bd/pages/static-pages/6922df58933eb65569e215a4
মাদারিপুর পোস্ট কোড,Rajair,Khalia SO,,7911,,7,https://bdpost.gov.bd/pages/static-pages/6922df58933eb65569e215a4
মাদারিপুর পোস্ট কোড,Kalkini,Kalkini UPO,,7920,,8,https://bdpost.gov.bd/pages/static-pages/6922df58933eb65569e215a4
মাদারিপুর পোস্ট কোড,Kalkini,Saheb Rampur EDSO,,7921,,9,https://bdpost.gov.bd/pages/static-pages/6922df58933eb65569e215a4
মাদারিপুর পোস্ট কোড,Barahamgonj (Shibchar),Barahamgonj (Shibchar) UPO,,7930,,10,https://bdpost.gov.bd/pages/static-pages/6922df58933eb65569e215a4
মাদারিপুর পোস্ট কোড,Barahamgonj (Shibchar),Nilakashmi Bandar SO,,7931,,11,https://bdpost.gov.bd/pages/static-pages/6922df58933eb65569e215a4
মাদারিপুর পোস্ট কোড,Barahamgonj (Shibchar),Bahadurpur EDSO,,7932,,12,https://bdpost.gov.bd/pages/static-pages/6922df58933eb65569e215a4
মাদারিপুর পোস্ট কোড,Barahamgonj (Shibchar),Umedpur EDSO,,7933,,13,https://bdpost.gov.bd/pages/static-pages/6922df58933eb65569e215a4
শরিয়তপুর পোস্ট কোড,Sadar,Palong (Shariatpur) HO,,8000,,1,https://bdpost.gov.bd/pages/static-pages/6922dfcf933eb65569e24187
শরিয়তপুর পোস্ট কোড,Sadar,ngaria SO,,8001,,2,https://bdpost.gov.bd/pages/static-pages/6922dfcf933eb65569e24187
শরিয়তপুর পোস্ট কোড,Sadar,Chikandi SO,,8002,,3,https://bdpost.gov.bd/pages/static-pages/6922dfcf933eb65569e24187
শরিয়তপুর পোস্ট কোড,Jangira,Jangira UPO,,8010,,4,https://bdpost.gov.bd/pages/static-pages/6922dfcf933eb65569e24187
শরিয়তপুর পোস্ট কোড,Naria,Naria UPO,,8020,,5,https://bdpost.gov.bd/pages/static-pages/6922dfcf933eb65569e24187
শরিয়তপুর পোস্ট কোড,Naria,Bhujeswar SO,,8021,,6,https://bdpost.gov.bd/pages/static-pages/6922dfcf933eb65569e24187
শরিয়তপুর পোস্ট কোড,Naria,Gharisar SO,,8022,,7,https://bdpost.gov.bd/pages/static-pages/6922dfcf933eb65569e24187
শরিয়তপুর পোস্ট কোড,Naria,UPSI SO,,8023,,8,https://bdpost.gov.bd/pages/static-pages/6922dfcf933eb65569e24187
শরিয়তপুর পোস্ট কোড,Naria,Kartikpur SO,,8024,,9,https://bdpost.gov.bd/pages/static-pages/6922dfcf933eb65569e24187
শরিয়তপুর পোস্ট কোড,Bhedergonj,Bhedergonj UPO,,8030,,10,https://bdpost.gov.bd/pages/static-pages/6922dfcf933eb65569e24187
শরিয়তপুর পোস্ট কোড,Demuday,Demuday UPO,,8040,,11,https://bdpost.gov.bd/pages/static-pages/6922dfcf933eb65569e24187
শরিয়তপুর পোস্ট কোড,Gosairhat,Gosairhat UPO,,8050,,12,https://bdpost.gov.bd/pages/static-pages/6922dfcf933eb65569e24187
গোপালগঞ্জ পোস্ট কোড,Sadar,Gopalgonj HO,,8100,,1,https://bdpost.gov.bd/pages/static-pages/6922df05933eb65569e1f42e
গোপালগঞ্জ পোস্ট কোড,Sadar,Ulpur SO,,8101,,2,https://bdpost.gov.bd/pages/static-pages/6922df05933eb65569e1f42e
গোপালগঞ্জ পোস্ট কোড,Sadar,Barfa SO,,8102,,3,https://bdpost.gov.bd/pages/static-pages/6922df05933eb65569e1f42e
গোপালগঞ্জ পোস্ট কোড,Kotalipara,Kotalipara UPO,,8110,,4,https://bdpost.gov.bd/pages/static-pages/6922df05933eb65569e1f42e
গোপালগঞ্জ পোস্ট কোড,Tongipara,Tongipara HO,,8120,,5,https://bdpost.gov.bd/pages/static-pages/6922df05933eb65569e1f42e
গোপালগঞ্জ পোস্ট কোড,Tongipara,Patgati SO,,8121,,6,https://bdpost.gov.bd/pages/static-pages/6922df05933eb65569e1f42e
গোপালগঞ্জ পোস্ট কোড,Kasiani,Kasiani UPO,,8130,,7,https://bdpost.gov.bd/pages/static-pages/6922df05933eb65569e1f42e
গোপালগঞ্জ পোস্ট কোড,Kasiani,Ramdia College SO,,8131,,8,https://bdpost.gov.bd/pages/static-pages/6922df05933eb65569e1f42e
গোপালগঞ্জ পোস্ট কোড,Kasiani,Ratail EDSO,,8132,,9,https://bdpost.gov.bd/pages/static-pages/6922df05933eb65569e1f42e
গোপালগঞ্জ পোস্ট কোড,Kasiani,Jonapur EDSO,,8133,,10,https://bdpost.gov.bd/pages/static-pages/6922df05933eb65569e1f42e
গোপালগঞ্জ পোস্ট কোড,Maksudpur,Maksudpur UPO,,8140,,11,https://bdpost.gov.bd/pages/static-pages/6922df05933eb65569e1f42e
গোপালগঞ্জ পোস্ট কোড,Maksudpur,Batkiamari SO,,8141,,12,https://bdpost.gov.bd/pages/static-pages/6922df05933eb65569e1f42e
গোপালগঞ্জ পোস্ট কোড,Maksudpur,Khanderpara EDSO,,8142,,13,https://bdpost.gov.bd/pages/static-pages/6922df05933eb65569e1f42e
বরিশাল পোস্ট কোড,Sadar,Barishal HO,,8200,,1,https://bdpost.gov.bd/pages/static-pages/6922de4f933eb65569e19bff
বরিশাল পোস্ট কোড,Sadar,Bukhainnagar EDSO,,8201,,2,https://bdpost.gov.bd/pages/static-pages/6922de4f933eb65569e19bff
বরিশাল পোস্ট কোড,Sadar,Saheberhat EDSO,,8202,,3,https://bdpost.gov.bd/pages/static-pages/6922de4f933eb65569e19bff
বরিশাল পোস্ট কোড,Sadar,Sugandia EDSO,,8203,,4,https://bdpost.gov.bd/pages/static-pages/6922de4f933eb65569e19bff
বরিশাল পোস্ট কোড,Sadar,Patang EDSO,,8204,,5,https://bdpost.gov.bd/pages/static-pages/6922de4f933eb65569e19bff
বরিশাল পোস্ট কোড,Sadar,Kasipur EDSO,,8205,,6,https://bdpost.gov.bd/pages/static-pages/6922de4f933eb65569e19bff
বরিশাল পোস্ট কোড,Sadar,Jaguarhat EDSO,,8206,,7,https://bdpost.gov.bd/pages/static-pages/6922de4f933eb65569e19bff
বরিশাল পোস্ট কোড,Sadar,Rupatoli Housing Estate SO,,8207,,8,https://bdpost.gov.bd/pages/static-pages/6922de4f933eb65569e19bff
বরিশাল পোস্ট কোড,Babugonj,Babugonj UPO,,8210,,9,https://bdpost.gov.bd/pages/static-pages/6922de4f933eb65569e19bff
বরিশাল পোস্ট কোড,Babugonj,Rahmatpur SO,,8211,,10,https://bdpost.gov.bd/pages/static-pages/6922de4f933eb65569e19bff
বরিশাল পোস্ট কোড,Babugonj,Chandpasa EDSO,,8212,,11,https://bdpost.gov.bd/pages/static-pages/6922de4f933eb65569e19bff
বরিশাল পোস্ট কোড,Babugonj,Madabpasa EDSO,,8213,,12,https://bdpost.gov.bd/pages/static-pages/6922de4f933eb65569e19bff
বরিশাল পোস্ট কোড,Babugonj,Thakur Mallik EDSO,,8214,,13,https://bdpost.gov.bd/pages/static-pages/6922de4f933eb65569e19bff
বরিশাল পোস্ট কোড,Babugonj,Nizam Uddin College EDSO,,8215,,14,https://bdpost.gov.bd/pages/static-pages/6922de4f933eb65569e19bff
বরিশাল পোস্ট কোড,Babugonj,Barishal Cadet College SO,,8216,,15,https://bdpost.gov.bd/pages/static-pages/6922de4f933eb65569e19bff
বরিশাল পোস্ট কোড,Babugonj,Babugonj Bandar SO,,8217,,16,https://bdpost.gov.bd/pages/static-pages/6922de4f933eb65569e19bff
বরিশাল পোস্ট কোড,Uzirpur,Uzirpur UPO,,8220,,17,https://bdpost.gov.bd/pages/static-pages/6922de4f933eb65569e19bff
বরিশাল পোস্ট কোড,Uzirpur,Dhamura SO,,8221,,18,https://bdpost.gov.bd/pages/static-pages/6922de4f933eb65569e19bff
বরিশাল পোস্ট কোড,Uzirpur,Jugirkanda SO,,8222,,19,https://bdpost.gov.bd/pages/static-pages/6922de4f933eb65569e19bff
বরিশাল পোস্ট কোড,Uzirpur,Sikarpur SO,,8223,,20,https://bdpost.gov.bd/pages/static-pages/6922de4f933eb65569e19bff
বরিশাল পোস্ট কোড,Gour Nadi,Gour Nadi UPO,,8230,,21,https://bdpost.gov.bd/pages/static-pages/6922de4f933eb65569e19bff
বরিশাল পোস্ট কোড,Gour Nadi,Tarki Bandar SO,,8231,,22,https://bdpost.gov.bd/pages/static-pages/6922de4f933eb65569e19bff
বরিশাল পোস্ট কোড,Gour Nadi,Kasemabad SO,,8232,,23,https://bdpost.gov.bd/pages/static-pages/6922de4f933eb65569e19bff
বরিশাল পোস্ট কোড,Gour Nadi,Batajore SO,,8233,,24,https://bdpost.gov.bd/pages/static-pages/6922de4f933eb65569e19bff
বরিশাল পোস্ট কোড,Agailjara,Agailjara UPO,,8240,,25,https://bdpost.gov.bd/pages/static-pages/6922de4f933eb65569e19bff
বরিশাল পোস্ট কোড,Agailjara,Gaila SO,,8241,,26,https://bdpost.gov.bd/pages/static-pages/6922de4f933eb65569e19bff
বরিশাল পোস্ট কোড,Agailjara,Paiserhat SO,,8242,,27,https://bdpost.gov.bd/pages/static-pages/6922de4f933eb65569e19bff
বরিশাল পোস্ট কোড,Muladi,Muladi UPO,,8250,,28,https://bdpost.gov.bd/pages/static-pages/6922de4f933eb65569e19bff
বরিশাল পোস্ট কোড,Muladi,Kazirchar EDSO,,8251,,29,https://bdpost.gov.bd/pages/static-pages/6922de4f933eb65569e19bff
বরিশাল পোস্ট কোড,Muladi,Charkalekhan EDSO,,8252,,30,https://bdpost.gov.bd/pages/static-pages/6922de4f933eb65569e19bff
বরিশাল পোস্ট কোড,Barjalia (Hijla),Barjalia (Hijla) UPo,,8260,,31,https://bdpost.gov.bd/pages/static-pages/6922de4f933eb65569e19bff
বরিশাল পোস্ট কোড,Barjalia (Hijla),Osman Manjil SO,,8261,,32,https://bdpost.gov.bd/pages/static-pages/6922de4f933eb65569e19bff
বরিশাল পোস্ট কোড,Mehendigonj,Mehendigonj UPO,,8270,,33,https://bdpost.gov.bd/pages/static-pages/6922de4f933eb65569e19bff
বরিশাল পোস্ট কোড,Mehendigonj,Laskerpur SO,,8271,,34,https://bdpost.gov.bd/pages/static-pages/6922de4f933eb65569e19bff
বরিশাল পোস্ট কোড,Mehendigonj,Ulania SO,,8272,,35,https://bdpost.gov.bd/pages/static-pages/6922de4f933eb65569e19bff
বরিশাল পোস্ট কোড,Mehendigonj,Nalgora EDSO,,8273,,36,https://bdpost.gov.bd/pages/static-pages/6922de4f933eb65569e19bff
বরিশাল পোস্ট কোড,Mehendigonj,Lengutia SO,,8274,,37,https://bdpost.gov.bd/pages/static-pages/6922de4f933eb65569e19bff
বরিশাল পোস্ট কোড,Sahebgonj (Bakhergonj),Sahebgonj (Bakhergonj) UPO,,8280,,38,https://bdpost.gov.bd/pages/static-pages/6922de4f933eb65569e19bff
বরিশাল পোস্ট কোড,Sahebgonj (Bakhergonj),Charmaddi EDSO,,8281,,39,https://bdpost.gov.bd/pages/static-pages/6922de4f933eb65569e19bff
বরিশাল পোস্ট কোড,Sahebgonj (Bakhergonj),Padri Shibpur SO,,8282,,40,https://bdpost.gov.bd/pages/static-pages/6922de4f933eb65569e19bff
বরিশাল পোস্ট কোড,Sahebgonj (Bakhergonj),Sialguni EDSO,,8283,,41,https://bdpost.gov.bd/pages/static-pages/6922de4f933eb65569e19bff
বরিশাল পোস্ট কোড,Sahebgonj (Bakhergonj),Kalaskakti SO,,8284,,42,https://bdpost.gov.bd/pages/static-pages/6922de4f933eb65569e19bff
ভোলা পোস্ট কোড,Sadar,Bhola HO,,8300,,1,https://bdpost.gov.bd/pages/static-pages/6922e0ac933eb65569e281f4
ভোলা পোস্ট কোড,Sadar,Joynagar SO,,8301,,2,https://bdpost.gov.bd/pages/static-pages/6922e0ac933eb65569e281f4
ভোলা পোস্ট কোড,Daulatkhan,Daulatkhan UPO,,8310,,3,https://bdpost.gov.bd/pages/static-pages/6922e0ac933eb65569e281f4
ভোলা পোস্ট কোড,Daulatkhan,Hazipur Madrasa SO,,8311,,4,https://bdpost.gov.bd/pages/static-pages/6922e0ac933eb65569e281f4
ভোলা পোস্ট কোড,Burhanuddin,Burhanuddin UPO,,8320,,5,https://bdpost.gov.bd/pages/static-pages/6922e0ac933eb65569e281f4
ভোলা পোস্ট কোড,Burhanuddin,Mirza Kalu SO,,8321,,6,https://bdpost.gov.bd/pages/static-pages/6922e0ac933eb65569e281f4
ভোলা পোস্ট কোড,Lalmohan,Lalmohan UPo,,8330,,7,https://bdpost.gov.bd/pages/static-pages/6922e0ac933eb65569e281f4
ভোলা পোস্ট কোড,Lalmohan,Daurihat EDSO,,8331,,8,https://bdpost.gov.bd/pages/static-pages/6922e0ac933eb65569e281f4
ভোলা পোস্ট কোড,Lalmohan,Gazaria SO,,8332,,9,https://bdpost.gov.bd/pages/static-pages/6922e0ac933eb65569e281f4
ভোলা পোস্ট কোড,Charfessan,Charfessan UPO,,8340,,10,https://bdpost.gov.bd/pages/static-pages/6922e0ac933eb65569e281f4
ভোলা পোস্ট কোড,Charfessan,Dularhat EDSO,,8341,,11,https://bdpost.gov.bd/pages/static-pages/6922e0ac933eb65569e281f4
ভোলা পোস্ট কোড,Charfessan,Keramatgonj EDSO,,8342,,12,https://bdpost.gov.bd/pages/static-pages/6922e0ac933eb65569e281f4
ভোলা পোস্ট কোড,Hat Shasigonj (Tazimuddin),Hat Shasigonj (Tazimuddin),,8350,,13,https://bdpost.gov.bd/pages/static-pages/6922e0ac933eb65569e281f4
ভোলা পোস্ট কোড,Hazirhat (Monpura),Hazirhat (Monpura),,8360,,14,https://bdpost.gov.bd/pages/static-pages/6922e0ac933eb65569e281f4
ঝালকাঠি পোস্ট কোড,Sadar,Jhalakati UO,,8400,,1,https://bdpost.gov.bd/pages/static-pages/6922df7a933eb65569e22404
ঝালকাঠি পোস্ট কোড,Sadar,Nabagram EDSO,,8401,,2,https://bdpost.gov.bd/pages/static-pages/6922df7a933eb65569e22404
ঝালকাঠি পোস্ট কোড,Sadar,Bawkati EDSO,,8402,,3,https://bdpost.gov.bd/pages/static-pages/6922df7a933eb65569e22404
ঝালকাঠি পোস্ট কোড,Sadar,Gava EDSO,,8403,,4,https://bdpost.gov.bd/pages/static-pages/6922df7a933eb65569e22404
ঝালকাঠি পোস্ট কোড,Sadar,Shekherhat EDSO,,8404,,5,https://bdpost.gov.bd/pages/static-pages/6922df7a933eb65569e22404
ঝালকাঠি পোস্ট কোড,Rajapur,Rajapur UPO,,8410,,6,https://bdpost.gov.bd/pages/static-pages/6922df7a933eb65569e22404
ঝালকাঠি পোস্ট কোড,Nalchiti,Nalchiti UPO,,8420,,7,https://bdpost.gov.bd/pages/static-pages/6922df7a933eb65569e22404
ঝালকাঠি পোস্ট কোড,Nalchiti,Birkati SO,,8421,,8,https://bdpost.gov.bd/pages/static-pages/6922df7a933eb65569e22404
ঝালকাঠি পোস্ট কোড,Kathalia,Kathalia UPO,,8430,,9,https://bdpost.gov.bd/pages/static-pages/6922df7a933eb65569e22404
ঝালকাঠি পোস্ট কোড,Kathalia,Amua SO,,8431,,10,https://bdpost.gov.bd/pages/static-pages/6922df7a933eb65569e22404
ঝালকাঠি পোস্ট কোড,Kathalia,Niamoti SO,,8432,,11,https://bdpost.gov.bd/pages/static-pages/6922df7a933eb65569e22404
ঝালকাঠি পোস্ট কোড,Kathalia,Shoulajalia SO,,8433,,12,https://bdpost.gov.bd/pages/static-pages/6922df7a933eb65569e22404
পিরোজপুর পোস্ট কোড,Sadar,Pirojpur HO,,8500,,1,https://bdpost.gov.bd/pages/static-pages/6922dc7a933eb65569e1093e
পিরোজপুর পোস্ট কোড,Sadar,Hularhat SO,,8501,,2,https://bdpost.gov.bd/pages/static-pages/6922dc7a933eb65569e1093e
পিরোজপুর পোস্ট কোড,Sadar,Parerhat SO,,8502,,3,https://bdpost.gov.bd/pages/static-pages/6922dc7a933eb65569e1093e
পিরোজপুর পোস্ট কোড,Kaukhali,Kaukhali UPO,,8510,,4,https://bdpost.gov.bd/pages/static-pages/6922dc7a933eb65569e1093e
পিরোজপুর পোস্ট কোড,Kaukhali,Keondia EDSO,,8511,,5,https://bdpost.gov.bd/pages/static-pages/6922dc7a933eb65569e1093e
পিরোজপুর পোস্ট কোড,Kaukhali,Joykul EDSO,,8512,,6,https://bdpost.gov.bd/pages/static-pages/6922dc7a933eb65569e1093e
পিরোজপুর পোস্ট কোড,Kaukhali,Julagati EDSO,,8513,,7,https://bdpost.gov.bd/pages/static-pages/6922dc7a933eb65569e1093e
পিরোজপুর পোস্ট কোড,Swarupkati,Swarupkati UPO,,8520,,8,https://bdpost.gov.bd/pages/static-pages/6922dc7a933eb65569e1093e
পিরোজপুর পোস্ট কোড,Swarupkati,Darus Sunnat SO,,8521,,9,https://bdpost.gov.bd/pages/static-pages/6922dc7a933eb65569e1093e
পিরোজপুর পোস্ট কোড,Swarupkati,Kaurikhara SO,,8522,,10,https://bdpost.gov.bd/pages/static-pages/6922dc7a933eb65569e1093e
পিরোজপুর পোস্ট কোড,Swarupkati,Jalabari SO,,8523,,11,https://bdpost.gov.bd/pages/static-pages/6922dc7a933eb65569e1093e
পিরোজপুর পোস্ট কোড,Banaripara,Banaripara UPO,,8530,,12,https://bdpost.gov.bd/pages/static-pages/6922dc7a933eb65569e1093e
পিরোজপুর পোস্ট কোড,Banaripara,Chakher SO,,8531,,13,https://bdpost.gov.bd/pages/static-pages/6922dc7a933eb65569e1093e
পিরোজপুর পোস্ট কোড,Nazirpur,Nazirpur UPO,,8540,,14,https://bdpost.gov.bd/pages/static-pages/6922dc7a933eb65569e1093e
পিরোজপুর পোস্ট কোড,Nazirpur,Seriamkati SO,,8541,,15,https://bdpost.gov.bd/pages/static-pages/6922dc7a933eb65569e1093e
পিরোজপুর পোস্ট কোড,Bhanderia,Bhanderia UPO,,8550,,16,https://bdpost.gov.bd/pages/static-pages/6922dc7a933eb65569e1093e
পিরোজপুর পোস্ট কোড,Bhanderia,Kanudaskatia EDSO,,8551,,17,https://bdpost.gov.bd/pages/static-pages/6922dc7a933eb65569e1093e
পিরোজপুর পোস্ট কোড,Bhanderia,Daoya EDSO,,8552,,18,https://bdpost.gov.bd/pages/static-pages/6922dc7a933eb65569e1093e
পিরোজপুর পোস্ট কোড,Mathbaria,Mathbaria UPO,,8560,,19,https://bdpost.gov.bd/pages/static-pages/6922dc7a933eb65569e1093e
পিরোজপুর পোস্ট কোড,Mathbaria,Tushkali SO,,8561,,20,https://bdpost.gov.bd/pages/static-pages/6922dc7a933eb65569e1093e
পিরোজপুর পোস্ট কোড,Mathbaria,Halta EDSO,,8562,,21,https://bdpost.gov.bd/pages/static-pages/6922dc7a933eb65569e1093e
পিরোজপুর পোস্ট কোড,Mathbaria,Gulisakhali Mia SO,,8563,,22,https://bdpost.gov.bd/pages/static-pages/6922dc7a933eb65569e1093e
পিরোজপুর পোস্ট কোড,Mathbaria,Tiarkahali SO,,8564,,23,https://bdpost.gov.bd/pages/static-pages/6922dc7a933eb65569e1093e
পিরোজপুর পোস্ট কোড,Mathbaria,Betmore Nutan Hat EDSO,,8565,,24,https://bdpost.gov.bd/pages/static-pages/6922dc7a933eb65569e1093e
পিরোজপুর পোস্ট কোড,Mathbaria,Silargonj EDSO,,8566,,25,https://bdpost.gov.bd/pages/static-pages/6922dc7a933eb65569e1093e
পটুয়াখালী পোস্ট কোড,Sadar,Patuakhali HO,,8600,,1,https://bdpost.gov.bd/pages/static-pages/6922e123933eb65569e2a74c
পটুয়াখালী পোস্ট কোড,Sadar,Moukaran SO,,8601,,2,https://bdpost.gov.bd/pages/static-pages/6922e123933eb65569e2a74c
পটুয়াখালী পোস্ট কোড,Sadar,Domki SO,,8602,,3,https://bdpost.gov.bd/pages/static-pages/6922e123933eb65569e2a74c
পটুয়াখালী পোস্ট কোড,Sadar,Rahimabad EDSO,,8603,,4,https://bdpost.gov.bd/pages/static-pages/6922e123933eb65569e2a74c
পটুয়াখালী পোস্ট কোড,Subidhakhali (Mirzagonj),Subidhakhali (Mirzagonj) UPO,,8610,,5,https://bdpost.gov.bd/pages/static-pages/6922e123933eb65569e2a74c
পটুয়াখালী পোস্ট কোড,Subidhakhali (Mirzagonj),Khataltali Bazar SO,,8611,,6,https://bdpost.gov.bd/pages/static-pages/6922e123933eb65569e2a74c
পটুয়াখালী পোস্ট কোড,Baufal,Baufal UPO,,8620,,7,https://bdpost.gov.bd/pages/static-pages/6922e123933eb65569e2a74c
পটুয়াখালী পোস্ট কোড,Baufal,Bangbadar SO,,8621,,8,https://bdpost.gov.bd/pages/static-pages/6922e123933eb65569e2a74c
পটুয়াখালী পোস্ট কোড,Baufal,Birpasa SO,,8622,,9,https://bdpost.gov.bd/pages/static-pages/6922e123933eb65569e2a74c
পটুয়াখালী পোস্ট কোড,Baufal,Kalisari SO,,8623,,10,https://bdpost.gov.bd/pages/static-pages/6922e123933eb65569e2a74c
পটুয়াখালী পোস্ট কোড,Baufal,Kalaiya SO,,8624,,11,https://bdpost.gov.bd/pages/static-pages/6922e123933eb65569e2a74c
পটুয়াখালী পোস্ট কোড,Dasmina,Dasmina UPO,,8630,,12,https://bdpost.gov.bd/pages/static-pages/6922e123933eb65569e2a74c
পটুয়াখালী পোস্ট কোড,Golachipa,Golachipa UPO,,8640,,13,https://bdpost.gov.bd/pages/static-pages/6922e123933eb65569e2a74c
পটুয়াখালী পোস্ট কোড,Golachipa,Gazipur Bandar EDSO,,8641,,14,https://bdpost.gov.bd/pages/static-pages/6922e123933eb65569e2a74c
পটুয়াখালী পোস্ট কোড,Khepupara,Khepupara UPO,,8650,,15,https://bdpost.gov.bd/pages/static-pages/6922e123933eb65569e2a74c
পটুয়াখালী পোস্ট কোড,Khepupara,Mahipur EDSO,,8651,,16,https://bdpost.gov.bd/pages/static-pages/6922e123933eb65569e2a74c
বরগুণা পোস্ট কোড,Sadar,Barguna HO,,8700,,1,https://bdpost.gov.bd/pages/static-pages/6922db72933eb65569e0a2be
বরগুণা পোস্ট কোড,Sadar,Nali Bandar EDSO,,8701,,2,https://bdpost.gov.bd/pages/static-pages/6922db72933eb65569e0a2be
বরগুণা পোস্ট কোড,Amtali,Amtali UPO,,8710,,3,https://bdpost.gov.bd/pages/static-pages/6922db72933eb65569e0a2be
বরগুণা পোস্ট কোড,Patharghata,Patharghata UPO,,8720,,4,https://bdpost.gov.bd/pages/static-pages/6922db72933eb65569e0a2be
বরগুণা পোস্ট কোড,Patharghata,Kakchira SO,,8721,,5,https://bdpost.gov.bd/pages/static-pages/6922db72933eb65569e0a2be
বরগুণা পোস্ট কোড,Bamna,Bamna UPO,,8730,,6,https://bdpost.gov.bd/pages/static-pages/6922db72933eb65569e0a2be
বরগুণা পোস্ট কোড,Betagi,Betagi UPO,,8740,,7,https://bdpost.gov.bd/pages/static-pages/6922db72933eb65569e0a2be
বরগুণা পোস্ট কোড,Betagi,Darul Ulum EDSO,,8741,,8,https://bdpost.gov.bd/pages/static-pages/6922db72933eb65569e0a2be
খুলনা পোস্ট কোড,Sadar,Khulna GPO,,9000,,1,https://bdpost.gov.bd/pages/static-pages/6922dda6933eb65569e15bf2
খুলনা পোস্ট কোড,Sadar,Khulna City HO,,9100,,2,https://bdpost.gov.bd/pages/static-pages/6922dda6933eb65569e15bf2
খুলনা পোস্ট কোড,Sadar,Khulna Shipyard SO,,9201,,3,https://bdpost.gov.bd/pages/static-pages/6922dda6933eb65569e15bf2
খুলনা পোস্ট কোড,Sadar,Daulatpur TSO,,9202,,4,https://bdpost.gov.bd/pages/static-pages/6922dda6933eb65569e15bf2
খুলনা পোস্ট কোড,Sadar,BITT SO,,9203,,5,https://bdpost.gov.bd/pages/static-pages/6922dda6933eb65569e15bf2
খুলনা পোস্ট কোড,Sadar,Sirmani TSO,,9204,,6,https://bdpost.gov.bd/pages/static-pages/6922dda6933eb65569e15bf2
খুলনা পোস্ট কোড,Sadar,Jahanabad Cantt. TSO,,9205,,7,https://bdpost.gov.bd/pages/static-pages/6922dda6933eb65569e15bf2
খুলনা পোস্ট কোড,Sadar,Sonali Jute Mills TSO,,9206,,8,https://bdpost.gov.bd/pages/static-pages/6922dda6933eb65569e15bf2
খুলনা পোস্ট কোড,Sadar,Atra Industrial TSO,,9207,,9,https://bdpost.gov.bd/pages/static-pages/6922dda6933eb65569e15bf2
খুলনা পোস্ট কোড,Sadar,Khulna University TSO,,9208,,10,https://bdpost.gov.bd/pages/static-pages/6922dda6933eb65569e15bf2
খুলনা পোস্ট কোড,Fultala,Fultala UPO,,9210,,11,https://bdpost.gov.bd/pages/static-pages/6922dda6933eb65569e15bf2
খুলনা পোস্ট কোড,Digalia,Digalia UPO,,9220,,12,https://bdpost.gov.bd/pages/static-pages/6922dda6933eb65569e15bf2
খুলনা পোস্ট কোড,Digalia,Chandani Mohal SO,,9221,,13,https://bdpost.gov.bd/pages/static-pages/6922dda6933eb65569e15bf2
খুলনা পোস্ট কোড,Digalia,Senhati SO,,9222,,14,https://bdpost.gov.bd/pages/static-pages/6922dda6933eb65569e15bf2
খুলনা পোস্ট কোড,Digalia,Goshgati Barakpur EDSO,,9223,,15,https://bdpost.gov.bd/pages/static-pages/6922dda6933eb65569e15bf2
খুলনা পোস্ট কোড,Terakhada,Terakhada UPO,,9230,,16,https://bdpost.gov.bd/pages/static-pages/6922dda6933eb65569e15bf2
খুলনা পোস্ট কোড,Terakhada,Pak Barasat EDSO,,9231,,17,https://bdpost.gov.bd/pages/static-pages/6922dda6933eb65569e15bf2
খুলনা পোস্ট কোড,Alaipur (Rupsha),Alaipur (Rupsha) UPO,,9240,,18,https://bdpost.gov.bd/pages/static-pages/6922dda6933eb65569e15bf2
খুলনা পোস্ট কোড,Alaipur (Rupsha),Ropsa East SO,,9241,,19,https://bdpost.gov.bd/pages/static-pages/6922dda6933eb65569e15bf2
খুলনা পোস্ট কোড,Alaipur (Rupsha),Belfulia SO,,9242,,20,https://bdpost.gov.bd/pages/static-pages/6922dda6933eb65569e15bf2
খুলনা পোস্ট কোড,Sajiara (Dumuria),Sajiara (Dumuria) UPO,,9250,,21,https://bdpost.gov.bd/pages/static-pages/6922dda6933eb65569e15bf2
খুলনা পোস্ট কোড,Sajiara (Dumuria),Ghonabanda EDSO,,9251,,22,https://bdpost.gov.bd/pages/static-pages/6922dda6933eb65569e15bf2
খুলনা পোস্ট কোড,Sajiara (Dumuria),Chuknagar SO,,9252,,23,https://bdpost.gov.bd/pages/static-pages/6922dda6933eb65569e15bf2
খুলনা পোস্ট কোড,Sajiara (Dumuria),Shahapur SO,,9253,,24,https://bdpost.gov.bd/pages/static-pages/6922dda6933eb65569e15bf2
খুলনা পোস্ট কোড,Batiaghat,Batiaghat UPO,,9260,,25,https://bdpost.gov.bd/pages/static-pages/6922dda6933eb65569e15bf2
খুলনা পোস্ট কোড,Batiaghat,Surkhali EDSO,,9261,,26,https://bdpost.gov.bd/pages/static-pages/6922dda6933eb65569e15bf2
খুলনা পোস্ট কোড,Chalna Bazar (Dakup),Chalna Bazar (Dakup) UPO,,9270,,27,https://bdpost.gov.bd/pages/static-pages/6922dda6933eb65569e15bf2
খুলনা পোস্ট কোড,Chalna Bazar (Dakup),Dakup EDSO,,9271,,28,https://bdpost.gov.bd/pages/static-pages/6922dda6933eb65569e15bf2
খুলনা পোস্ট কোড,Chalna Bazar (Dakup),Bajuya SO,,9272,,29,https://bdpost.gov.bd/pages/static-pages/6922dda6933eb65569e15bf2
খুলনা পোস্ট কোড,Chalna Bazar (Dakup),Naliyan SO,,9273,,30,https://bdpost.gov.bd/pages/static-pages/6922dda6933eb65569e15bf2
খুলনা পোস্ট কোড,Palkgacha,Palkgacha UPO,,9280,,31,https://bdpost.gov.bd/pages/static-pages/6922dda6933eb65569e15bf2
খুলনা পোস্ট কোড,Palkgacha,Gadaipur EDSO,,9281,,32,https://bdpost.gov.bd/pages/static-pages/6922dda6933eb65569e15bf2
খুলনা পোস্ট কোড,Palkgacha,Kapilmuni SO,,9282,,33,https://bdpost.gov.bd/pages/static-pages/6922dda6933eb65569e15bf2
খুলনা পোস্ট কোড,Palkgacha,Katipara EDSO,,9283,,34,https://bdpost.gov.bd/pages/static-pages/6922dda6933eb65569e15bf2
খুলনা পোস্ট কোড,Palkgacha,Chandkhali EDSO,,9284,,35,https://bdpost.gov.bd/pages/static-pages/6922dda6933eb65569e15bf2
খুলনা পোস্ট কোড,Palkgacha,Garhaikhali SO,,9285,,36,https://bdpost.gov.bd/pages/static-pages/6922dda6933eb65569e15bf2
খুলনা পোস্ট কোড,Madinabad (Koyra),Madinabad (Koyra) UPO,,9290,,37,https://bdpost.gov.bd/pages/static-pages/6922dda6933eb65569e15bf2
খুলনা পোস্ট কোড,Madinabad (Koyra),Amadi SO,,9291,,38,https://bdpost.gov.bd/pages/static-pages/6922dda6933eb65569e15bf2
বাগেরহাট পোস্ট কোড,Sadar,Bagerhat HO,,9300,,1,https://bdpost.gov.bd/pages/static-pages/6922ded4933eb65569e1dad9
বাগেরহাট পোস্ট কোড,Sadar,PC College SO,,9301,,2,https://bdpost.gov.bd/pages/static-pages/6922ded4933eb65569e1dad9
বাগেরহাট পোস্ট কোড,Sadar,Rangdia College SO,,9302,,3,https://bdpost.gov.bd/pages/static-pages/6922ded4933eb65569e1dad9
বাগেরহাট পোস্ট কোড,Kachua,Kachua UPO,,9310,,4,https://bdpost.gov.bd/pages/static-pages/6922ded4933eb65569e1dad9
বাগেরহাট পোস্ট কোড,Kachua,Sonarkola SO,,9311,,5,https://bdpost.gov.bd/pages/static-pages/6922ded4933eb65569e1dad9
বাগেরহাট পোস্ট কোড,Morelgonj,Morelgonj UPO,,9320,,6,https://bdpost.gov.bd/pages/static-pages/6922ded4933eb65569e1dad9
বাগেরহাট পোস্ট কোড,Morelgonj,Sunnashi Bazar EDSO,,9321,,7,https://bdpost.gov.bd/pages/static-pages/6922ded4933eb65569e1dad9
বাগেরহাট পোস্ট কোড,Morelgonj,Telisati SO,,9322,,8,https://bdpost.gov.bd/pages/static-pages/6922ded4933eb65569e1dad9
বাগেরহাট পোস্ট কোড,Rayenda (Sharankhola),Rayenda (Sharankhola) UPO,,9330,,9,https://bdpost.gov.bd/pages/static-pages/6922ded4933eb65569e1dad9
বাগেরহাট পোস্ট কোড,Rampal,Rampal UPO,,9340,,10,https://bdpost.gov.bd/pages/static-pages/6922ded4933eb65569e1dad9
বাগেরহাট পোস্ট কোড,Rampal,Foyla Hat SO,,9341,,11,https://bdpost.gov.bd/pages/static-pages/6922ded4933eb65569e1dad9
বাগেরহাট পোস্ট কোড,Rampal,Sonatunia EDSO,,9342,,12,https://bdpost.gov.bd/pages/static-pages/6922ded4933eb65569e1dad9
বাগেরহাট পোস্ট কোড,Rampal,Gouramba SO,,9343,,13,https://bdpost.gov.bd/pages/static-pages/6922ded4933eb65569e1dad9
বাগেরহাট পোস্ট কোড,Chalna Anchorange,Chalna Anchorange UPO,,9350,,14,https://bdpost.gov.bd/pages/static-pages/6922ded4933eb65569e1dad9
বাগেরহাট পোস্ট কোড,Chalna Anchorange,Mongla Port SO,,9351,,15,https://bdpost.gov.bd/pages/static-pages/6922ded4933eb65569e1dad9
বাগেরহাট পোস্ট কোড,Chitalmari,Chitalmari UPO,,9360,,16,https://bdpost.gov.bd/pages/static-pages/6922ded4933eb65569e1dad9
বাগেরহাট পোস্ট কোড,Chitalmari,Barabaria EDSO,,9361,,17,https://bdpost.gov.bd/pages/static-pages/6922ded4933eb65569e1dad9
বাগেরহাট পোস্ট কোড,Fakirhat,Fakirhat UPO,,9370,,18,https://bdpost.gov.bd/pages/static-pages/6922ded4933eb65569e1dad9
বাগেরহাট পোস্ট কোড,Fakirhat,Manasa EDSO,,9371,,19,https://bdpost.gov.bd/pages/static-pages/6922ded4933eb65569e1dad9
বাগেরহাট পোস্ট কোড,Fakirhat,Bhanganper Bazar EDSO,,9372,,20,https://bdpost.gov.bd/pages/static-pages/6922ded4933eb65569e1dad9
বাগেরহাট পোস্ট কোড,Mollarhat,Mollarhat UPO,,9380,,21,https://bdpost.gov.bd/pages/static-pages/6922ded4933eb65569e1dad9
বাগেরহাট পোস্ট কোড,Mollarhat,Kahalpur EDSO,,9381,,22,https://bdpost.gov.bd/pages/static-pages/6922ded4933eb65569e1dad9
বাগেরহাট পোস্ট কোড,Mollarhat,Dariala EDSO,,9382,,23,https://bdpost.gov.bd/pages/static-pages/6922ded4933eb65569e1dad9
বাগেরহাট পোস্ট কোড,Mollarhat,Charkulia SO,,9383,,24,https://bdpost.gov.bd/pages/static-pages/6922ded4933eb65569e1dad9
বাগেরহাট পোস্ট কোড,Mollarhat,Nagarkandi Bazar EDSO,,9384,,25,https://bdpost.gov.bd/pages/static-pages/6922ded4933eb65569e1dad9
বাগেরহাট পোস্ট কোড,Mollarhat,Pakgangni EDSO,,9385,,26,https://bdpost.gov.bd/pages/static-pages/6922ded4933eb65569e1dad9
সাতক্ষীরা পোস্ট কোড,Sadar,Satkhira HO,,9400,,1,https://bdpost.gov.bd/pages/static-pages/6922de0f933eb65569e17f03
সাতক্ষীরা পোস্ট কোড,Sadar,Satkhira Islamia Academy SO,,9401,,2,https://bdpost.gov.bd/pages/static-pages/6922de0f933eb65569e17f03
সাতক্ষীরা পোস্ট কোড,Sadar,Gunakarkti EDSO,,9402,,3,https://bdpost.gov.bd/pages/static-pages/6922de0f933eb65569e17f03
সাতক্ষীরা পোস্ট কোড,Sadar,Buddhat EDSO,,9403,,4,https://bdpost.gov.bd/pages/static-pages/6922de0f933eb65569e17f03
সাতক্ষীরা পোস্ট কোড,Kolaroa,Kolaroa UPO,,9410,,5,https://bdpost.gov.bd/pages/static-pages/6922de0f933eb65569e17f03
সাতক্ষীরা পোস্ট কোড,Kolaroa,Murarikati EDSO,,9411,,6,https://bdpost.gov.bd/pages/static-pages/6922de0f933eb65569e17f03
সাতক্ষীরা পোস্ট কোড,Kolaroa,Jhaodanga EDSO,,9412,,7,https://bdpost.gov.bd/pages/static-pages/6922de0f933eb65569e17f03
সাতক্ষীরা পোস্ট কোড,Kolaroa,Hamidpur EDSO,,9413,,8,https://bdpost.gov.bd/pages/static-pages/6922de0f933eb65569e17f03
সাতক্ষীরা পোস্ট কোড,Kolaroa,Khordu EDSO,,9414,,9,https://bdpost.gov.bd/pages/static-pages/6922de0f933eb65569e17f03
সাতক্ষীরা পোস্ট কোড,Kolaroa,Chandanpur EDSO,,9415,,10,https://bdpost.gov.bd/pages/static-pages/6922de0f933eb65569e17f03
সাতক্ষীরা পোস্ট কোড,Tala,Tala UPO,,9420,,11,https://bdpost.gov.bd/pages/static-pages/6922de0f933eb65569e17f03
সাতক্ষীরা পোস্ট কোড,Tala,Patkrlghata SO,,9421,,12,https://bdpost.gov.bd/pages/static-pages/6922de0f933eb65569e17f03
সাতক্ষীরা পোস্ট কোড,Debhata,Debhata UPO,,9430,,13,https://bdpost.gov.bd/pages/static-pages/6922de0f933eb65569e17f03
সাতক্ষীরা পোস্ট কোড,Debhata,Gurugram EDSO,,9431,,14,https://bdpost.gov.bd/pages/static-pages/6922de0f933eb65569e17f03
সাতক্ষীরা পোস্ট কোড,Kaligonj,Kaligonj UPO,,9440,,15,https://bdpost.gov.bd/pages/static-pages/6922de0f933eb65569e17f03
সাতক্ষীরা পোস্ট কোড,Kaligonj,Nalta Mubarak Nagar SO,,9441,,16,https://bdpost.gov.bd/pages/static-pages/6922de0f933eb65569e17f03
সাতক্ষীরা পোস্ট কোড,Kaligonj,Ratanpur EDSO,,9442,,17,https://bdpost.gov.bd/pages/static-pages/6922de0f933eb65569e17f03
সাতক্ষীরা পোস্ট কোড,Nakipur (Shyamnagar),Nakipur (Shyamnagar) UPO,,9450,,18,https://bdpost.gov.bd/pages/static-pages/6922de0f933eb65569e17f03
সাতক্ষীরা পোস্ট কোড,Nakipur (Shyamnagar),Nurnagar EDSO,,9451,,19,https://bdpost.gov.bd/pages/static-pages/6922de0f933eb65569e17f03
সাতক্ষীরা পোস্ট কোড,Nakipur (Shyamnagar),Naobeki EDSO,,9452,,20,https://bdpost.gov.bd/pages/static-pages/6922de0f933eb65569e17f03
সাতক্ষীরা পোস্ট কোড,Nakipur (Shyamnagar),Burigoalini EDSO,,9453,,21,https://bdpost.gov.bd/pages/static-pages/6922de0f933eb65569e17f03
সাতক্ষীরা পোস্ট কোড,Nakipur (Shyamnagar),Gabura EDSo,,9454,,22,https://bdpost.gov.bd/pages/static-pages/6922de0f933eb65569e17f03
সাতক্ষীরা পোস্ট কোড,Nakipur (Shyamnagar),Habinagar EDSO,,9455,,23,https://bdpost.gov.bd/pages/static-pages/6922de0f933eb65569e17f03
সাতক্ষীরা পোস্ট কোড,Ashashuni,Ashashuni UPO,,9460,,24,https://bdpost.gov.bd/pages/static-pages/6922de0f933eb65569e17f03
সাতক্ষীরা পোস্ট কোড,Ashashuni,Bardal SO,,9461,,25,https://bdpost.gov.bd/pages/static-pages/6922de0f933eb65569e17f03
