division,district,upazila,post_office,postal_code,source_url,source_district_label_bn,source_upazila,resolution_type
Barisal,Barguna,Amtali,Amtali UPO,8710,https://bdpost.gov.bd/pages/static-pages/6922db72933eb65569e0a2be,বরগুণা পোস্ট কোড,Amtali,exact
Barisal,Barguna,Bamna,Bamna UPO,8730,https://bdpost.gov.bd/pages/static-pages/6922db72933eb65569e0a2be,বরগুণা পোস্ট কোড,Bamna,exact
Barisal,Barguna,Barguna Sadar,Barguna HO,8700,https://bdpost.gov.bd/pages/static-pages/6922db72933eb65569e0a2be,বরগুণা পোস্ট কোড,Sadar,safe_candidate
Barisal,Barguna,Barguna Sadar,Nali Bandar EDSO,8701,https://bdpost.gov.bd/pages/static-pages/6922db72933eb65569e0a2be,বরগুণা পোস্ট কোড,Sadar,safe_candidate
Barisal,Barguna,Betagi,Betagi UPO,8740,https://bdpost.gov.bd/pages/static-pages/6922db72933eb65569e0a2be,বরগুণা পোস্ট কোড,Betagi,exact
Barisal,Barguna,Betagi,Darul Ulum EDSO,8741,https://bdpost.gov.bd/pages/static-pages/6922db72933eb65569e0a2be,বরগুণা পোস্ট কোড,Betagi,exact
Barisal,Barguna,Pathorghata,Kakchira SO,8721,https://bdpost.gov.bd/pages/static-pages/6922db72933eb65569e0a2be,বরগুণা পোস্ট কোড,Patharghata,safe_candidate
Barisal,Barguna,Pathorghata,Patharghata UPO,8720,https://bdpost.gov.bd/pages/static-pages/6922db72933eb65569e0a2be,বরগুণা পোস্ট কোড,Patharghata,safe_candidate
Barisal,Barguna,Taltali,,,,,,canonical_fallback_no_verified_postal_row
Barisal,Barisal,Agailjhara,Agailjara UPO,8240,https://bdpost.gov.bd/pages/static-pages/6922de4f933eb65569e19bff,বরিশাল পোস্ট কোড,Agailjara,safe_candidate
Barisal,Barisal,Agailjhara,Gaila SO,8241,https://bdpost.gov.bd/pages/static-pages/6922de4f933eb65569e19bff,বরিশাল পোস্ট কোড,Agailjara,safe_candidate
Barisal,Barisal,Agailjhara,Paiserhat SO,8242,https://bdpost.gov.bd/pages/static-pages/6922de4f933eb65569e19bff,বরিশাল পোস্ট কোড,Agailjara,safe_candidate
Barisal,Barisal,Airport,,,,,,canonical_fallback_no_verified_postal_row
Barisal,Barisal,Babuganj,Babugonj Bandar SO,8217,https://bdpost.gov.bd/pages/static-pages/6922de4f933eb65569e19bff,বরিশাল পোস্ট কোড,Babugonj,second_pass_audited
Barisal,Barisal,Babuganj,Babugonj UPO,8210,https://bdpost.gov.bd/pages/static-pages/6922de4f933eb65569e19bff,বরিশাল পোস্ট কোড,Babugonj,second_pass_audited
Barisal,Barisal,Babuganj,Barishal Cadet College SO,8216,https://bdpost.gov.bd/pages/static-pages/6922de4f933eb65569e19bff,বরিশাল পোস্ট কোড,Babugonj,second_pass_audited
Barisal,Barisal,Babuganj,Chandpasa EDSO,8212,https://bdpost.gov.bd/pages/static-pages/6922de4f933eb65569e19bff,বরিশাল পোস্ট কোড,Babugonj,second_pass_audited
Barisal,Barisal,Babuganj,Madabpasa EDSO,8213,https://bdpost.gov.bd/pages/static-pages/6922de4f933eb65569e19bff,বরিশাল পোস্ট কোড,Babugonj,second_pass_audited
Barisal,Barisal,Babuganj,Nizam Uddin College EDSO,8215,https://bdpost.gov.bd/pages/static-pages/6922de4f933eb65569e19bff,বরিশাল পোস্ট কোড,Babugonj,second_pass_audited
Barisal,Barisal,Babuganj,Rahmatpur SO,8211,https://bdpost.gov.bd/pages/static-pages/6922de4f933eb65569e19bff,বরিশাল পোস্ট কোড,Babugonj,second_pass_audited
Barisal,Barisal,Babuganj,Thakur Mallik EDSO,8214,https://bdpost.gov.bd/pages/static-pages/6922de4f933eb65569e19bff,বরিশাল পোস্ট কোড,Babugonj,second_pass_audited
Barisal,Barisal,Bakerganj,Charmaddi EDSO,8281,https://bdpost.gov.bd/pages/static-pages/6922de4f933eb65569e19bff,বরিশাল পোস্ট কোড,Sahebgonj (Bakhergonj),second_pass_audited
Barisal,Barisal,Bakerganj,Kalaskakti SO,8284,https://bdpost.gov.bd/pages/static-pages/6922de4f933eb65569e19bff,বরিশাল পোস্ট কোড,Sahebgonj (Bakhergonj),second_pass_audited
Barisal,Barisal,Bakerganj,Padri Shibpur SO,8282,https://bdpost.gov.bd/pages/static-pages/6922de4f933eb65569e19bff,বরিশাল পোস্ট কোড,Sahebgonj (Bakhergonj),second_pass_audited
Barisal,Barisal,Bakerganj,Sahebgonj (Bakhergonj) UPO,8280,https://bdpost.gov.bd/pages/static-pages/6922de4f933eb65569e19bff,বরিশাল পোস্ট কোড,Sahebgonj (Bakhergonj),second_pass_audited
Barisal,Barisal,Bakerganj,Sialguni EDSO,8283,https://bdpost.gov.bd/pages/static-pages/6922de4f933eb65569e19bff,বরিশাল পোস্ট কোড,Sahebgonj (Bakhergonj),second_pass_audited
Barisal,Barisal,Banaripara,Banaripara UPO,8530,https://bdpost.gov.bd/pages/static-pages/6922dc7a933eb65569e1093e,পিরোজপুর পোস্ট কোড,Banaripara,cross_district_reassign
Barisal,Barisal,Banaripara,Chakher SO,8531,https://bdpost.gov.bd/pages/static-pages/6922dc7a933eb65569e1093e,পিরোজপুর পোস্ট কোড,Banaripara,cross_district_reassign
Barisal,Barisal,Bandar,,,,,,canonical_fallback_no_verified_postal_row
Barisal,Barisal,Barisal Sadar,Barishal HO,8200,https://bdpost.gov.bd/pages/static-pages/6922de4f933eb65569e19bff,বরিশাল পোস্ট কোড,Sadar,safe_candidate
Barisal,Barisal,Barisal Sadar,Bukhainnagar EDSO,8201,https://bdpost.gov.bd/pages/static-pages/6922de4f933eb65569e19bff,বরিশাল পোস্ট কোড,Sadar,safe_candidate
Barisal,Barisal,Barisal Sadar,Jaguarhat EDSO,8206,https://bdpost.gov.bd/pages/static-pages/6922de4f933eb65569e19bff,বরিশাল পোস্ট কোড,Sadar,safe_candidate
Barisal,Barisal,Barisal Sadar,Kasipur EDSO,8205,https://bdpost.gov.bd/pages/static-pages/6922de4f933eb65569e19bff,বরিশাল পোস্ট কোড,Sadar,safe_candidate
Barisal,Barisal,Barisal Sadar,Patang EDSO,8204,https://bdpost.gov.bd/pages/static-pages/6922de4f933eb65569e19bff,বরিশাল পোস্ট কোড,Sadar,safe_candidate
Barisal,Barisal,Barisal Sadar,Rupatoli Housing Estate SO,8207,https://bdpost.gov.bd/pages/static-pages/6922de4f933eb65569e19bff,বরিশাল পোস্ট কোড,Sadar,safe_candidate
Barisal,Barisal,Barisal Sadar,Saheberhat EDSO,8202,https://bdpost.gov.bd/pages/static-pages/6922de4f933eb65569e19bff,বরিশাল পোস্ট কোড,Sadar,safe_candidate
Barisal,Barisal,Barisal Sadar,Sugandia EDSO,8203,https://bdpost.gov.bd/pages/static-pages/6922de4f933eb65569e19bff,বরিশাল পোস্ট কোড,Sadar,safe_candidate
Barisal,Barisal,Char Monai,,,,,,canonical_fallback_no_verified_postal_row
Barisal,Barisal,Gournadi,Batajore SO,8233,https://bdpost.gov.bd/pages/static-pages/6922de4f933eb65569e19bff,বরিশাল পোস্ট কোড,Gour Nadi,normalized
Barisal,Barisal,Gournadi,Gour Nadi UPO,8230,https://bdpost.gov.bd/pages/static-pages/6922de4f933eb65569e19bff,বরিশাল পোস্ট কোড,Gour Nadi,normalized
Barisal,Barisal,Gournadi,Kasemabad SO,8232,https://bdpost.gov.bd/pages/static-pages/6922de4f933eb65569e19bff,বরিশাল পোস্ট কোড,Gour Nadi,normalized
Barisal,Barisal,Gournadi,Tarki Bandar SO,8231,https://bdpost.gov.bd/pages/static-pages/6922de4f933eb65569e19bff,বরিশাল পোস্ট কোড,Gour Nadi,normalized
Barisal,Barisal,Hizla,Barjalia (Hijla) UPo,8260,https://bdpost.gov.bd/pages/static-pages/6922de4f933eb65569e19bff,বরিশাল পোস্ট কোড,Barjalia (Hijla),legacy_alias_explicit
Barisal,Barisal,Hizla,Osman Manjil SO,8261,https://bdpost.gov.bd/pages/static-pages/6922de4f933eb65569e19bff,বরিশাল পোস্ট কোড,Barjalia (Hijla),legacy_alias_explicit
Barisal,Barisal,Kashipur,,,,,,canonical_fallback_no_verified_postal_row
Barisal,Barisal,Kawnia,,,,,,canonical_fallback_no_verified_postal_row
Barisal,Barisal,Mehendiganj,Laskerpur SO,8271,https://bdpost.gov.bd/pages/static-pages/6922de4f933eb65569e19bff,বরিশাল পোস্ট কোড,Mehendigonj,safe_candidate
Barisal,Barisal,Mehendiganj,Lengutia SO,8274,https://bdpost.gov.bd/pages/static-pages/6922de4f933eb65569e19bff,বরিশাল পোস্ট কোড,Mehendigonj,safe_candidate
Barisal,Barisal,Mehendiganj,Mehendigonj UPO,8270,https://bdpost.gov.bd/pages/static-pages/6922de4f933eb65569e19bff,বরিশাল পোস্ট কোড,Mehendigonj,safe_candidate
Barisal,Barisal,Mehendiganj,Nalgora EDSO,8273,https://bdpost.gov.bd/pages/static-pages/6922de4f933eb65569e19bff,বরিশাল পোস্ট কোড,Mehendigonj,safe_candidate
Barisal,Barisal,Mehendiganj,Ulania SO,8272,https://bdpost.gov.bd/pages/static-pages/6922de4f933eb65569e19bff,বরিশাল পোস্ট কোড,Mehendigonj,safe_candidate
Barisal,Barisal,Muladi,Charkalekhan EDSO,8252,https://bdpost.gov.bd/pages/static-pages/6922de4f933eb65569e19bff,বরিশাল পোস্ট কোড,Muladi,exact
Barisal,Barisal,Muladi,Kazirchar EDSO,8251,https://bdpost.gov.bd/pages/static-pages/6922de4f933eb65569e19bff,বরিশাল পোস্ট কোড,Muladi,exact
Barisal,Barisal,Muladi,Muladi UPO,8250,https://bdpost.gov.bd/pages/static-pages/6922de4f933eb65569e19bff,বরিশাল পোস্ট কোড,Muladi,exact
Barisal,Barisal,Rupatali,,,,,,canonical_fallback_no_verified_postal_row
Barisal,Barisal,University,,,,,,canonical_fallback_no_verified_postal_row
Barisal,Barisal,Wazirpur,Dhamura SO,8221,https://bdpost.gov.bd/pages/static-pages/6922de4f933eb65569e19bff,বরিশাল পোস্ট কোড,Uzirpur,explicit_manual_alias
Barisal,Barisal,Wazirpur,Jugirkanda SO,8222,https://bdpost.gov.bd/pages/static-pages/6922de4f933eb65569e19bff,বরিশাল পোস্ট কোড,Uzirpur,explicit_manual_alias
Barisal,Barisal,Wazirpur,Sikarpur SO,8223,https://bdpost.gov.bd/pages/static-pages/6922de4f933eb65569e19bff,বরিশাল পোস্ট কোড,Uzirpur,explicit_manual_alias
Barisal,Barisal,Wazirpur,Uzirpur UPO,8220,https://bdpost.gov.bd/pages/static-pages/6922de4f933eb65569e19bff,বরিশাল পোস্ট কোড,Uzirpur,explicit_manual_alias
Barisal,Bhola,Bhola Sadar,Bhola HO,8300,https://bdpost.gov.bd/pages/static-pages/6922e0ac933eb65569e281f4,ভোলা পোস্ট কোড,Sadar,safe_candidate
Barisal,Bhola,Bhola Sadar,Joynagar SO,8301,https://bdpost.gov.bd/pages/static-pages/6922e0ac933eb65569e281f4,ভোলা পোস্ট কোড,Sadar,safe_candidate
Barisal,Bhola,Borhan Uddin,Burhanuddin UPO,8320,https://bdpost.gov.bd/pages/static-pages/6922e0ac933eb65569e281f4,ভোলা পোস্ট কোড,Burhanuddin,safe_candidate
Barisal,Bhola,Borhan Uddin,Mirza Kalu SO,8321,https://bdpost.gov.bd/pages/static-pages/6922e0ac933eb65569e281f4,ভোলা পোস্ট কোড,Burhanuddin,safe_candidate
Barisal,Bhola,Charfesson,Charfessan UPO,8340,https://bdpost.gov.bd/pages/static-pages/6922e0ac933eb65569e281f4,ভোলা পোস্ট কোড,Charfessan,safe_candidate
Barisal,Bhola,Charfesson,Dularhat EDSO,8341,https://bdpost.gov.bd/pages/static-pages/6922e0ac933eb65569e281f4,ভোলা পোস্ট কোড,Charfessan,safe_candidate
Barisal,Bhola,Charfesson,Keramatgonj EDSO,8342,https://bdpost.gov.bd/pages/static-pages/6922e0ac933eb65569e281f4,ভোলা পোস্ট কোড,Charfessan,safe_candidate
Barisal,Bhola,Doulatkhan,Daulatkhan UPO,8310,https://bdpost.gov.bd/pages/static-pages/6922e0ac933eb65569e281f4,ভোলা পোস্ট কোড,Daulatkhan,safe_candidate
Barisal,Bhola,Doulatkhan,Hazipur Madrasa SO,8311,https://bdpost.gov.bd/pages/static-pages/6922e0ac933eb65569e281f4,ভোলা পোস্ট কোড,Daulatkhan,safe_candidate
Barisal,Bhola,Lalmohan,Daurihat EDSO,8331,https://bdpost.gov.bd/pages/static-pages/6922e0ac933eb65569e281f4,ভোলা পোস্ট কোড,Lalmohan,exact
Barisal,Bhola,Lalmohan,Gazaria SO,8332,https://bdpost.gov.bd/pages/static-pages/6922e0ac933eb65569e281f4,ভোলা পোস্ট কোড,Lalmohan,exact
Barisal,Bhola,Lalmohan,Lalmohan UPo,8330,https://bdpost.gov.bd/pages/static-pages/6922e0ac933eb65569e281f4,ভোলা পোস্ট কোড,Lalmohan,exact
Barisal,Bhola,Monpura,Hazirhat (Monpura),8360,https://bdpost.gov.bd/pages/static-pages/6922e0ac933eb65569e281f4,ভোলা পোস্ট কোড,Hazirhat (Monpura),parenthetical
Barisal,Bhola,Tazumuddin,Hat Shasigonj (Tazimuddin),8350,https://bdpost.gov.bd/pages/static-pages/6922e0ac933eb65569e281f4,ভোলা পোস্ট কোড,Hat Shasigonj (Tazimuddin),second_pass_audited
Barisal,Jhalakathi,Jhalakathi Sadar,Bawkati EDSO,8402,https://bdpost.gov.bd/pages/static-pages/6922df7a933eb65569e22404,ঝালকাঠি পোস্ট কোড,Sadar,safe_candidate
Barisal,Jhalakathi,Jhalakathi Sadar,Gava EDSO,8403,https://bdpost.gov.bd/pages/static-pages/6922df7a933eb65569e22404,ঝালকাঠি পোস্ট কোড,Sadar,safe_candidate
Barisal,Jhalakathi,Jhalakathi Sadar,Jhalakati UO,8400,https://bdpost.gov.bd/pages/static-pages/6922df7a933eb65569e22404,ঝালকাঠি পোস্ট কোড,Sadar,safe_candidate
Barisal,Jhalakathi,Jhalakathi Sadar,Nabagram EDSO,8401,https://bdpost.gov.bd/pages/static-pages/6922df7a933eb65569e22404,ঝালকাঠি পোস্ট কোড,Sadar,safe_candidate
Barisal,Jhalakathi,Jhalakathi Sadar,Shekherhat EDSO,8404,https://bdpost.gov.bd/pages/static-pages/6922df7a933eb65569e22404,ঝালকাঠি পোস্ট কোড,Sadar,safe_candidate
Barisal,Jhalakathi,Kathalia,Amua SO,8431,https://bdpost.gov.bd/pages/static-pages/6922df7a933eb65569e22404,ঝালকাঠি পোস্ট কোড,Kathalia,exact
Barisal,Jhalakathi,Kathalia,Kathalia UPO,8430,https://bdpost.gov.bd/pages/static-pages/6922df7a933eb65569e22404,ঝালকাঠি পোস্ট কোড,Kathalia,exact
Barisal,Jhalakathi,Kathalia,Niamoti SO,8432,https://bdpost.gov.bd/pages/static-pages/6922df7a933eb65569e22404,ঝালকাঠি পোস্ট কোড,Kathalia,exact
Barisal,Jhalakathi,Kathalia,Shoulajalia SO,8433,https://bdpost.gov.bd/pages/static-pages/6922df7a933eb65569e22404,ঝালকাঠি পোস্ট কোড,Kathalia,exact
Barisal,Jhalakathi,Nalchity,Birkati SO,8421,https://bdpost.gov.bd/pages/static-pages/6922df7a933eb65569e22404,ঝালকাঠি পোস্ট কোড,Nalchiti,explicit_manual_alias
Barisal,Jhalakathi,Nalchity,Nalchiti UPO,8420,https://bdpost.gov.bd/pages/static-pages/6922df7a933eb65569e22404,ঝালকাঠি পোস্ট কোড,Nalchiti,explicit_manual_alias
Barisal,Jhalakathi,Rajapur,Rajapur UPO,8410,https://bdpost.gov.bd/pages/static-pages/6922df7a933eb65569e22404,ঝালকাঠি পোস্ট কোড,Rajapur,exact
Barisal,Patuakhali,Bauphal,Bangbadar SO,8621,https://bdpost.gov.bd/pages/static-pages/6922e123933eb65569e2a74c,পটুয়াখালী পোস্ট কোড,Baufal,explicit_manual_alias
Barisal,Patuakhali,Bauphal,Baufal UPO,8620,https://bdpost.gov.bd/pages/static-pages/6922e123933eb65569e2a74c,পটুয়াখালী পোস্ট কোড,Baufal,explicit_manual_alias
Barisal,Patuakhali,Bauphal,Birpasa SO,8622,https://bdpost.gov.bd/pages/static-pages/6922e123933eb65569e2a74c,পটুয়াখালী পোস্ট কোড,Baufal,explicit_manual_alias
Barisal,Patuakhali,Bauphal,Kalaiya SO,8624,https://bdpost.gov.bd/pages/static-pages/6922e123933eb65569e2a74c,পটুয়াখালী পোস্ট কোড,Baufal,explicit_manual_alias
Barisal,Patuakhali,Bauphal,Kalisari SO,8623,https://bdpost.gov.bd/pages/static-pages/6922e123933eb65569e2a74c,পটুয়াখালী পোস্ট কোড,Baufal,explicit_manual_alias
Barisal,Patuakhali,Dashmina,Dasmina UPO,8630,https://bdpost.gov.bd/pages/static-pages/6922e123933eb65569e2a74c,পটুয়াখালী পোস্ট কোড,Dasmina,safe_candidate
Barisal,Patuakhali,Dumki,,,,,,canonical_fallback_no_verified_postal_row
Barisal,Patuakhali,Galachipa,Gazipur Bandar EDSO,8641,https://bdpost.gov.bd/pages/static-pages/6922e123933eb65569e2a74c,পটুয়াখালী পোস্ট কোড,Golachipa,safe_candidate
Barisal,Patuakhali,Galachipa,Golachipa UPO,8640,https://bdpost.gov.bd/pages/static-pages/6922e123933eb65569e2a74c,পটুয়াখালী পোস্ট কোড,Golachipa,safe_candidate
Barisal,Patuakhali,Kalapara,Khepupara UPO,8650,https://bdpost.gov.bd/pages/static-pages/6922e123933eb65569e2a74c,পটুয়াখালী পোস্ট কোড,Khepupara,legacy_alias_explicit
Barisal,Patuakhali,Kalapara,Mahipur EDSO,8651,https://bdpost.gov.bd/pages/static-pages/6922e123933eb65569e2a74c,পটুয়াখালী পোস্ট কোড,Khepupara,legacy_alias_explicit
Barisal,Patuakhali,Mirzaganj,Khataltali Bazar SO,8611,https://bdpost.gov.bd/pages/static-pages/6922e123933eb65569e2a74c,পটুয়াখালী পোস্ট কোড,Subidhakhali (Mirzagonj),second_pass_audited
Barisal,Patuakhali,Mirzaganj,Subidhakhali (Mirzagonj) UPO,8610,https://bdpost.gov.bd/pages/static-pages/6922e123933eb65569e2a74c,পটুয়াখালী পোস্ট কোড,Subidhakhali (Mirzagonj),second_pass_audited
Barisal,Patuakhali,Patuakhali Sadar,Domki SO,8602,https://bdpost.gov.bd/pages/static-pages/6922e123933eb65569e2a74c,পটুয়াখালী পোস্ট কোড,Sadar,safe_candidate
Barisal,Patuakhali,Patuakhali Sadar,Moukaran SO,8601,https://bdpost.gov.bd/pages/static-pages/6922e123933eb65569e2a74c,পটুয়াখালী পোস্ট কোড,Sadar,safe_candidate
Barisal,Patuakhali,Patuakhali Sadar,Patuakhali HO,8600,https://bdpost.gov.bd/pages/static-pages/6922e123933eb65569e2a74c,পটুয়াখালী পোস্ট কোড,Sadar,safe_candidate
Barisal,Patuakhali,Patuakhali Sadar,Rahimabad EDSO,8603,https://bdpost.gov.bd/pages/static-pages/6922e123933eb65569e2a74c,পটুয়াখালী পোস্ট কোড,Sadar,safe_candidate
Barisal,Patuakhali,Rangabali,,,,,,canonical_fallback_no_verified_postal_row
Barisal,Pirojpur,Bhandaria,Bhanderia UPO,8550,https://bdpost.gov.bd/pages/static-pages/6922dc7a933eb65569e1093e,পিরোজপুর পোস্ট কোড,Bhanderia,safe_candidate
Barisal,Pirojpur,Bhandaria,Daoya EDSO,8552,https://bdpost.gov.bd/pages/static-pages/6922dc7a933eb65569e1093e,পিরোজপুর পোস্ট কোড,Bhanderia,safe_candidate
Barisal,Pirojpur,Bhandaria,Kanudaskatia EDSO,8551,https://bdpost.gov.bd/pages/static-pages/6922dc7a933eb65569e1093e,পিরোজপুর পোস্ট কোড,Bhanderia,safe_candidate
Barisal,Pirojpur,Indurkani,,,,,,canonical_fallback_no_verified_postal_row
Barisal,Pirojpur,Kawkhali,Joykul EDSO,8512,https://bdpost.gov.bd/pages/static-pages/6922dc7a933eb65569e1093e,পিরোজপুর পোস্ট কোড,Kaukhali,explicit_manual_alias
Barisal,Pirojpur,Kawkhali,Julagati EDSO,8513,https://bdpost.gov.bd/pages/static-pages/6922dc7a933eb65569e1093e,পিরোজপুর পোস্ট কোড,Kaukhali,explicit_manual_alias
Barisal,Pirojpur,Kawkhali,Kaukhali UPO,8510,https://bdpost.gov.bd/pages/static-pages/6922dc7a933eb65569e1093e,পিরোজপুর পোস্ট কোড,Kaukhali,explicit_manual_alias
Barisal,Pirojpur,Kawkhali,Keondia EDSO,8511,https://bdpost.gov.bd/pages/static-pages/6922dc7a933eb65569e1093e,পিরোজপুর পোস্ট কোড,Kaukhali,explicit_manual_alias
Barisal,Pirojpur,Mathbaria,Betmore Nutan Hat EDSO,8565,https://bdpost.gov.bd/pages/static-pages/6922dc7a933eb65569e1093e,পিরোজপুর পোস্ট কোড,Mathbaria,exact
Barisal,Pirojpur,Mathbaria,Gulisakhali Mia SO,8563,https://bdpost.gov.bd/pages/static-pages/6922dc7a933eb65569e1093e,পিরোজপুর পোস্ট কোড,Mathbaria,exact
Barisal,Pirojpur,Mathbaria,Halta EDSO,8562,https://bdpost.gov.bd/pages/static-pages/6922dc7a933eb65569e1093e,পিরোজপুর পোস্ট কোড,Mathbaria,exact
Barisal,Pirojpur,Mathbaria,Mathbaria UPO,8560,https://bdpost.gov.bd/pages/static-pages/6922dc7a933eb65569e1093e,পিরোজপুর পোস্ট কোড,Mathbaria,exact
Barisal,Pirojpur,Mathbaria,Silargonj EDSO,8566,https://bdpost.gov.bd/pages/static-pages/6922dc7a933eb65569e1093e,পিরোজপুর পোস্ট কোড,Mathbaria,exact
Barisal,Pirojpur,Mathbaria,Tiarkahali SO,8564,https://bdpost.gov.bd/pages/static-pages/6922dc7a933eb65569e1093e,পিরোজপুর পোস্ট কোড,Mathbaria,exact
Barisal,Pirojpur,Mathbaria,Tushkali SO,8561,https://bdpost.gov.bd/pages/static-pages/6922dc7a933eb65569e1093e,পিরোজপুর পোস্ট কোড,Mathbaria,exact
Barisal,Pirojpur,Nazirpur,Nazirpur UPO,8540,https://bdpost.gov.bd/pages/static-pages/6922dc7a933eb65569e1093e,পিরোজপুর পোস্ট কোড,Nazirpur,exact
Barisal,Pirojpur,Nazirpur,Seriamkati SO,8541,https://bdpost.gov.bd/pages/static-pages/6922dc7a933eb65569e1093e,পিরোজপুর পোস্ট কোড,Nazirpur,exact
Barisal,Pirojpur,Nesarabad,Darus Sunnat SO,8521,https://bdpost.gov.bd/pages/static-pages/6922dc7a933eb65569e1093e,পিরোজপুর পোস্ট কোড,Swarupkati,legacy_alias_explicit
Barisal,Pirojpur,Nesarabad,Jalabari SO,8523,https://bdpost.gov.bd/pages/static-pages/6922dc7a933eb65569e1093e,পিরোজপুর পোস্ট কোড,Swarupkati,legacy_alias_explicit
Barisal,Pirojpur,Nesarabad,Kaurikhara SO,8522,https://bdpost.gov.bd/pages/static-pages/6922dc7a933eb65569e1093e,পিরোজপুর পোস্ট কোড,Swarupkati,legacy_alias_explicit
Barisal,Pirojpur,Nesarabad,Swarupkati UPO,8520,https://bdpost.gov.bd/pages/static-pages/6922dc7a933eb65569e1093e,পিরোজপুর পোস্ট কোড,Swarupkati,legacy_alias_explicit
Barisal,Pirojpur,Pirojpur Sadar,Hularhat SO,8501,https://bdpost.gov.bd/pages/static-pages/6922dc7a933eb65569e1093e,পিরোজপুর পোস্ট কোড,Sadar,safe_candidate
Barisal,Pirojpur,Pirojpur Sadar,Parerhat SO,8502,https://bdpost.gov.bd/pages/static-pages/6922dc7a933eb65569e1093e,পিরোজপুর পোস্ট কোড,Sadar,safe_candidate
Barisal,Pirojpur,Pirojpur Sadar,Pirojpur HO,8500,https://bdpost.gov.bd/pages/static-pages/6922dc7a933eb65569e1093e,পিরোজপুর পোস্ট কোড,Sadar,safe_candidate
Barisal,Pirojpur,Zianagar,,,,,,canonical_fallback_no_verified_postal_row
Chattogram,Bandarban,Alikadam,Alikadam UPO,4650,https://bdpost.gov.bd/pages/static-pages/6922e099933eb65569e27c53,বান্দরবান পোস্ট কোড,Alikadam,exact
Chattogram,Bandarban,Bandarban Sadar,Bandarban HO,4600,https://bdpost.gov.bd/pages/static-pages/6922e099933eb65569e27c53,বান্দরবান পোস্ট কোড,Sadar,safe_candidate
Chattogram,Bandarban,Lama,Aziz Nagar SO,4641,https://bdpost.gov.bd/pages/static-pages/6922e099933eb65569e27c53,বান্দরবান পোস্ট কোড,Lama,exact
Chattogram,Bandarban,Lama,Lama SO (Lama Thana Headquarters),4640,https://bdpost.gov.bd/pages/static-pages/6922e099933eb65569e27c53,বান্দরবান পোস্ট কোড,Lama,exact
Chattogram,Bandarban,Naikhongchhari,Naikhangchari UPO,4660,https://bdpost.gov.bd/pages/static-pages/6922e099933eb65569e27c53,বান্দরবান পোস্ট কোড,Naikhangchari,safe_candidate
Chattogram,Bandarban,Rowangchhari,Roangchari UPO,4610,https://bdpost.gov.bd/pages/static-pages/6922e099933eb65569e27c53,বান্দরবান পোস্ট কোড,Roangchari,safe_candidate
Chattogram,Bandarban,Ruma,Ruma UPO,4620,https://bdpost.gov.bd/pages/static-pages/6922e099933eb65569e27c53,বান্দরবান পোস্ট কোড,Ruma,exact
Chattogram,Bandarban,Thanchi,Thanchi UPO,4630,https://bdpost.gov.bd/pages/static-pages/6922e099933eb65569e27c53,বান্দরবান পোস্ট কোড,Thanchi,exact
Chattogram,Brahmanbaria,Akhaura,Akhaura UPO,3450,https://bdpost.gov.bd/pages/static-pages/6922e123933eb65569e2a733,ব্রাহ্মণবাড়িয়া পোস্ট কোড,Akhaura,exact
Chattogram,Brahmanbaria,Akhaura,Azampur EDSO,3451,https://bdpost.gov.bd/pages/static-pages/6922e123933eb65569e2a733,ব্রাহ্মণবাড়িয়া পোস্ট কোড,Akhaura,exact
Chattogram,Brahmanbaria,Akhaura,Ganga Sagor SO,3452,https://bdpost.gov.bd/pages/static-pages/6922e123933eb65569e2a733,ব্রাহ্মণবাড়িয়া পোস্ট কোড,Akhaura,exact
Chattogram,Brahmanbaria,Ashuganj,,,,,,canonical_fallback_no_verified_postal_row
Chattogram,Brahmanbaria,Bancharampur,Bancharampur UPO,3420,https://bdpost.gov.bd/pages/static-pages/6922e123933eb65569e2a733,ব্রাহ্মণবাড়িয়া পোস্ট কোড,Bancharampur,exact
Chattogram,Brahmanbaria,Bijoynagar,,,,,,canonical_fallback_no_verified_postal_row
Chattogram,Brahmanbaria,Brahmanbaria Sadar,Ashugonj FF SO,3403,https://bdpost.gov.bd/pages/static-pages/6922e123933eb65569e2a733,ব্রাহ্মণবাড়িয়া পোস্ট কোড,Sadar,safe_candidate
Chattogram,Brahmanbaria,Brahmanbaria Sadar,Ashugonj SO,3402,https://bdpost.gov.bd/pages/static-pages/6922e123933eb65569e2a733,ব্রাহ্মণবাড়িয়া পোস্ট কোড,Sadar,safe_candidate
Chattogram,Brahmanbaria,Brahmanbaria Sadar,"Brah,anbaria HO",3400,https://bdpost.gov.bd/pages/static-pages/6922e123933eb65569e2a733,ব্রাহ্মণবাড়িয়া পোস্ট কোড,Sadar,safe_candidate
Chattogram,Brahmanbaria,Brahmanbaria Sadar,Pattan EDSO,3404,https://bdpost.gov.bd/pages/static-pages/6922e123933eb65569e2a733,ব্রাহ্মণবাড়িয়া পোস্ট কোড,Sadar,safe_candidate
Chattogram,Brahmanbaria,Brahmanbaria Sadar,Talsahar EDSO,3401,https://bdpost.gov.bd/pages/static-pages/6922e123933eb65569e2a733,ব্রাহ্মণবাড়িয়া পোস্ট কোড,Sadar,safe_candidate
Chattogram,Brahmanbaria,Kasba,Chandiwar,3462,https://bdpost.gov.bd/pages/static-pages/6922e123933eb65569e2a733,ব্রাহ্মণবাড়িয়া পোস্ট কোড,Quasba,explicit_manual_alias
Chattogram,Brahmanbaria,Kasba,Chargas SO,3463,https://bdpost.gov.bd/pages/static-pages/6922e123933eb65569e2a733,ব্রাহ্মণবাড়িয়া পোস্ট কোড,Quasba,explicit_manual_alias
Chattogram,Brahmanbaria,Kasba,Gupinathpur SO,3464,https://bdpost.gov.bd/pages/static-pages/6922e123933eb65569e2a733,ব্রাহ্মণবাড়িয়া পোস্ট কোড,Quasba,explicit_manual_alias
Chattogram,Brahmanbaria,Kasba,Kuti SO,3461,https://bdpost.gov.bd/pages/static-pages/6922e123933eb65569e2a733,ব্রাহ্মণবাড়িয়া পোস্ট কোড,Quasba,explicit_manual_alias
Chattogram,Brahmanbaria,Kasba,Quasba UPO,3460,https://bdpost.gov.bd/pages/static-pages/6922e123933eb65569e2a733,ব্রাহ্মণবাড়িয়া পোস্ট কোড,Quasba,explicit_manual_alias
Chattogram,Brahmanbaria,Nabinagar,Jibongonj Bazar EDSO,3416,https://bdpost.gov.bd/pages/static-pages/6922e123933eb65569e2a733,ব্রাহ্মণবাড়িয়া পোস্ট কোড,Nabinagar,exact
Chattogram,Brahmanbaria,Nabinagar,Kaitala SO,3417,https://bdpost.gov.bd/pages/static-pages/6922e123933eb65569e2a733,ব্রাহ্মণবাড়িয়া পোস্ট কোড,Nabinagar,exact
Chattogram,Brahmanbaria,Nabinagar,Laur Fatepur EDSO,3411,https://bdpost.gov.bd/pages/static-pages/6922e123933eb65569e2a733,ব্রাহ্মণবাড়িয়া পোস্ট কোড,Nabinagar,exact
Chattogram,Brahmanbaria,Nabinagar,Nabinagar UPO,3410,https://bdpost.gov.bd/pages/static-pages/6922e123933eb65569e2a733,ব্রাহ্মণবাড়িয়া পোস্ট কোড,Nabinagar,exact
Chattogram,Brahmanbaria,Nabinagar,Rasullahbad EDSO,3412,https://bdpost.gov.bd/pages/static-pages/6922e123933eb65569e2a733,ব্রাহ্মণবাড়িয়া পোস্ট কোড,Nabinagar,exact
Chattogram,Brahmanbaria,Nabinagar,Ratanpur EDSO,3414,https://bdpost.gov.bd/pages/static-pages/6922e123933eb65569e2a733,ব্রাহ্মণবাড়িয়া পোস্ট কোড,Nabinagar,exact
Chattogram,Brahmanbaria,Nabinagar,Salimgonj SO,3418,https://bdpost.gov.bd/pages/static-pages/6922e123933eb65569e2a733,ব্রাহ্মণবাড়িয়া পোস্ট কোড,Nabinagar,exact
Chattogram,Brahmanbaria,Nabinagar,Shahapur SO,3415,https://bdpost.gov.bd/pages/static-pages/6922e123933eb65569e2a733,ব্রাহ্মণবাড়িয়া পোস্ট কোড,Nabinagar,exact
Chattogram,Brahmanbaria,Nabinagar,Shyamgram SO,3413,https://bdpost.gov.bd/pages/static-pages/6922e123933eb65569e2a733,ব্রাহ্মণবাড়িয়া পোস্ট কোড,Nabinagar,exact
Chattogram,Brahmanbaria,Nasirnagar,Fandauk SO,3441,https://bdpost.gov.bd/pages/static-pages/6922e123933eb65569e2a733,ব্রাহ্মণবাড়িয়া পোস্ট কোড,Nasirnagar,exact
Chattogram,Brahmanbaria,Nasirnagar,Nasirnagar UPO,3440,https://bdpost.gov.bd/pages/static-pages/6922e123933eb65569e2a733,ব্রাহ্মণবাড়িয়া পোস্ট কোড,Nasirnagar,exact
Chattogram,Brahmanbaria,Sarail,Chandura SO,3432,https://bdpost.gov.bd/pages/static-pages/6922e123933eb65569e2a733,ব্রাহ্মণবাড়িয়া পোস্ট কোড,Sarail,exact
Chattogram,Brahmanbaria,Sarail,Sarail UPO,3430,https://bdpost.gov.bd/pages/static-pages/6922e123933eb65569e2a733,ব্রাহ্মণবাড়িয়া পোস্ট কোড,Sarail,exact
Chattogram,Brahmanbaria,Sarail,Shahbajpur SO,3431,https://bdpost.gov.bd/pages/static-pages/6922e123933eb65569e2a733,ব্রাহ্মণবাড়িয়া পোস্ট কোড,Sarail,exact
Chattogram,Chandpur,Chandpur Sadar,Baburhat SO,3602,https://bdpost.gov.bd/pages/static-pages/6922e065933eb65569e26d8d,চাঁদপুর পোস্ট কোড,Sadar,safe_candidate
Chattogram,Chandpur,Chandpur Sadar,Chandpur HO,3600,https://bdpost.gov.bd/pages/static-pages/6922e065933eb65569e26d8d,চাঁদপুর পোস্ট কোড,Sadar,safe_candidate
Chattogram,Chandpur,Chandpur Sadar,Puranbazar SO,3601,https://bdpost.gov.bd/pages/static-pages/6922e065933eb65569e26d8d,চাঁদপুর পোস্ট কোড,Sadar,safe_candidate
Chattogram,Chandpur,Chandpur Sadar,Sahatali EDSO,3603,https://bdpost.gov.bd/pages/static-pages/6922e065933eb65569e26d8d,চাঁদপুর পোস্ট কোড,Sadar,safe_candidate
Chattogram,Chandpur,Faridgonj,Chandra SO,3651,https://bdpost.gov.bd/pages/static-pages/6922e065933eb65569e26d8d,চাঁদপুর পোস্ট কোড,Faridgonj,exact
Chattogram,Chandpur,Faridgonj,Faridgonj UPO,3650,https://bdpost.gov.bd/pages/static-pages/6922e065933eb65569e26d8d,চাঁদপুর পোস্ট কোড,Faridgonj,exact
Chattogram,Chandpur,Faridgonj,Gridkalinda EDSO,3653,https://bdpost.gov.bd/pages/static-pages/6922e065933eb65569e26d8d,চাঁদপুর পোস্ট কোড,Faridgonj,exact
Chattogram,Chandpur,Faridgonj,Isalampur Shah Yasin Senior Madrasa SO,3655,https://bdpost.gov.bd/pages/static-pages/6922e065933eb65569e26d8d,চাঁদপুর পোস্ট কোড,Faridgonj,exact
Chattogram,Chandpur,Faridgonj,Rampur EDSO,3654,https://bdpost.gov.bd/pages/static-pages/6922e065933eb65569e26d8d,চাঁদপুর পোস্ট কোড,Faridgonj,exact
Chattogram,Chandpur,Faridgonj,Rupsha SO,3652,https://bdpost.gov.bd/pages/static-pages/6922e065933eb65569e26d8d,চাঁদপুর পোস্ট কোড,Faridgonj,exact
Chattogram,Chandpur,Haimchar,Gandamara SO,3661,https://bdpost.gov.bd/pages/static-pages/6922e065933eb65569e26d8d,চাঁদপুর পোস্ট কোড,Haimchar,exact
Chattogram,Chandpur,Haimchar,Haimchar UPO,3660,https://bdpost.gov.bd/pages/static-pages/6922e065933eb65569e26d8d,চাঁদপুর পোস্ট কোড,Haimchar,exact
Chattogram,Chandpur,Hajiganj,Balakhal SO,3611,https://bdpost.gov.bd/pages/static-pages/6922e065933eb65569e26d8d,চাঁদপুর পোস্ট কোড,Hajigonj,second_pass_audited
Chattogram,Chandpur,Hajiganj,Hajigonj UPO,3610,https://bdpost.gov.bd/pages/static-pages/6922e065933eb65569e26d8d,চাঁদপুর পোস্ট কোড,Hajigonj,second_pass_audited
Chattogram,Chandpur,Kachua,Kachua UPO,3630,https://bdpost.gov.bd/pages/static-pages/6922e065933eb65569e26d8d,চাঁদপুর পোস্ট কোড,Kachua,exact
Chattogram,Chandpur,Kachua,Paksrirampur EDSO,3631,https://bdpost.gov.bd/pages/static-pages/6922e065933eb65569e26d8d,চাঁদপুর পোস্ট কোড,Kachua,exact
Chattogram,Chandpur,Kachua,Rahima Nagar SO,3632,https://bdpost.gov.bd/pages/static-pages/6922e065933eb65569e26d8d,চাঁদপুর পোস্ট কোড,Kachua,exact
Chattogram,Chandpur,Kachua,Sachar SO,3633,https://bdpost.gov.bd/pages/static-pages/6922e065933eb65569e26d8d,চাঁদপুর পোস্ট কোড,Kachua,exact
Chattogram,Chandpur,Matlab North,,,,,,canonical_fallback_no_verified_postal_row
Chattogram,Chandpur,Matlab South,,,,,,canonical_fallback_no_verified_postal_row
Chattogram,Chandpur,Shahrasti,Chitoshi SO,3623,https://bdpost.gov.bd/pages/static-pages/6922e065933eb65569e26d8d,চাঁদপুর পোস্ট কোড,Shahrasti,exact
Chattogram,Chandpur,Shahrasti,Khila Bazar EDSO,3621,https://bdpost.gov.bd/pages/static-pages/6922e065933eb65569e26d8d,চাঁদপুর পোস্ট কোড,Shahrasti,exact
Chattogram,Chandpur,Shahrasti,Shahrasti UPO,3620,https://bdpost.gov.bd/pages/static-pages/6922e065933eb65569e26d8d,চাঁদপুর পোস্ট কোড,Shahrasti,exact
Chattogram,Chandpur,Shahrasti,West Kherihar Alzamia Islamia Madrasa SO,3622,https://bdpost.gov.bd/pages/static-pages/6922e065933eb65569e26d8d,চাঁদপুর পোস্ট কোড,Shahrasti,exact
Chattogram,Chattogram,Akbar Shah,,,,,,canonical_fallback_no_verified_postal_row
Chattogram,Chattogram,Anwara,Anowara UPO,4376,https://bdpost.gov.bd/pages/static-pages/6922df21933eb65569e2011d,চট্টগ্রাম পোস্ট কোড,Anowara,safe_candidate
Chattogram,Chattogram,Anwara,Battali EDSO,4378,https://bdpost.gov.bd/pages/static-pages/6922df21933eb65569e2011d,চট্টগ্রাম পোস্ট কোড,Anowara,safe_candidate
Chattogram,Chattogram,Anwara,Boaliya EDBO,,https://bdpost.gov.bd/pages/static-pages/6922df21933eb65569e2011d,চট্টগ্রাম পোস্ট কোড,Anowara,safe_candidate
Chattogram,Chattogram,Anwara,Boirag EDBO,,https://bdpost.gov.bd/pages/static-pages/6922df21933eb65569e2011d,চট্টগ্রাম পোস্ট কোড,Anowara,safe_candidate
Chattogram,Chattogram,Anwara,Borumchara EDBO,,https://bdpost.gov.bd/pages/static-pages/6922df21933eb65569e2011d,চট্টগ্রাম পোস্ট কোড,Anowara,safe_candidate
Chattogram,Chattogram,Anwara,Chunnapara EDBO,,https://bdpost.gov.bd/pages/static-pages/6922df21933eb65569e2011d,চট্টগ্রাম পোস্ট কোড,Anowara,safe_candidate
Chattogram,Chattogram,Anwara,Dovashirhat EDBO,,https://bdpost.gov.bd/pages/static-pages/6922df21933eb65569e2011d,চট্টগ্রাম পোস্ট কোড,Anowara,safe_candidate
Chattogram,Chattogram,Anwara,East Baria EDBO,,https://bdpost.gov.bd/pages/static-pages/6922df21933eb65569e2011d,চট্টগ্রাম পোস্ট কোড,Anowara,safe_candidate
Chattogram,Chattogram,Anwara,Haildhar EDBO,,https://bdpost.gov.bd/pages/static-pages/6922df21933eb65569e2011d,চট্টগ্রাম পোস্ট কোড,Anowara,safe_candidate
Chattogram,Chattogram,Anwara,Jhiuri EDBO,,https://bdpost.gov.bd/pages/static-pages/6922df21933eb65569e2011d,চট্টগ্রাম পোস্ট কোড,Anowara,safe_candidate
Chattogram,Chattogram,Anwara,Koinpiura EDBO,,https://bdpost.gov.bd/pages/static-pages/6922df21933eb65569e2011d,চট্টগ্রাম পোস্ট কোড,Anowara,safe_candidate
Chattogram,Chattogram,Anwara,Malghar Bazar EDBO,,https://bdpost.gov.bd/pages/static-pages/6922df21933eb65569e2011d,চট্টগ্রাম পোস্ট কোড,Anowara,safe_candidate
Chattogram,Chattogram,Anwara,Minnat Ali Hat EDBO,,https://bdpost.gov.bd/pages/static-pages/6922df21933eb65569e2011d,চট্টগ্রাম পোস্ট কোড,Anowara,safe_candidate
Chattogram,Chattogram,Anwara,Mohalkhan Bazar EDBO,,https://bdpost.gov.bd/pages/static-pages/6922df21933eb65569e2011d,চট্টগ্রাম পোস্ট কোড,Anowara,safe_candidate
Chattogram,Chattogram,Anwara,Paraikora EDSO,4377,https://bdpost.gov.bd/pages/static-pages/6922df21933eb65569e2011d,চট্টগ্রাম পোস্ট কোড,Anowara,safe_candidate
Chattogram,Chattogram,Anwara,Patnikota EDBO,,https://bdpost.gov.bd/pages/static-pages/6922df21933eb65569e2011d,চট্টগ্রাম পোস্ট কোড,Anowara,safe_candidate
Chattogram,Chattogram,Anwara,Pirkhain EDBO,,https://bdpost.gov.bd/pages/static-pages/6922df21933eb65569e2011d,চট্টগ্রাম পোস্ট কোড,Anowara,safe_candidate
Chattogram,Chattogram,Anwara,Shattarhat EDBO,,https://bdpost.gov.bd/pages/static-pages/6922df21933eb65569e2011d,চট্টগ্রাম পোস্ট কোড,Anowara,safe_candidate
Chattogram,Chattogram,Anwara,Tekota EDBO,,https://bdpost.gov.bd/pages/static-pages/6922df21933eb65569e2011d,চট্টগ্রাম পোস্ট কোড,Anowara,safe_candidate
Chattogram,Chattogram,Anwara,Toilardwip EDBO,,https://bdpost.gov.bd/pages/static-pages/6922df21933eb65569e2011d,চট্টগ্রাম পোস্ট কোড,Anowara,safe_candidate
Chattogram,Chattogram,Anwara,Ushkhain EDBO,,https://bdpost.gov.bd/pages/static-pages/6922df21933eb65569e2011d,চট্টগ্রাম পোস্ট কোড,Anowara,safe_candidate
Chattogram,Chattogram,Bakalia,,,,,,canonical_fallback_no_verified_postal_row
Chattogram,Chattogram,Bandar,,,,,,canonical_fallback_no_verified_postal_row
Chattogram,Chattogram,Banshkhali,Banigram SO,4393,https://bdpost.gov.bd/pages/static-pages/6922df21933eb65569e2011d,চট্টগ্রাম পোস্ট কোড,Jaldi (Bashkhali),second_pass_audited
Chattogram,Chattogram,Banshkhali,Gunagari EDSO,4392,https://bdpost.gov.bd/pages/static-pages/6922df21933eb65569e2011d,চট্টগ্রাম পোস্ট কোড,Jaldi (Bashkhali),second_pass_audited
Chattogram,Chattogram,Banshkhali,Jaldi (Bashkhali) UPO,4390,https://bdpost.gov.bd/pages/static-pages/6922df21933eb65569e2011d,চট্টগ্রাম পোস্ট কোড,Jaldi (Bashkhali),second_pass_audited
Chattogram,Chattogram,Banshkhali,Khan Bahadur Bazar SO,4391,https://bdpost.gov.bd/pages/static-pages/6922df21933eb65569e2011d,চট্টগ্রাম পোস্ট কোড,Jaldi (Bashkhali),second_pass_audited
Chattogram,Chattogram,Bayejid Bostami,,,,,,canonical_fallback_no_verified_postal_row
Chattogram,Chattogram,Boalkhali,Ahala Darbar Sharif EDBO,,https://bdpost.gov.bd/pages/static-pages/6922df21933eb65569e2011d,চট্টগ্রাম পোস্ট কোড,Boalkhali,exact
Chattogram,Chattogram,Boalkhali,Bengura EDBO,,https://bdpost.gov.bd/pages/static-pages/6922df21933eb65569e2011d,চট্টগ্রাম পোস্ট কোড,Boalkhali,exact
Chattogram,Chattogram,Boalkhali,Boalkhali UPO,4366,https://bdpost.gov.bd/pages/static-pages/6922df21933eb65569e2011d,চট্টগ্রাম পোস্ট কোড,Boalkhali,exact
Chattogram,Chattogram,Boalkhali,Chander Hat EDBO,,https://bdpost.gov.bd/pages/static-pages/6922df21933eb65569e2011d,চট্টগ্রাম পোস্ট কোড,Boalkhali,exact
Chattogram,Chattogram,Boalkhali,Charandip SO,4369,https://bdpost.gov.bd/pages/static-pages/6922df21933eb65569e2011d,চট্টগ্রাম পোস্ট কোড,Boalkhali,exact
Chattogram,Chattogram,Boalkhali,Hawla Sharif EDBO,,https://bdpost.gov.bd/pages/static-pages/6922df21933eb65569e2011d,চট্টগ্রাম পোস্ট কোড,Boalkhali,exact
Chattogram,Chattogram,Boalkhali,Iqbal Park SO,4365,https://bdpost.gov.bd/pages/static-pages/6922df21933eb65569e2011d,চট্টগ্রাম পোস্ট কোড,Boalkhali,exact
Chattogram,Chattogram,Boalkhali,Kadurkhil SO,4368,https://bdpost.gov.bd/pages/static-pages/6922df21933eb65569e2011d,চট্টগ্রাম পোস্ট কোড,Boalkhali,exact
Chattogram,Chattogram,Boalkhali,Kanangupara SO,4363,https://bdpost.gov.bd/pages/static-pages/6922df21933eb65569e2011d,চট্টগ্রাম পোস্ট কোড,Boalkhali,exact
Chattogram,Chattogram,Boalkhali,Khitabchar EDBO,,https://bdpost.gov.bd/pages/static-pages/6922df21933eb65569e2011d,চট্টগ্রাম পোস্ট কোড,Boalkhali,exact
Chattogram,Chattogram,Boalkhali,Paschim Gomdandi EDBO,,https://bdpost.gov.bd/pages/static-pages/6922df21933eb65569e2011d,চট্টগ্রাম পোস্ট কোড,Boalkhali,exact
Chattogram,Chattogram,Boalkhali,Paschim Kodurkhil EDBO,,https://bdpost.gov.bd/pages/static-pages/6922df21933eb65569e2011d,চট্টগ্রাম পোস্ট কোড,Boalkhali,exact
Chattogram,Chattogram,Boalkhali,Paschim Shakpura EDBO,,https://bdpost.gov.bd/pages/static-pages/6922df21933eb65569e2011d,চট্টগ্রাম পোস্ট কোড,Boalkhali,exact
Chattogram,Chattogram,Boalkhali,Sakpura SO,4367,https://bdpost.gov.bd/pages/static-pages/6922df21933eb65569e2011d,চট্টগ্রাম পোস্ট কোড,Boalkhali,exact
Chattogram,Chattogram,Boalkhali,Sarotali SO,4364,https://bdpost.gov.bd/pages/static-pages/6922df21933eb65569e2011d,চট্টগ্রাম পোস্ট কোড,Boalkhali,exact
Chattogram,Chattogram,Chandanaish,Barma SO,4383,https://bdpost.gov.bd/pages/static-pages/6922df21933eb65569e2011d,চট্টগ্রাম পোস্ট কোড,East Zoara (Chandanaish),parenthetical
Chattogram,Chattogram,Chandanaish,Boiltoli EDBO,,https://bdpost.gov.bd/pages/static-pages/6922df21933eb65569e2011d,চট্টগ্রাম পোস্ট কোড,East Zoara (Chandanaish),parenthetical
Chattogram,Chattogram,Chandanaish,Dohazari SO,4382,https://bdpost.gov.bd/pages/static-pages/6922df21933eb65569e2011d,চট্টগ্রাম পোস্ট কোড,East Zoara (Chandanaish),parenthetical
Chattogram,Chattogram,Chandanaish,East Zoara (Chandanaish) UPO,4380,https://bdpost.gov.bd/pages/static-pages/6922df21933eb65569e2011d,চট্টগ্রাম পোস্ট কোড,East Zoara (Chandanaish),parenthetical
Chattogram,Chattogram,Chandanaish,Gachbaria SO,4381,https://bdpost.gov.bd/pages/static-pages/6922df21933eb65569e2011d,চট্টগ্রাম পোস্ট কোড,East Zoara (Chandanaish),parenthetical
Chattogram,Chattogram,Chandanaish,Hashimpur EDBO,,https://bdpost.gov.bd/pages/static-pages/6922df21933eb65569e2011d,চট্টগ্রাম পোস্ট কোড,East Zoara (Chandanaish),parenthetical
Chattogram,Chattogram,Chandanaish,Hazipara EDBO,,https://bdpost.gov.bd/pages/static-pages/6922df21933eb65569e2011d,চট্টগ্রাম পোস্ট কোড,East Zoara (Chandanaish),parenthetical
Chattogram,Chattogram,Chandanaish,Islamabad EDBO,,https://bdpost.gov.bd/pages/static-pages/6922df21933eb65569e2011d,চট্টগ্রাম পোস্ট কোড,East Zoara (Chandanaish),parenthetical
Chattogram,Chattogram,Chandanaish,Kanchan Nagar EDBO,,https://bdpost.gov.bd/pages/static-pages/6922df21933eb65569e2011d,চট্টগ্রাম পোস্ট কোড,East Zoara (Chandanaish),parenthetical
Chattogram,Chattogram,Chandanaish,Korunachara EDBO,,https://bdpost.gov.bd/pages/static-pages/6922df21933eb65569e2011d,চট্টগ্রাম পোস্ট কোড,East Zoara (Chandanaish),parenthetical
Chattogram,Chattogram,Chandanaish,Paschim Keshua EDBO,,https://bdpost.gov.bd/pages/static-pages/6922df21933eb65569e2011d,চট্টগ্রাম পোস্ট কোড,East Zoara (Chandanaish),parenthetical
Chattogram,Chattogram,Chandanaish,Pathandandi EDBO,,https://bdpost.gov.bd/pages/static-pages/6922df21933eb65569e2011d,চট্টগ্রাম পোস্ট কোড,East Zoara (Chandanaish),parenthetical
Chattogram,Chattogram,Chandanaish,Satbaria EDBO,,https://bdpost.gov.bd/pages/static-pages/6922df21933eb65569e2011d,চট্টগ্রাম পোস্ট কোড,East Zoara (Chandanaish),parenthetical
Chattogram,Chattogram,Chandanaish,Suchiya EDBO,,https://bdpost.gov.bd/pages/static-pages/6922df21933eb65569e2011d,চট্টগ্রাম পোস্ট কোড,East Zoara (Chandanaish),parenthetical
Chattogram,Chattogram,Chandgaon,Darul Ma Arif EDBO,,https://bdpost.gov.bd/pages/static-pages/6922df21933eb65569e2011d,চট্টগ্রাম পোস্ট কোড,Chandgaon,exact
Chattogram,Chattogram,Chawk Bazar,,,,,,canonical_fallback_no_verified_postal_row
Chattogram,Chattogram,Chittagong Kotwali,,,,,,canonical_fallback_no_verified_postal_row
Chattogram,Chattogram,Double Mooring,,,,,,canonical_fallback_no_verified_postal_row
Chattogram,Chattogram,EPZ,,,,,,canonical_fallback_no_verified_postal_row
Chattogram,Chattogram,Fatikchhari,Azadibazar SO,4357,https://bdpost.gov.bd/pages/static-pages/6922df21933eb65569e2011d,চট্টগ্রাম পোস্ট কোড,Fatikchari,safe_candidate
Chattogram,Chattogram,Fatikchhari,Bhander Sharif SO,4352,https://bdpost.gov.bd/pages/static-pages/6922df21933eb65569e2011d,চট্টগ্রাম পোস্ট কোড,Fatikchari,safe_candidate
Chattogram,Chattogram,Fatikchhari,Fatikchari UPO,4350,https://bdpost.gov.bd/pages/static-pages/6922df21933eb65569e2011d,চট্টগ্রাম পোস্ট কোড,Fatikchari,safe_candidate
Chattogram,Chattogram,Fatikchhari,Harual Chari SO,4354,https://bdpost.gov.bd/pages/static-pages/6922df21933eb65569e2011d,চট্টগ্রাম পোস্ট কোড,Fatikchari,safe_candidate
Chattogram,Chattogram,Fatikchhari,Nanupur SO,4351,https://bdpost.gov.bd/pages/static-pages/6922df21933eb65569e2011d,চট্টগ্রাম পোস্ট কোড,Fatikchari,safe_candidate
Chattogram,Chattogram,Fatikchhari,Narayanhat SO,4355,https://bdpost.gov.bd/pages/static-pages/6922df21933eb65569e2011d,চট্টগ্রাম পোস্ট কোড,Fatikchari,safe_candidate
Chattogram,Chattogram,Fatikchhari,Nazirhat SO,4353,https://bdpost.gov.bd/pages/static-pages/6922df21933eb65569e2011d,চট্টগ্রাম পোস্ট কোড,Fatikchari,safe_candidate
Chattogram,Chattogram,Halishahar,,,,,,canonical_fallback_no_verified_postal_row
Chattogram,Chattogram,Hathazari,Bodiul Alam Hat EDBO,,https://bdpost.gov.bd/pages/static-pages/6922df21933eb65569e2011d,চট্টগ্রাম পোস্ট কোড,Hathazari,exact
Chattogram,Chattogram,Hathazari,Chattogram University SO,4331,https://bdpost.gov.bd/pages/static-pages/6922df21933eb65569e2011d,চট্টগ্রাম পোস্ট কোড,Hathazari,exact
Chattogram,Chattogram,Hathazari,East Mekhol EDBO,,https://bdpost.gov.bd/pages/static-pages/6922df21933eb65569e2011d,চট্টগ্রাম পোস্ট কোড,Hathazari,exact
Chattogram,Chattogram,Hathazari,Fatehabad SO,4335,https://bdpost.gov.bd/pages/static-pages/6922df21933eb65569e2011d,চট্টগ্রাম পোস্ট কোড,Hathazari,exact
Chattogram,Chattogram,Hathazari,Ghar Duara EDSO,4332,https://bdpost.gov.bd/pages/static-pages/6922df21933eb65569e2011d,চট্টগ্রাম পোস্ট কোড,Hathazari,exact
Chattogram,Chattogram,Hathazari,Hathazari UPO,4330,https://bdpost.gov.bd/pages/static-pages/6922df21933eb65569e2011d,চট্টগ্রাম পোস্ট কোড,Hathazari,exact
Chattogram,Chattogram,Hathazari,Katirhat SO,4333,https://bdpost.gov.bd/pages/static-pages/6922df21933eb65569e2011d,চট্টগ্রাম পোস্ট কোড,Hathazari,exact
Chattogram,Chattogram,Hathazari,Madrasa SO,4336,https://bdpost.gov.bd/pages/static-pages/6922df21933eb65569e2011d,চট্টগ্রাম পোস্ট কোড,Hathazari,exact
Chattogram,Chattogram,Hathazari,Mirzapur EDSO,4334,https://bdpost.gov.bd/pages/static-pages/6922df21933eb65569e2011d,চট্টগ্রাম পোস্ট কোড,Hathazari,exact
Chattogram,Chattogram,Hathazari,Nondir Hat EDBO,,https://bdpost.gov.bd/pages/static-pages/6922df21933eb65569e2011d,চট্টগ্রাম পোস্ট কোড,Hathazari,exact
Chattogram,Chattogram,Hathazari,Nuralibari SO,4337,https://bdpost.gov.bd/pages/static-pages/6922df21933eb65569e2011d,চট্টগ্রাম পোস্ট কোড,Hathazari,exact
Chattogram,Chattogram,Hathazari,Rashidbari EDBO,,https://bdpost.gov.bd/pages/static-pages/6922df21933eb65569e2011d,চট্টগ্রাম পোস্ট কোড,Hathazari,exact
Chattogram,Chattogram,Hathazari,Somitir Hat EDBO,,https://bdpost.gov.bd/pages/static-pages/6922df21933eb65569e2011d,চট্টগ্রাম পোস্ট কোড,Hathazari,exact
Chattogram,Chattogram,Hathazari,Yunus Nagar EDSO,4338,https://bdpost.gov.bd/pages/static-pages/6922df21933eb65569e2011d,চট্টগ্রাম পোস্ট কোড,Hathazari,exact
Chattogram,Chattogram,Jorarganj,,,,,,canonical_fallback_no_verified_postal_row
Chattogram,Chattogram,Karnafuli,Chattogram Fish Harbour EDBO,,https://bdpost.gov.bd/pages/static-pages/6922df21933eb65569e2011d,চট্টগ্রাম পোস্ট কোড,Karnafhuli,safe_candidate
Chattogram,Chattogram,Khulshi,,,,,,canonical_fallback_no_verified_postal_row
Chattogram,Chattogram,Lohagara,Chunti EDSO,4398,https://bdpost.gov.bd/pages/static-pages/6922df21933eb65569e2011d,চট্টগ্রাম পোস্ট কোড,Lohaghora,explicit_manual_alias
Chattogram,Chattogram,Lohagara,Lohaghora,4396,https://bdpost.gov.bd/pages/static-pages/6922df21933eb65569e2011d,চট্টগ্রাম পোস্ট কোড,Lohaghora,explicit_manual_alias
Chattogram,Chattogram,Lohagara,Padua So,4397,https://bdpost.gov.bd/pages/static-pages/6922df21933eb65569e2011d,চট্টগ্রাম পোস্ট কোড,Lohaghora,explicit_manual_alias
Chattogram,Chattogram,Mirsharai,Abur Hat EDBO,,https://bdpost.gov.bd/pages/static-pages/6922df21933eb65569e2011d,চট্টগ্রাম পোস্ট কোড,Mireshwarai,safe_candidate
Chattogram,Chattogram,Mirsharai,Abutorab SO,4321,https://bdpost.gov.bd/pages/static-pages/6922df21933eb65569e2011d,চট্টগ্রাম পোস্ট কোড,Mireshwarai,safe_candidate
Chattogram,Chattogram,Mirsharai,Azampur EDSO,4325,https://bdpost.gov.bd/pages/static-pages/6922df21933eb65569e2011d,চট্টগ্রাম পোস্ট কোড,Mireshwarai,safe_candidate
Chattogram,Chattogram,Mirsharai,Bharadazhat EDSO,4323,https://bdpost.gov.bd/pages/static-pages/6922df21933eb65569e2011d,চট্টগ্রাম পোস্ট কোড,Mireshwarai,safe_candidate
Chattogram,Chattogram,Mirsharai,Bishu Mia Hat EDBO,,https://bdpost.gov.bd/pages/static-pages/6922df21933eb65569e2011d,চট্টগ্রাম পোস্ট কোড,Mireshwarai,safe_candidate
Chattogram,Chattogram,Mirsharai,Bongnur EDBO,,https://bdpost.gov.bd/pages/static-pages/6922df21933eb65569e2011d,চট্টগ্রাম পোস্ট কোড,Mireshwarai,safe_candidate
Chattogram,Chattogram,Mirsharai,Bortakiya EDBO,,https://bdpost.gov.bd/pages/static-pages/6922df21933eb65569e2011d,চট্টগ্রাম পোস্ট কোড,Mireshwarai,safe_candidate
Chattogram,Chattogram,Mirsharai,Choitonner Hat EDBO,,https://bdpost.gov.bd/pages/static-pages/6922df21933eb65569e2011d,চট্টগ্রাম পোস্ট কোড,Mireshwarai,safe_candidate
Chattogram,Chattogram,Mirsharai,Darogahat EDSO,4322,https://bdpost.gov.bd/pages/static-pages/6922df21933eb65569e2011d,চট্টগ্রাম পোস্ট কোড,Mireshwarai,safe_candidate
Chattogram,Chattogram,Mirsharai,Eshak Driver Hat EDBO,,https://bdpost.gov.bd/pages/static-pages/6922df21933eb65569e2011d,চট্টগ্রাম পোস্ট কোড,Mireshwarai,safe_candidate
Chattogram,Chattogram,Mirsharai,Hadi Fakirhat EDBO,,https://bdpost.gov.bd/pages/static-pages/6922df21933eb65569e2011d,চট্টগ্রাম পোস্ট কোড,Mireshwarai,safe_candidate
Chattogram,Chattogram,Mirsharai,Haid Kandi EDBO,,https://bdpost.gov.bd/pages/static-pages/6922df21933eb65569e2011d,চট্টগ্রাম পোস্ট কোড,Mireshwarai,safe_candidate
Chattogram,Chattogram,Mirsharai,Hinguli EDSO,,https://bdpost.gov.bd/pages/static-pages/6922df21933eb65569e2011d,চট্টগ্রাম পোস্ট কোড,Mireshwarai,safe_candidate
Chattogram,Chattogram,Mirsharai,Joraganj SO,4324,https://bdpost.gov.bd/pages/static-pages/6922df21933eb65569e2011d,চট্টগ্রাম পোস্ট কোড,Mireshwarai,safe_candidate
Chattogram,Chattogram,Mirsharai,Karehat SO,4327,https://bdpost.gov.bd/pages/static-pages/6922df21933eb65569e2011d,চট্টগ্রাম পোস্ট কোড,Mireshwarai,safe_candidate
Chattogram,Chattogram,Mirsharai,Komoldoho EDBO,,https://bdpost.gov.bd/pages/static-pages/6922df21933eb65569e2011d,চট্টগ্রাম পোস্ট কোড,Mireshwarai,safe_candidate
Chattogram,Chattogram,Mirsharai,Mahajanhat SO,4326,https://bdpost.gov.bd/pages/static-pages/6922df21933eb65569e2011d,চট্টগ্রাম পোস্ট কোড,Mireshwarai,safe_candidate
Chattogram,Chattogram,Mirsharai,Matbar Hat EDBO,,https://bdpost.gov.bd/pages/static-pages/6922df21933eb65569e2011d,চট্টগ্রাম পোস্ট কোড,Mireshwarai,safe_candidate
Chattogram,Chattogram,Mirsharai,Mireshwarai UPO,4320,https://bdpost.gov.bd/pages/static-pages/6922df21933eb65569e2011d,চট্টগ্রাম পোস্ট কোড,Mireshwarai,safe_candidate
Chattogram,Chattogram,Mirsharai,Mithachara EDBO,,https://bdpost.gov.bd/pages/static-pages/6922df21933eb65569e2011d,চট্টগ্রাম পোস্ট কোড,Mireshwarai,safe_candidate
Chattogram,Chattogram,Mirsharai,Mithanala EDBO,,https://bdpost.gov.bd/pages/static-pages/6922df21933eb65569e2011d,চট্টগ্রাম পোস্ট কোড,Mireshwarai,safe_candidate
Chattogram,Chattogram,Mirsharai,Mobarok Ghona EDSO,,https://bdpost.gov.bd/pages/static-pages/6922df21933eb65569e2011d,চট্টগ্রাম পোস্ট কোড,Mireshwarai,safe_candidate
Chattogram,Chattogram,Mirsharai,Moliaish EDBO,,https://bdpost.gov.bd/pages/static-pages/6922df21933eb65569e2011d,চট্টগ্রাম পোস্ট কোড,Mireshwarai,safe_candidate
Chattogram,Chattogram,Mirsharai,Nijampur College EDBO,,https://bdpost.gov.bd/pages/static-pages/6922df21933eb65569e2011d,চট্টগ্রাম পোস্ট কোড,Mireshwarai,safe_candidate
Chattogram,Chattogram,Mirsharai,Poragolpur EDSO,,https://bdpost.gov.bd/pages/static-pages/6922df21933eb65569e2011d,চট্টগ্রাম পোস্ট কোড,Mireshwarai,safe_candidate
Chattogram,Chattogram,Mirsharai,Shantir Hat EDSO,,https://bdpost.gov.bd/pages/static-pages/6922df21933eb65569e2011d,চট্টগ্রাম পোস্ট কোড,Mireshwarai,safe_candidate
Chattogram,Chattogram,Mirsharai,Sufiya Madrasa EDBO,,https://bdpost.gov.bd/pages/static-pages/6922df21933eb65569e2011d,চট্টগ্রাম পোস্ট কোড,Mireshwarai,safe_candidate
Chattogram,Chattogram,Mirsharai,Temuhoni EDBO,,https://bdpost.gov.bd/pages/static-pages/6922df21933eb65569e2011d,চট্টগ্রাম পোস্ট কোড,Mireshwarai,safe_candidate
Chattogram,Chattogram,Pahartali,,,,,,canonical_fallback_no_verified_postal_row
Chattogram,Chattogram,Panchlaish,,,,,,canonical_fallback_no_verified_postal_row
Chattogram,Chattogram,Patenga,,,,,,canonical_fallback_no_verified_postal_row
Chattogram,Chattogram,Patiya,Bathua EDBO,,https://bdpost.gov.bd/pages/static-pages/6922df21933eb65569e2011d,চট্টগ্রাম পোস্ট কোড,Patiya,exact
Chattogram,Chattogram,Patiya,Budhpara SO,4371,https://bdpost.gov.bd/pages/static-pages/6922df21933eb65569e2011d,চট্টগ্রাম পোস্ট কোড,Patiya,exact
Chattogram,Chattogram,Patiya,Char Laksha EDBO,,https://bdpost.gov.bd/pages/static-pages/6922df21933eb65569e2011d,চট্টগ্রাম পোস্ট কোড,Patiya,exact
Chattogram,Chattogram,Patiya,Charkanai EDBO,,https://bdpost.gov.bd/pages/static-pages/6922df21933eb65569e2011d,চট্টগ্রাম পোস্ট কোড,Patiya,exact
Chattogram,Chattogram,Patiya,Fajil Khar Hat EDBO,,https://bdpost.gov.bd/pages/static-pages/6922df21933eb65569e2011d,চট্টগ্রাম পোস্ট কোড,Patiya,exact
Chattogram,Chattogram,Patiya,Fokhirnir Hat EDBO,,https://bdpost.gov.bd/pages/static-pages/6922df21933eb65569e2011d,চট্টগ্রাম পোস্ট কোড,Patiya,exact
Chattogram,Chattogram,Patiya,Hukain EDBO,,https://bdpost.gov.bd/pages/static-pages/6922df21933eb65569e2011d,চট্টগ্রাম পোস্ট কোড,Patiya,exact
Chattogram,Chattogram,Patiya,Kalarpul EDBO,,https://bdpost.gov.bd/pages/static-pages/6922df21933eb65569e2011d,চট্টগ্রাম পোস্ট কোড,Patiya,exact
Chattogram,Chattogram,Patiya,Kashiaish EDBO,,https://bdpost.gov.bd/pages/static-pages/6922df21933eb65569e2011d,চট্টগ্রাম পোস্ট কোড,Patiya,exact
Chattogram,Chattogram,Patiya,Koronkhai EDBO,,https://bdpost.gov.bd/pages/static-pages/6922df21933eb65569e2011d,চট্টগ্রাম পোস্ট কোড,Patiya,exact
Chattogram,Chattogram,Patiya,Maliara EDBO,,https://bdpost.gov.bd/pages/static-pages/6922df21933eb65569e2011d,চট্টগ্রাম পোস্ট কোড,Patiya,exact
Chattogram,Chattogram,Patiya,Monsha EDBO,,https://bdpost.gov.bd/pages/static-pages/6922df21933eb65569e2011d,চট্টগ্রাম পোস্ট কোড,Patiya,exact
Chattogram,Chattogram,Patiya,Pairole SO,4372,https://bdpost.gov.bd/pages/static-pages/6922df21933eb65569e2011d,চট্টগ্রাম পোস্ট কোড,Patiya,exact
Chattogram,Chattogram,Patiya,Patiya HO,4370,https://bdpost.gov.bd/pages/static-pages/6922df21933eb65569e2011d,চট্টগ্রাম পোস্ট কোড,Patiya,exact
Chattogram,Chattogram,Patiya,Perpera EDBO,,https://bdpost.gov.bd/pages/static-pages/6922df21933eb65569e2011d,চট্টগ্রাম পোস্ট কোড,Patiya,exact
Chattogram,Chattogram,Patiya,Shikolbaha EDBO,,https://bdpost.gov.bd/pages/static-pages/6922df21933eb65569e2011d,চট্টগ্রাম পোস্ট কোড,Patiya,exact
Chattogram,Chattogram,Patiya,Ziri EDBO,,https://bdpost.gov.bd/pages/static-pages/6922df21933eb65569e2011d,চট্টগ্রাম পোস্ট কোড,Patiya,exact
Chattogram,Chattogram,Rangunia,Betagi EDBO,,https://bdpost.gov.bd/pages/static-pages/6922df21933eb65569e2011d,চট্টগ্রাম পোস্ট কোড,Rangunia (Dhamair),legacy_alias_explicit
Chattogram,Chattogram,Rangunia,Dhamairhat EDSO,4361,https://bdpost.gov.bd/pages/static-pages/6922df21933eb65569e2011d,চট্টগ্রাম পোস্ট কোড,Rangunia (Dhamair),legacy_alias_explicit
Chattogram,Chattogram,Rangunia,Rangunia (Dhamair) UPO,4360,https://bdpost.gov.bd/pages/static-pages/6922df21933eb65569e2011d,চট্টগ্রাম পোস্ট কোড,Rangunia (Dhamair),legacy_alias_explicit
Chattogram,Chattogram,Raozan,Adhar Manik EDBO,,https://bdpost.gov.bd/pages/static-pages/6922df21933eb65569e2011d,চট্টগ্রাম পোস্ট কোড,Raozan,exact
Chattogram,Chattogram,Raozan,AnnapurnaBari EDBO,,https://bdpost.gov.bd/pages/static-pages/6922df21933eb65569e2011d,চট্টগ্রাম পোস্ট কোড,Raozan,exact
Chattogram,Chattogram,Raozan,Binajuri SO,4341,https://bdpost.gov.bd/pages/static-pages/6922df21933eb65569e2011d,চট্টগ্রাম পোস্ট কোড,Raozan,exact
Chattogram,Chattogram,Raozan,BITSO Chattogram,4349,https://bdpost.gov.bd/pages/static-pages/6922df21933eb65569e2011d,চট্টগ্রাম পোস্ট কোড,Raozan,exact
Chattogram,Chattogram,Raozan,Boro Hafez Saheb Bari EDBO,,https://bdpost.gov.bd/pages/static-pages/6922df21933eb65569e2011d,চট্টগ্রাম পোস্ট কোড,Raozan,exact
Chattogram,Chattogram,Raozan,Chittopara EDBO,,https://bdpost.gov.bd/pages/static-pages/6922df21933eb65569e2011d,চট্টগ্রাম পোস্ট কোড,Raozan,exact
Chattogram,Chattogram,Raozan,Dargabari Etimkhana EDBO,,https://bdpost.gov.bd/pages/static-pages/6922df21933eb65569e2011d,চট্টগ্রাম পোস্ট কোড,Raozan,exact
Chattogram,Chattogram,Raozan,Dewanpur SO,4347,https://bdpost.gov.bd/pages/static-pages/6922df21933eb65569e2011d,চট্টগ্রাম পোস্ট কোড,Raozan,exact
Chattogram,Chattogram,Raozan,Fakirtila EDBO,,https://bdpost.gov.bd/pages/static-pages/6922df21933eb65569e2011d,চট্টগ্রাম পোস্ট কোড,Raozan,exact
Chattogram,Chattogram,Raozan,Fatehpur SO,4345,https://bdpost.gov.bd/pages/static-pages/6922df21933eb65569e2011d,চট্টগ্রাম পোস্ট কোড,Raozan,exact
Chattogram,Chattogram,Raozan,Fokir Takiya EDBO,,https://bdpost.gov.bd/pages/static-pages/6922df21933eb65569e2011d,চট্টগ্রাম পোস্ট কোড,Raozan,exact
Chattogram,Chattogram,Raozan,Ghahira SO,4343,https://bdpost.gov.bd/pages/static-pages/6922df21933eb65569e2011d,চট্টগ্রাম পোস্ট কোড,Raozan,exact
Chattogram,Chattogram,Raozan,Gujra EDBO,,https://bdpost.gov.bd/pages/static-pages/6922df21933eb65569e2011d,চট্টগ্রাম পোস্ট কোড,Raozan,exact
Chattogram,Chattogram,Raozan,Gujra SO,4346,https://bdpost.gov.bd/pages/static-pages/6922df21933eb65569e2011d,চট্টগ্রাম পোস্ট কোড,Raozan,exact
Chattogram,Chattogram,Raozan,Hingola EDBO,,https://bdpost.gov.bd/pages/static-pages/6922df21933eb65569e2011d,চট্টগ্রাম পোস্ট কোড,Raozan,exact
Chattogram,Chattogram,Raozan,Jagannath SO,4344,https://bdpost.gov.bd/pages/static-pages/6922df21933eb65569e2011d,চট্টগ্রাম পোস্ট কোড,Raozan,exact
Chattogram,Chattogram,Raozan,Janali Hat EDBO,,https://bdpost.gov.bd/pages/static-pages/6922df21933eb65569e2011d,চট্টগ্রাম পোস্ট কোড,Raozan,exact
Chattogram,Chattogram,Raozan,Kodolpur EDBO,,https://bdpost.gov.bd/pages/static-pages/6922df21933eb65569e2011d,চট্টগ্রাম পোস্ট কোড,Raozan,exact
Chattogram,Chattogram,Raozan,Koyepara EDBO,,https://bdpost.gov.bd/pages/static-pages/6922df21933eb65569e2011d,চট্টগ্রাম পোস্ট কোড,Raozan,exact
Chattogram,Chattogram,Raozan,Kundeswary Bhavan SO,4342,https://bdpost.gov.bd/pages/static-pages/6922df21933eb65569e2011d,চট্টগ্রাম পোস্ট কোড,Raozan,exact
Chattogram,Chattogram,Raozan,Lelang Gara EDBO,,https://bdpost.gov.bd/pages/static-pages/6922df21933eb65569e2011d,চট্টগ্রাম পোস্ট কোড,Raozan,exact
Chattogram,Chattogram,Raozan,Mahamoni SO,4348,https://bdpost.gov.bd/pages/static-pages/6922df21933eb65569e2011d,চট্টগ্রাম পোস্ট কোড,Raozan,exact
Chattogram,Chattogram,Raozan,Moddhom Kodolpur EDBO,,https://bdpost.gov.bd/pages/static-pages/6922df21933eb65569e2011d,চট্টগ্রাম পোস্ট কোড,Raozan,exact
Chattogram,Chattogram,Raozan,Mohammadpur EDBO,,https://bdpost.gov.bd/pages/static-pages/6922df21933eb65569e2011d,চট্টগ্রাম পোস্ট কোড,Raozan,exact
Chattogram,Chattogram,Raozan,Nadimpur EDBO,,https://bdpost.gov.bd/pages/static-pages/6922df21933eb65569e2011d,চট্টগ্রাম পোস্ট কোড,Raozan,exact
Chattogram,Chattogram,Raozan,Natowan EDBO,,https://bdpost.gov.bd/pages/static-pages/6922df21933eb65569e2011d,চট্টগ্রাম পোস্ট কোড,Raozan,exact
Chattogram,Chattogram,Raozan,North Gujra EDBO,,https://bdpost.gov.bd/pages/static-pages/6922df21933eb65569e2011d,চট্টগ্রাম পোস্ট কোড,Raozan,exact
Chattogram,Chattogram,Raozan,Notun Bazar EDBO,,https://bdpost.gov.bd/pages/static-pages/6922df21933eb65569e2011d,চট্টগ্রাম পোস্ট কোড,Raozan,exact
Chattogram,Chattogram,Raozan,Notun Hat EDBO,,https://bdpost.gov.bd/pages/static-pages/6922df21933eb65569e2011d,চট্টগ্রাম পোস্ট কোড,Raozan,exact
Chattogram,Chattogram,Raozan,Purbo Gujra EDBO,,https://bdpost.gov.bd/pages/static-pages/6922df21933eb65569e2011d,চট্টগ্রাম পোস্ট কোড,Raozan,exact
Chattogram,Chattogram,Raozan,Ramjan Ali Hat EDBO,,https://bdpost.gov.bd/pages/static-pages/6922df21933eb65569e2011d,চট্টগ্রাম পোস্ট কোড,Raozan,exact
Chattogram,Chattogram,Raozan,Raozan UPO,4340,https://bdpost.gov.bd/pages/static-pages/6922df21933eb65569e2011d,চট্টগ্রাম পোস্ট কোড,Raozan,exact
Chattogram,Chattogram,Raozan,Roghunandan Hat EDBO,,https://bdpost.gov.bd/pages/static-pages/6922df21933eb65569e2011d,চট্টগ্রাম পোস্ট কোড,Raozan,exact
Chattogram,Chattogram,Raozan,Shattar Ghat EDBO,,https://bdpost.gov.bd/pages/static-pages/6922df21933eb65569e2011d,চট্টগ্রাম পোস্ট কোড,Raozan,exact
Chattogram,Chattogram,Raozan,Sultanpur EDBO,,https://bdpost.gov.bd/pages/static-pages/6922df21933eb65569e2011d,চট্টগ্রাম পোস্ট কোড,Raozan,exact
Chattogram,Chattogram,Raozan,Thakur Bari EDBO,,https://bdpost.gov.bd/pages/static-pages/6922df21933eb65569e2011d,চট্টগ্রাম পোস্ট কোড,Raozan,exact
Chattogram,Chattogram,Raozan,Unosottor Para EDBO,,https://bdpost.gov.bd/pages/static-pages/6922df21933eb65569e2011d,চট্টগ্রাম পোস্ট কোড,Raozan,exact
Chattogram,Chattogram,Raozan,Urkirchar EDBO,,https://bdpost.gov.bd/pages/static-pages/6922df21933eb65569e2011d,চট্টগ্রাম পোস্ট কোড,Raozan,exact
Chattogram,Chattogram,Raozan,Uttor Satta EDBO,,https://bdpost.gov.bd/pages/static-pages/6922df21933eb65569e2011d,চট্টগ্রাম পোস্ট কোড,Raozan,exact
Chattogram,Chattogram,Sadarghat,,,,,,canonical_fallback_no_verified_postal_row
Chattogram,Chattogram,Sandwip,Akbar Hat EDBO,,https://bdpost.gov.bd/pages/static-pages/6922df21933eb65569e2011d,চট্টগ্রাম পোস্ট কোড,Sandwip,exact
Chattogram,Chattogram,Sandwip,Ali Mia Bazar EDBO,,https://bdpost.gov.bd/pages/static-pages/6922df21933eb65569e2011d,চট্টগ্রাম পোস্ট কোড,Sandwip,exact
Chattogram,Chattogram,Sandwip,Azizia EDBO,,https://bdpost.gov.bd/pages/static-pages/6922df21933eb65569e2011d,চট্টগ্রাম পোস্ট কোড,Sandwip,exact
Chattogram,Chattogram,Sandwip,Banir Hat EDBO,,https://bdpost.gov.bd/pages/static-pages/6922df21933eb65569e2011d,চট্টগ্রাম পোস্ট কোড,Sandwip,exact
Chattogram,Chattogram,Sandwip,Bauriya EDBO,,https://bdpost.gov.bd/pages/static-pages/6922df21933eb65569e2011d,চট্টগ্রাম পোস্ট কোড,Sandwip,exact
Chattogram,Chattogram,Sandwip,Bhuiyar Hat EDBO,,https://bdpost.gov.bd/pages/static-pages/6922df21933eb65569e2011d,চট্টগ্রাম পোস্ট কোড,Sandwip,exact
Chattogram,Chattogram,Sandwip,Boktar Hat EDBO,,https://bdpost.gov.bd/pages/static-pages/6922df21933eb65569e2011d,চট্টগ্রাম পোস্ট কোড,Sandwip,exact
Chattogram,Chattogram,Sandwip,Doja Nagar EDBO,,https://bdpost.gov.bd/pages/static-pages/6922df21933eb65569e2011d,চট্টগ্রাম পোস্ট কোড,Sandwip,exact
Chattogram,Chattogram,Sandwip,Gachua EDBO,,https://bdpost.gov.bd/pages/static-pages/6922df21933eb65569e2011d,চট্টগ্রাম পোস্ট কোড,Sandwip,exact
Chattogram,Chattogram,Sandwip,Kalapaniya EDBO,,https://bdpost.gov.bd/pages/static-pages/6922df21933eb65569e2011d,চট্টগ্রাম পোস্ট কোড,Sandwip,exact
Chattogram,Chattogram,Sandwip,Mait Vanga EDBO,,https://bdpost.gov.bd/pages/static-pages/6922df21933eb65569e2011d,চট্টগ্রাম পোস্ট কোড,Sandwip,exact
Chattogram,Chattogram,Sandwip,Mogdhara EDBO,,https://bdpost.gov.bd/pages/static-pages/6922df21933eb65569e2011d,চট্টগ্রাম পোস্ট কোড,Sandwip,exact
Chattogram,Chattogram,Sandwip,Mowlovir Bazar EDBO,,https://bdpost.gov.bd/pages/static-pages/6922df21933eb65569e2011d,চট্টগ্রাম পোস্ট কোড,Sandwip,exact
Chattogram,Chattogram,Sandwip,Muchapur EDBO,,https://bdpost.gov.bd/pages/static-pages/6922df21933eb65569e2011d,চট্টগ্রাম পোস্ট কোড,Sandwip,exact
Chattogram,Chattogram,Sandwip,North Mogdhara EDBO,,https://bdpost.gov.bd/pages/static-pages/6922df21933eb65569e2011d,চট্টগ্রাম পোস্ট কোড,Sandwip,exact
Chattogram,Chattogram,Sandwip,Osmania EDBO,,https://bdpost.gov.bd/pages/static-pages/6922df21933eb65569e2011d,চট্টগ্রাম পোস্ট কোড,Sandwip,exact
Chattogram,Chattogram,Sandwip,Palashyer Bazar EDBO,,https://bdpost.gov.bd/pages/static-pages/6922df21933eb65569e2011d,চট্টগ্রাম পোস্ট কোড,Sandwip,exact
Chattogram,Chattogram,Sandwip,Rahmatpur EDBO,,https://bdpost.gov.bd/pages/static-pages/6922df21933eb65569e2011d,চট্টগ্রাম পোস্ট কোড,Sandwip,exact
Chattogram,Chattogram,Sandwip,Sandwip UPO,4300,https://bdpost.gov.bd/pages/static-pages/6922df21933eb65569e2011d,চট্টগ্রাম পোস্ট কোড,Sandwip,exact
Chattogram,Chattogram,Sandwip,Santoshpur EDBO,,https://bdpost.gov.bd/pages/static-pages/6922df21933eb65569e2011d,চট্টগ্রাম পোস্ট কোড,Sandwip,exact
Chattogram,Chattogram,Sandwip,Sarikait EDBO,,https://bdpost.gov.bd/pages/static-pages/6922df21933eb65569e2011d,চট্টগ্রাম পোস্ট কোড,Sandwip,exact
Chattogram,Chattogram,Sandwip,Shiberhat EDSO,4301,https://bdpost.gov.bd/pages/static-pages/6922df21933eb65569e2011d,চট্টগ্রাম পোস্ট কোড,Sandwip,exact
Chattogram,Chattogram,Sandwip,Sholosohar EDBO,,https://bdpost.gov.bd/pages/static-pages/6922df21933eb65569e2011d,চট্টগ্রাম পোস্ট কোড,Sandwip,exact
Chattogram,Chattogram,Sandwip,Somitir Bazar EDBO,,https://bdpost.gov.bd/pages/static-pages/6922df21933eb65569e2011d,চট্টগ্রাম পোস্ট কোড,Sandwip,exact
Chattogram,Chattogram,Sandwip,Tukur Munshir Bazar EDBO,,https://bdpost.gov.bd/pages/static-pages/6922df21933eb65569e2011d,চট্টগ্রাম পোস্ট কোড,Sandwip,exact
Chattogram,Chattogram,Sandwip,Urirchar SO,4302,https://bdpost.gov.bd/pages/static-pages/6922df21933eb65569e2011d,চট্টগ্রাম পোস্ট কোড,Sandwip,exact
Chattogram,Chattogram,Satkania,Baitul Ijjat SO,4387,https://bdpost.gov.bd/pages/static-pages/6922df21933eb65569e2011d,চট্টগ্রাম পোস্ট কোড,Satkania,exact
Chattogram,Chattogram,Satkania,Bajalia EDSO,4388,https://bdpost.gov.bd/pages/static-pages/6922df21933eb65569e2011d,চট্টগ্রাম পোস্ট কোড,Satkania,exact
Chattogram,Chattogram,Satkania,Dakkhinpara EDBO,,https://bdpost.gov.bd/pages/static-pages/6922df21933eb65569e2011d,চট্টগ্রাম পোস্ট কোড,Satkania,exact
Chattogram,Chattogram,Satkania,Durduri EDBO,,https://bdpost.gov.bd/pages/static-pages/6922df21933eb65569e2011d,চট্টগ্রাম পোস্ট কোড,Satkania,exact
Chattogram,Chattogram,Satkania,Khagriya EDBO,,https://bdpost.gov.bd/pages/static-pages/6922df21933eb65569e2011d,চট্টগ্রাম পোস্ট কোড,Satkania,exact
Chattogram,Chattogram,Satkania,Morfola Bazar EDBO,,https://bdpost.gov.bd/pages/static-pages/6922df21933eb65569e2011d,চট্টগ্রাম পোস্ট কোড,Satkania,exact
Chattogram,Chattogram,Satkania,Mowlovir Dokan EDBO,,https://bdpost.gov.bd/pages/static-pages/6922df21933eb65569e2011d,চট্টগ্রাম পোস্ট কোড,Satkania,exact
Chattogram,Chattogram,Satkania,Satkania UPO,4386,https://bdpost.gov.bd/pages/static-pages/6922df21933eb65569e2011d,চট্টগ্রাম পোস্ট কোড,Satkania,exact
Chattogram,Chattogram,Satkania,Shyam Muhori Hat EDBO,,https://bdpost.gov.bd/pages/static-pages/6922df21933eb65569e2011d,চট্টগ্রাম পোস্ট কোড,Satkania,exact
Chattogram,Chattogram,Sitakunda,Baliadi EDBO,,https://bdpost.gov.bd/pages/static-pages/6922df21933eb65569e2011d,চট্টগ্রাম পোস্ট কোড,Sitakundu,safe_candidate
Chattogram,Chattogram,Sitakunda,Barabkunda SO,4312,https://bdpost.gov.bd/pages/static-pages/6922df21933eb65569e2011d,চট্টগ্রাম পোস্ট কোড,Sitakundu,safe_candidate
Chattogram,Chattogram,Sitakunda,Baraiadala So,4311,https://bdpost.gov.bd/pages/static-pages/6922df21933eb65569e2011d,চট্টগ্রাম পোস্ট কোড,Sitakundu,safe_candidate
Chattogram,Chattogram,Sitakunda,Bashbaria SO,4313,https://bdpost.gov.bd/pages/static-pages/6922df21933eb65569e2011d,চট্টগ্রাম পোস্ট কোড,Sitakundu,safe_candidate
Chattogram,Chattogram,Sitakunda,Bhatiari SO,4315,https://bdpost.gov.bd/pages/static-pages/6922df21933eb65569e2011d,চট্টগ্রাম পোস্ট কোড,Sitakundu,safe_candidate
Chattogram,Chattogram,Sitakunda,Boro Daroga Hat EDBO,,https://bdpost.gov.bd/pages/static-pages/6922df21933eb65569e2011d,চট্টগ্রাম পোস্ট কোড,Sitakundu,safe_candidate
Chattogram,Chattogram,Sitakunda,Choto Daroga Hat EDBO,,https://bdpost.gov.bd/pages/static-pages/6922df21933eb65569e2011d,চট্টগ্রাম পোস্ট কোড,Sitakundu,safe_candidate
Chattogram,Chattogram,Sitakunda,Dakkhin Shitolpur Raja Kashem EDBO,,https://bdpost.gov.bd/pages/static-pages/6922df21933eb65569e2011d,চট্টগ্রাম পোস্ট কোড,Sitakundu,safe_candidate
Chattogram,Chattogram,Sitakunda,Domkhali Somiti Hat EDBO,,https://bdpost.gov.bd/pages/static-pages/6922df21933eb65569e2011d,চট্টগ্রাম পোস্ট কোড,Sitakundu,safe_candidate
Chattogram,Chattogram,Sitakunda,Fouzderhat Cadet College SO,4316,https://bdpost.gov.bd/pages/static-pages/6922df21933eb65569e2011d,চট্টগ্রাম পোস্ট কোড,Sitakundu,safe_candidate
Chattogram,Chattogram,Sitakunda,Hafiz Jute Mills EDBO,,https://bdpost.gov.bd/pages/static-pages/6922df21933eb65569e2011d,চট্টগ্রাম পোস্ট কোড,Sitakundu,safe_candidate
Chattogram,Chattogram,Sitakunda,IIUC SO,4318,https://bdpost.gov.bd/pages/static-pages/6922df21933eb65569e2011d,চট্টগ্রাম পোস্ট কোড,Sitakundu,safe_candidate
Chattogram,Chattogram,Sitakunda,Jafar Nagar EDBO,,https://bdpost.gov.bd/pages/static-pages/6922df21933eb65569e2011d,চট্টগ্রাম পোস্ট কোড,Sitakundu,safe_candidate
Chattogram,Chattogram,Sitakunda,Kamar Ali EDBO,,https://bdpost.gov.bd/pages/static-pages/6922df21933eb65569e2011d,চট্টগ্রাম পোস্ট কোড,Sitakundu,safe_candidate
Chattogram,Chattogram,Sitakunda,Kumira SO,4314,https://bdpost.gov.bd/pages/static-pages/6922df21933eb65569e2011d,চট্টগ্রাম পোস্ট কোড,Sitakundu,safe_candidate
Chattogram,Chattogram,Sitakunda,Mohanagar EDBO,,https://bdpost.gov.bd/pages/static-pages/6922df21933eb65569e2011d,চট্টগ্রাম পোস্ট কোড,Sitakundu,safe_candidate
Chattogram,Chattogram,Sitakunda,Muradpur EDBO,,https://bdpost.gov.bd/pages/static-pages/6922df21933eb65569e2011d,চট্টগ্রাম পোস্ট কোড,Sitakundu,safe_candidate
Chattogram,Chattogram,Sitakunda,Shekher Hat EDBO,,https://bdpost.gov.bd/pages/static-pages/6922df21933eb65569e2011d,চট্টগ্রাম পোস্ট কোড,Sitakundu,safe_candidate
Chattogram,Chattogram,Sitakunda,Shitolpur EDBO,,https://bdpost.gov.bd/pages/static-pages/6922df21933eb65569e2011d,চট্টগ্রাম পোস্ট কোড,Sitakundu,safe_candidate
Chattogram,Chattogram,Sitakunda,Sitakundu UPO,4310,https://bdpost.gov.bd/pages/static-pages/6922df21933eb65569e2011d,চট্টগ্রাম পোস্ট কোড,Sitakundu,safe_candidate
Chattogram,Chattogram,Sitakunda,Zafrabad SO,4317,https://bdpost.gov.bd/pages/static-pages/6922df21933eb65569e2011d,চট্টগ্রাম পোস্ট কোড,Sitakundu,safe_candidate
Chattogram,Chattogram,Vujpur,,,,,,canonical_fallback_no_verified_postal_row
Chattogram,Comilla,Bangara Bazar,,,,,,canonical_fallback_no_verified_postal_row
Chattogram,Comilla,Barura,Barura UPO,3560,https://bdpost.gov.bd/pages/static-pages/6922df8d933eb65569e22ba9,কুমিল্লা পোস্ট কোড,Barura,exact
Chattogram,Comilla,Barura,Mudafargonj SO,3562,https://bdpost.gov.bd/pages/static-pages/6922df8d933eb65569e22ba9,কুমিল্লা পোস্ট কোড,Barura,exact
Chattogram,Comilla,Barura,Payalgacha SO,3561,https://bdpost.gov.bd/pages/static-pages/6922df8d933eb65569e22ba9,কুমিল্লা পোস্ট কোড,Barura,exact
Chattogram,Comilla,Brahmanpara,Brahmanpara UPO,3526,https://bdpost.gov.bd/pages/static-pages/6922df8d933eb65569e22ba9,কুমিল্লা পোস্ট কোড,Brahmanpara,exact
Chattogram,Comilla,Burichang,Burichang UPO,3520,https://bdpost.gov.bd/pages/static-pages/6922df8d933eb65569e22ba9,কুমিল্লা পোস্ট কোড,Burichang,exact
Chattogram,Comilla,Burichang,Mainamoti Bazar SO,3521,https://bdpost.gov.bd/pages/static-pages/6922df8d933eb65569e22ba9,কুমিল্লা পোস্ট কোড,Burichang,exact
Chattogram,Comilla,Chandina,Chandina UPO,3510,https://bdpost.gov.bd/pages/static-pages/6922df8d933eb65569e22ba9,কুমিল্লা পোস্ট কোড,Chandina,exact
Chattogram,Comilla,Chandina,Madhaiya Bazar EDSO,3511,https://bdpost.gov.bd/pages/static-pages/6922df8d933eb65569e22ba9,কুমিল্লা পোস্ট কোড,Chandina,exact
Chattogram,Comilla,Chandina,Meghna SO,3512,https://bdpost.gov.bd/pages/static-pages/6922df8d933eb65569e22ba9,কুমিল্লা পোস্ট কোড,Chandina,exact
Chattogram,Comilla,Chauddagram,Batisa EDSO,3551,https://bdpost.gov.bd/pages/static-pages/6922df8d933eb65569e22ba9,কুমিল্লা পোস্ট কোড,Chaudha Gram,safe_candidate
Chattogram,Comilla,Chauddagram,Chaudha Gram UPO,3550,https://bdpost.gov.bd/pages/static-pages/6922df8d933eb65569e22ba9,কুমিল্লা পোস্ট কোড,Chaudha Gram,safe_candidate
Chattogram,Comilla,Chauddagram,Cheora SO,3552,https://bdpost.gov.bd/pages/static-pages/6922df8d933eb65569e22ba9,কুমিল্লা পোস্ট কোড,Chaudha Gram,safe_candidate
Chattogram,Comilla,Comilla Sadar,Courtbari SO,3503,https://bdpost.gov.bd/pages/static-pages/6922df8d933eb65569e22ba9,কুমিল্লা পোস্ট কোড,Sadar,safe_candidate
Chattogram,Comilla,Comilla Sadar,Cumilla Cantt. SO,3501,https://bdpost.gov.bd/pages/static-pages/6922df8d933eb65569e22ba9,কুমিল্লা পোস্ট কোড,Sadar,safe_candidate
Chattogram,Comilla,Comilla Sadar,Cumilla HO,3500,https://bdpost.gov.bd/pages/static-pages/6922df8d933eb65569e22ba9,কুমিল্লা পোস্ট কোড,Sadar,safe_candidate
Chattogram,Comilla,Comilla Sadar,Halimnagar SO,3502,https://bdpost.gov.bd/pages/static-pages/6922df8d933eb65569e22ba9,কুমিল্লা পোস্ট কোড,Sadar,safe_candidate
Chattogram,Comilla,Comilla Sadar,Shibpur SO,3505,https://bdpost.gov.bd/pages/static-pages/6922df8d933eb65569e22ba9,কুমিল্লা পোস্ট কোড,Sadar,safe_candidate
Chattogram,Comilla,Comilla Sadar,Suagonj EDSO,3504,https://bdpost.gov.bd/pages/static-pages/6922df8d933eb65569e22ba9,কুমিল্লা পোস্ট কোড,Sadar,safe_candidate
Chattogram,Comilla,Daudkandi,Daspara EDSO,3518,https://bdpost.gov.bd/pages/static-pages/6922df8d933eb65569e22ba9,কুমিল্লা পোস্ট কোড,Daudkandi,exact
Chattogram,Comilla,Daudkandi,Daudkandi UPO,3516,https://bdpost.gov.bd/pages/static-pages/6922df8d933eb65569e22ba9,কুমিল্লা পোস্ট কোড,Daudkandi,exact
Chattogram,Comilla,Daudkandi,Eliotgonj SO,3519,https://bdpost.gov.bd/pages/static-pages/6922df8d933eb65569e22ba9,কুমিল্লা পোস্ট কোড,Daudkandi,exact
Chattogram,Comilla,Daudkandi,Gouripur SO,3517,https://bdpost.gov.bd/pages/static-pages/6922df8d933eb65569e22ba9,কুমিল্লা পোস্ট কোড,Daudkandi,exact
Chattogram,Comilla,Debidwar,Barasalghar EDSO,3532,https://bdpost.gov.bd/pages/static-pages/6922df8d933eb65569e22ba9,কুমিল্লা পোস্ট কোড,Debidwar,exact
Chattogram,Comilla,Debidwar,Damti Madrasa SO,3533,https://bdpost.gov.bd/pages/static-pages/6922df8d933eb65569e22ba9,কুমিল্লা পোস্ট কোড,Debidwar,exact
Chattogram,Comilla,Debidwar,Debidwar UPO,3530,https://bdpost.gov.bd/pages/static-pages/6922df8d933eb65569e22ba9,কুমিল্লা পোস্ট কোড,Debidwar,exact
Chattogram,Comilla,Debidwar,Gangamandal SO,3531,https://bdpost.gov.bd/pages/static-pages/6922df8d933eb65569e22ba9,কুমিল্লা পোস্ট কোড,Debidwar,exact
Chattogram,Comilla,Homna,Homna UPO,3546,https://bdpost.gov.bd/pages/static-pages/6922df8d933eb65569e22ba9,কুমিল্লা পোস্ট কোড,Homna,exact
Chattogram,Comilla,Homna,Tarakandi SO,3547,https://bdpost.gov.bd/pages/static-pages/6922df8d933eb65569e22ba9,কুমিল্লা পোস্ট কোড,Homna,exact
Chattogram,Comilla,Laksam,Bipulashar EDSO,3572,https://bdpost.gov.bd/pages/static-pages/6922df8d933eb65569e22ba9,কুমিল্লা পোস্ট কোড,Laksam,exact
Chattogram,Comilla,Laksam,Choto Sharifpur SO,3573,https://bdpost.gov.bd/pages/static-pages/6922df8d933eb65569e22ba9,কুমিল্লা পোস্ট কোড,Laksam,exact
Chattogram,Comilla,Laksam,Laksam UPO,3570,https://bdpost.gov.bd/pages/static-pages/6922df8d933eb65569e22ba9,কুমিল্লা পোস্ট কোড,Laksam,exact
Chattogram,Comilla,Laksam,Lakshamanpur EDSO,3571,https://bdpost.gov.bd/pages/static-pages/6922df8d933eb65569e22ba9,কুমিল্লা পোস্ট কোড,Laksam,exact
Chattogram,Comilla,Lalmai,,,,,,canonical_fallback_no_verified_postal_row
Chattogram,Comilla,Meghna,,,,,,canonical_fallback_no_verified_postal_row
Chattogram,Comilla,Monohargonj,,,,,,canonical_fallback_no_verified_postal_row
Chattogram,Comilla,Muradnagar,Bangora SO,3543,https://bdpost.gov.bd/pages/static-pages/6922df8d933eb65569e22ba9,কুমিল্লা পোস্ট কোড,Muradnagar,exact
Chattogram,Comilla,Muradnagar,Companigonj SO,3542,https://bdpost.gov.bd/pages/static-pages/6922df8d933eb65569e22ba9,কুমিল্লা পোস্ট কোড,Muradnagar,exact
Chattogram,Comilla,Muradnagar,Muradnagar UPO,3540,https://bdpost.gov.bd/pages/static-pages/6922df8d933eb65569e22ba9,কুমিল্লা পোস্ট কোড,Muradnagar,exact
Chattogram,Comilla,Muradnagar,Panti Bazar SO,3545,https://bdpost.gov.bd/pages/static-pages/6922df8d933eb65569e22ba9,কুমিল্লা পোস্ট কোড,Muradnagar,exact
Chattogram,Comilla,Muradnagar,Ramchandarpur SO,3541,https://bdpost.gov.bd/pages/static-pages/6922df8d933eb65569e22ba9,কুমিল্লা পোস্ট কোড,Muradnagar,exact
Chattogram,Comilla,Muradnagar,Sonakanda SO,3544,https://bdpost.gov.bd/pages/static-pages/6922df8d933eb65569e22ba9,কুমিল্লা পোস্ট কোড,Muradnagar,exact
Chattogram,Comilla,Nangalkot,Chharia Bazar SO,3582,https://bdpost.gov.bd/pages/static-pages/6922df8d933eb65569e22ba9,কুমিল্লা পোস্ট কোড,Nangalkot,exact
Chattogram,Comilla,Nangalkot,Dalua EDSO,3581,https://bdpost.gov.bd/pages/static-pages/6922df8d933eb65569e22ba9,কুমিল্লা পোস্ট কোড,Nangalkot,exact
Chattogram,Comilla,Nangalkot,Gunabati SO,3583,https://bdpost.gov.bd/pages/static-pages/6922df8d933eb65569e22ba9,কুমিল্লা পোস্ট কোড,Nangalkot,exact
Chattogram,Comilla,Nangalkot,Nangalkot UPO,3580,https://bdpost.gov.bd/pages/static-pages/6922df8d933eb65569e22ba9,কুমিল্লা পোস্ট কোড,Nangalkot,exact
Chattogram,Comilla,Sadarsouth,,,,,,canonical_fallback_no_verified_postal_row
Chattogram,Comilla,Titas,,,,,,canonical_fallback_no_verified_postal_row
Chattogram,Cox's Bazar,Chakaria,Badarkhali EDSO,4742,https://bdpost.gov.bd/pages/static-pages/6922dda9933eb65569e15c94,কক্সবাজার পোস্ট কোড,Chiringa Community Centre (Chakaria),parenthetical
Chattogram,Cox's Bazar,Chakaria,Chiringa Community Centre (Chakaria) UPO,4740,https://bdpost.gov.bd/pages/static-pages/6922dda9933eb65569e15c94,কক্সবাজার পোস্ট কোড,Chiringa Community Centre (Chakaria),parenthetical
Chattogram,Cox's Bazar,Chakaria,Chiringa SO,4741,https://bdpost.gov.bd/pages/static-pages/6922dda9933eb65569e15c94,কক্সবাজার পোস্ট কোড,Chiringa Community Centre (Chakaria),parenthetical
Chattogram,Cox's Bazar,Chakaria,Malumghat Hospital EDSO,4743,https://bdpost.gov.bd/pages/static-pages/6922dda9933eb65569e15c94,কক্সবাজার পোস্ট কোড,Chiringa Community Centre (Chakaria),parenthetical
Chattogram,Cox's Bazar,Coxsbazar Sadar,Cox`s Bazar HO,4700,https://bdpost.gov.bd/pages/static-pages/6922dda9933eb65569e15c94,কক্সবাজার পোস্ট কোড,Sadar,safe_candidate
Chattogram,Cox's Bazar,Coxsbazar Sadar,Idgaon SO,4702,https://bdpost.gov.bd/pages/static-pages/6922dda9933eb65569e15c94,কক্সবাজার পোস্ট কোড,Sadar,safe_candidate
Chattogram,Cox's Bazar,Coxsbazar Sadar,Jilanja EDSO,4701,https://bdpost.gov.bd/pages/static-pages/6922dda9933eb65569e15c94,কক্সবাজার পোস্ট কোড,Sadar,safe_candidate
Chattogram,Cox's Bazar,Eidgaon,,,,,,canonical_fallback_no_verified_postal_row
Chattogram,Cox's Bazar,Kutubdia,Kutubdia UPO,4720,https://bdpost.gov.bd/pages/static-pages/6922dda9933eb65569e15c94,কক্সবাজার পোস্ট কোড,Kutubdia,exact
Chattogram,Cox's Bazar,Moheshkhali,Ghorakghat (Moheshkhali) UPO,4710,https://bdpost.gov.bd/pages/static-pages/6922dda9933eb65569e15c94,কক্সবাজার পোস্ট কোড,Ghorakghat (Moheshkhali),parenthetical
Chattogram,Cox's Bazar,Pekua,,,,,,canonical_fallback_no_verified_postal_row
Chattogram,Cox's Bazar,Ramu,Ramu UPO,4730,https://bdpost.gov.bd/pages/static-pages/6922dda9933eb65569e15c94,কক্সবাজার পোস্ট কোড,Ramu,exact
Chattogram,Cox's Bazar,Teknaf,Cent Martin Dip SO,4762,https://bdpost.gov.bd/pages/static-pages/6922dda9933eb65569e15c94,কক্সবাজার পোস্ট কোড,Teknaf,exact
Chattogram,Cox's Bazar,Teknaf,Hinla SO,4761,https://bdpost.gov.bd/pages/static-pages/6922dda9933eb65569e15c94,কক্সবাজার পোস্ট কোড,Teknaf,exact
Chattogram,Cox's Bazar,Teknaf,Teknaf UPO,4760,https://bdpost.gov.bd/pages/static-pages/6922dda9933eb65569e15c94,কক্সবাজার পোস্ট কোড,Teknaf,exact
Chattogram,Cox's Bazar,Ukhiya,Ukhiya UPO,4750,https://bdpost.gov.bd/pages/static-pages/6922dda9933eb65569e15c94,কক্সবাজার পোস্ট কোড,Ukhiya,exact
Chattogram,Feni,Chhagalnaiya,Chhagal Naiya UPO,3910,https://bdpost.gov.bd/pages/static-pages/6922e009933eb65569e2522c,ফেণী পোস্ট কোড,Chhagal Naiya,normalized
Chattogram,Feni,Chhagalnaiya,Darogerhat SO,3912,https://bdpost.gov.bd/pages/static-pages/6922e009933eb65569e2522c,ফেণী পোস্ট কোড,Chhagal Naiya,normalized
Chattogram,Feni,Chhagalnaiya,Maharajgonj SO,3911,https://bdpost.gov.bd/pages/static-pages/6922e009933eb65569e2522c,ফেণী পোস্ট কোড,Chhagal Naiya,normalized
Chattogram,Feni,Chhagalnaiya,Purba Silua EDSO,3913,https://bdpost.gov.bd/pages/static-pages/6922e009933eb65569e2522c,ফেণী পোস্ট কোড,Chhagal Naiya,normalized
Chattogram,Feni,Daganbhuiyan,Chhilonia EDSO,3922,https://bdpost.gov.bd/pages/static-pages/6922e009933eb65569e2522c,ফেণী পোস্ট কোড,Dagon Bhuiyan,safe_candidate
Chattogram,Feni,Daganbhuiyan,Dagon Bhuiyan UPO,3920,https://bdpost.gov.bd/pages/static-pages/6922e009933eb65569e2522c,ফেণী পোস্ট কোড,Dagon Bhuiyan,safe_candidate
Chattogram,Feni,Daganbhuiyan,Dudmukha SO,3921,https://bdpost.gov.bd/pages/static-pages/6922e009933eb65569e2522c,ফেণী পোস্ট কোড,Dagon Bhuiyan,safe_candidate
Chattogram,Feni,Daganbhuiyan,Razapur EDSO,3923,https://bdpost.gov.bd/pages/static-pages/6922e009933eb65569e2522c,ফেণী পোস্ট কোড,Dagon Bhuiyan,safe_candidate
Chattogram,Feni,Feni Sadar,Fazlipur SO,3901,https://bdpost.gov.bd/pages/static-pages/6922e009933eb65569e2522c,ফেণী পোস্ট কোড,Sadar,safe_candidate
Chattogram,Feni,Feni Sadar,Feni HO,3900,https://bdpost.gov.bd/pages/static-pages/6922e009933eb65569e2522c,ফেণী পোস্ট কোড,Sadar,safe_candidate
Chattogram,Feni,Feni Sadar,Laskarhat EDSO,3903,https://bdpost.gov.bd/pages/static-pages/6922e009933eb65569e2522c,ফেণী পোস্ট কোড,Sadar,safe_candidate
Chattogram,Feni,Feni Sadar,Sarsadi SO,3902,https://bdpost.gov.bd/pages/static-pages/6922e009933eb65569e2522c,ফেণী পোস্ট কোড,Sadar,safe_candidate
Chattogram,Feni,Fulgazi,,,,,,canonical_fallback_no_verified_postal_row
Chattogram,Feni,Parshuram,Fulgazi SO,3942,https://bdpost.gov.bd/pages/static-pages/6922e009933eb65569e2522c,ফেণী পোস্ট কোড,Parshuram,exact
Chattogram,Feni,Parshuram,Munshirhat SO,3943,https://bdpost.gov.bd/pages/static-pages/6922e009933eb65569e2522c,ফেণী পোস্ট কোড,Parshuram,exact
Chattogram,Feni,Parshuram,Parshuram UPO,3940,https://bdpost.gov.bd/pages/static-pages/6922e009933eb65569e2522c,ফেণী পোস্ট কোড,Parshuram,exact
Chattogram,Feni,Parshuram,Surabazar SO,3941,https://bdpost.gov.bd/pages/static-pages/6922e009933eb65569e2522c,ফেণী পোস্ট কোড,Parshuram,exact
Chattogram,Feni,Sonagazi,Ahmadpur SO,3932,https://bdpost.gov.bd/pages/static-pages/6922e009933eb65569e2522c,ফেণী পোস্ট কোড,Sonagazi,exact
Chattogram,Feni,Sonagazi,Kazirhat SO,3933,https://bdpost.gov.bd/pages/static-pages/6922e009933eb65569e2522c,ফেণী পোস্ট কোড,Sonagazi,exact
Chattogram,Feni,Sonagazi,Matigonj EDSO,3931,https://bdpost.gov.bd/pages/static-pages/6922e009933eb65569e2522c,ফেণী পোস্ট কোড,Sonagazi,exact
Chattogram,Feni,Sonagazi,Sonagazi UPO,3930,https://bdpost.gov.bd/pages/static-pages/6922e009933eb65569e2522c,ফেণী পোস্ট কোড,Sonagazi,exact
Chattogram,Khagrachhari,Dighinala,Diginala UPO,4420,https://bdpost.gov.bd/pages/static-pages/6922e064933eb65569e26d27,খাগড়াছড়ি পোস্ট কোড,Diginala,safe_candidate
Chattogram,Khagrachhari,Guimara,,,,,,canonical_fallback_no_verified_postal_row
Chattogram,Khagrachhari,Khagrachhari Sadar,Khagrachari HO,4400,https://bdpost.gov.bd/pages/static-pages/6922e064933eb65569e26d27,খাগড়াছড়ি পোস্ট কোড,Sadar,safe_candidate
Chattogram,Khagrachhari,Laxmichhari,Lakshmi Chari UPO,4470,https://bdpost.gov.bd/pages/static-pages/6922e064933eb65569e26d27,খাগড়াছড়ি পোস্ট কোড,Lakshmi Chari,explicit_manual_alias
Chattogram,Khagrachhari,Manikchari,Manikchari UPO,4460,https://bdpost.gov.bd/pages/static-pages/6922e064933eb65569e26d27,খাগড়াছড়ি পোস্ট কোড,Manikchari,exact
Chattogram,Khagrachhari,Matiranga,Matiranga UPO,4450,https://bdpost.gov.bd/pages/static-pages/6922e064933eb65569e26d27,খাগড়াছড়ি পোস্ট কোড,Matiranga,exact
Chattogram,Khagrachhari,Mohalchari,Mahal Chari UPO,4430,https://bdpost.gov.bd/pages/static-pages/6922e064933eb65569e26d27,খাগড়াছড়ি পোস্ট কোড,Mahal Chari,safe_candidate
Chattogram,Khagrachhari,Panchari,Panchari UPO,4410,https://bdpost.gov.bd/pages/static-pages/6922e064933eb65569e26d27,খাগড়াছড়ি পোস্ট কোড,Panchari,exact
Chattogram,Khagrachhari,Ramgarh,Ranghar HO,4440,https://bdpost.gov.bd/pages/static-pages/6922e064933eb65569e26d27,খাগড়াছড়ি পোস্ট কোড,Ranghar,legacy_alias_explicit
Chattogram,Lakshmipur,Kamalnagar,,,,,,canonical_fallback_no_verified_postal_row
Chattogram,Lakshmipur,Lakshmipur Sadar,Amani Lakshipur EDSO,3709,https://bdpost.gov.bd/pages/static-pages/6922df52933eb65569e21350,লক্ষ্মীপুর পোস্ট কোড,Sadar,safe_candidate
Chattogram,Lakshmipur,Lakshmipur Sadar,Bhabanigonj SO,3702,https://bdpost.gov.bd/pages/static-pages/6922df52933eb65569e21350,লক্ষ্মীপুর পোস্ট কোড,Sadar,safe_candidate
Chattogram,Lakshmipur,Lakshmipur Sadar,Chandragonj SO,3708,https://bdpost.gov.bd/pages/static-pages/6922df52933eb65569e21350,লক্ষ্মীপুর পোস্ট কোড,Sadar,safe_candidate
Chattogram,Lakshmipur,Lakshmipur Sadar,Chaupalli EDSO,3707,https://bdpost.gov.bd/pages/static-pages/6922df52933eb65569e21350,লক্ষ্মীপুর পোস্ট কোড,Sadar,safe_candidate
Chattogram,Lakshmipur,Lakshmipur Sadar,Dalal Bazar SO,3701,https://bdpost.gov.bd/pages/static-pages/6922df52933eb65569e21350,লক্ষ্মীপুর পোস্ট কোড,Sadar,safe_candidate
Chattogram,Lakshmipur,Lakshmipur Sadar,Datta Para SO,3706,https://bdpost.gov.bd/pages/static-pages/6922df52933eb65569e21350,লক্ষ্মীপুর পোস্ট কোড,Sadar,safe_candidate
Chattogram,Lakshmipur,Lakshmipur Sadar,Keramotgonj SO,3704,https://bdpost.gov.bd/pages/static-pages/6922df52933eb65569e21350,লক্ষ্মীপুর পোস্ট কোড,Sadar,safe_candidate
Chattogram,Lakshmipur,Lakshmipur Sadar,Lakshmipur UPO,3700,https://bdpost.gov.bd/pages/static-pages/6922df52933eb65569e21350,লক্ষ্মীপুর পোস্ট কোড,Sadar,safe_candidate
Chattogram,Lakshmipur,Lakshmipur Sadar,Mandari SO,3703,https://bdpost.gov.bd/pages/static-pages/6922df52933eb65569e21350,লক্ষ্মীপুর পোস্ট কোড,Sadar,safe_candidate
Chattogram,Lakshmipur,Lakshmipur Sadar,Rup Chara SO,3705,https://bdpost.gov.bd/pages/static-pages/6922df52933eb65569e21350,লক্ষ্মীপুর পোস্ট কোড,Sadar,safe_candidate
Chattogram,Lakshmipur,Raipur,Bhua Bari EDSO,3714,https://bdpost.gov.bd/pages/static-pages/6922df52933eb65569e21350,লক্ষ্মীপুর পোস্ট কোড,Roypur,legacy_alias_explicit
Chattogram,Lakshmipur,Raipur,Haidergonj SO,3713,https://bdpost.gov.bd/pages/static-pages/6922df52933eb65569e21350,লক্ষ্মীপুর পোস্ট কোড,Roypur,legacy_alias_explicit
Chattogram,Lakshmipur,Raipur,Nager Dighir Par SO,3712,https://bdpost.gov.bd/pages/static-pages/6922df52933eb65569e21350,লক্ষ্মীপুর পোস্ট কোড,Roypur,legacy_alias_explicit
Chattogram,Lakshmipur,Raipur,Rakhalia Bazar SO,3711,https://bdpost.gov.bd/pages/static-pages/6922df52933eb65569e21350,লক্ষ্মীপুর পোস্ট কোড,Roypur,legacy_alias_explicit
Chattogram,Lakshmipur,Raipur,Roypur UPO,3710,https://bdpost.gov.bd/pages/static-pages/6922df52933eb65569e21350,লক্ষ্মীপুর পোস্ট কোড,Roypur,legacy_alias_explicit
Chattogram,Lakshmipur,Ramganj,Alipur EDSO,3721,https://bdpost.gov.bd/pages/static-pages/6922df52933eb65569e21350,লক্ষ্মীপুর পোস্ট কোড,Ramgonj,second_pass_audited
Chattogram,Lakshmipur,Ramganj,Dalta SO,3725,https://bdpost.gov.bd/pages/static-pages/6922df52933eb65569e21350,লক্ষ্মীপুর পোস্ট কোড,Ramgonj,second_pass_audited
Chattogram,Lakshmipur,Ramganj,Kanchanpur EDSO,3723,https://bdpost.gov.bd/pages/static-pages/6922df52933eb65569e21350,লক্ষ্মীপুর পোস্ট কোড,Ramgonj,second_pass_audited
Chattogram,Lakshmipur,Ramganj,Nagmud SO,3724,https://bdpost.gov.bd/pages/static-pages/6922df52933eb65569e21350,লক্ষ্মীপুর পোস্ট কোড,Ramgonj,second_pass_audited
Chattogram,Lakshmipur,Ramganj,Pan Para EDSO,3722,https://bdpost.gov.bd/pages/static-pages/6922df52933eb65569e21350,লক্ষ্মীপুর পোস্ট কোড,Ramgonj,second_pass_audited
Chattogram,Lakshmipur,Ramganj,Ramgonj UPO,3720,https://bdpost.gov.bd/pages/static-pages/6922df52933eb65569e21350,লক্ষ্মীপুর পোস্ট কোড,Ramgonj,second_pass_audited
Chattogram,Lakshmipur,Ramganj,Sonapur Bazar SO,3727,https://bdpost.gov.bd/pages/static-pages/6922df52933eb65569e21350,লক্ষ্মীপুর পোস্ট কোড,Ramgonj,second_pass_audited
Chattogram,Lakshmipur,Ramganj,Vatra SO,3726,https://bdpost.gov.bd/pages/static-pages/6922df52933eb65569e21350,লক্ষ্মীপুর পোস্ট কোড,Ramgonj,second_pass_audited
Chattogram,Lakshmipur,Ramgati,Char Alexander (Rangamati) UPO,3730,https://bdpost.gov.bd/pages/static-pages/6922df52933eb65569e21350,লক্ষ্মীপুর পোস্ট কোড,Char Alexander (Rangamati),legacy_alias_explicit
Chattogram,Lakshmipur,Ramgati,Hajeer Hat SO,3731,https://bdpost.gov.bd/pages/static-pages/6922df52933eb65569e21350,লক্ষ্মীপুর পোস্ট কোড,Char Alexander (Rangamati),legacy_alias_explicit
Chattogram,Lakshmipur,Ramgati,Ramgatir Hat SO,3732,https://bdpost.gov.bd/pages/static-pages/6922df52933eb65569e21350,লক্ষ্মীপুর পোস্ট কোড,Char Alexander (Rangamati),legacy_alias_explicit
Chattogram,Noakhali,Begumganj,Alaiyarpur EDSO,3831,https://bdpost.gov.bd/pages/static-pages/6922df42933eb65569e20e89,নোয়াখালী পোস্ট কোড,Begumgonj,safe_candidate
Chattogram,Noakhali,Begumganj,Amishapara SO,3836,https://bdpost.gov.bd/pages/static-pages/6922df42933eb65569e20e89,নোয়াখালী পোস্ট কোড,Begumgonj,safe_candidate
Chattogram,Noakhali,Begumganj,Banglabazar SO,3822,https://bdpost.gov.bd/pages/static-pages/6922df42933eb65569e20e89,নোয়াখালী পোস্ট কোড,Begumgonj,safe_candidate
Chattogram,Noakhali,Begumganj,Bazra SO,3824,https://bdpost.gov.bd/pages/static-pages/6922df42933eb65569e20e89,নোয়াখালী পোস্ট কোড,Begumgonj,safe_candidate
Chattogram,Noakhali,Begumganj,Begumgonj UPO,3820,https://bdpost.gov.bd/pages/static-pages/6922df42933eb65569e20e89,নোয়াখালী পোস্ট কোড,Begumgonj,safe_candidate
Chattogram,Noakhali,Begumganj,Bhabani Jibonpur SO,3837,https://bdpost.gov.bd/pages/static-pages/6922df42933eb65569e20e89,নোয়াখালী পোস্ট কোড,Begumgonj,safe_candidate
Chattogram,Noakhali,Begumganj,Chowmohani (LSG) SO,3821,https://bdpost.gov.bd/pages/static-pages/6922df42933eb65569e20e89,নোয়াখালী পোস্ট কোড,Begumgonj,safe_candidate
Chattogram,Noakhali,Begumganj,Deoti SO,3843,https://bdpost.gov.bd/pages/static-pages/6922df42933eb65569e20e89,নোয়াখালী পোস্ট কোড,Begumgonj,safe_candidate
Chattogram,Noakhali,Begumganj,Durgapur EDSO,3826,https://bdpost.gov.bd/pages/static-pages/6922df42933eb65569e20e89,নোয়াখালী পোস্ট কোড,Begumgonj,safe_candidate
Chattogram,Noakhali,Begumganj,Gopalpur So,3828,https://bdpost.gov.bd/pages/static-pages/6922df42933eb65569e20e89,নোয়াখালী পোস্ট কোড,Begumgonj,safe_candidate
Chattogram,Noakhali,Begumganj,Johag SO,3844,https://bdpost.gov.bd/pages/static-pages/6922df42933eb65569e20e89,নোয়াখালী পোস্ট কোড,Begumgonj,safe_candidate
Chattogram,Noakhali,Begumganj,Joy Narayanpur SO,3829,https://bdpost.gov.bd/pages/static-pages/6922df42933eb65569e20e89,নোয়াখালী পোস্ট কোড,Begumgonj,safe_candidate
Chattogram,Noakhali,Begumganj,Khalishpur EDSO,3842,https://bdpost.gov.bd/pages/static-pages/6922df42933eb65569e20e89,নোয়াখালী পোস্ট কোড,Begumgonj,safe_candidate
Chattogram,Noakhali,Begumganj,Khelafat Bazar SO,3833,https://bdpost.gov.bd/pages/static-pages/6922df42933eb65569e20e89,নোয়াখালী পোস্ট কোড,Begumgonj,safe_candidate
Chattogram,Noakhali,Begumganj,Mirwarishpur EDSO,3823,https://bdpost.gov.bd/pages/static-pages/6922df42933eb65569e20e89,নোয়াখালী পোস্ট কোড,Begumgonj,safe_candidate
Chattogram,Noakhali,Begumganj,Moheshgonj EDSO,3838,https://bdpost.gov.bd/pages/static-pages/6922df42933eb65569e20e89,নোয়াখালী পোস্ট কোড,Begumgonj,safe_candidate
Chattogram,Noakhali,Begumganj,Nadona EDSO,3839,https://bdpost.gov.bd/pages/static-pages/6922df42933eb65569e20e89,নোয়াখালী পোস্ট কোড,Begumgonj,safe_candidate
Chattogram,Noakhali,Begumganj,Nandiapara SO,3841,https://bdpost.gov.bd/pages/static-pages/6922df42933eb65569e20e89,নোয়াখালী পোস্ট কোড,Begumgonj,safe_candidate
Chattogram,Noakhali,Begumganj,Rajgonj SO,3834,https://bdpost.gov.bd/pages/static-pages/6922df42933eb65569e20e89,নোয়াখালী পোস্ট কোড,Begumgonj,safe_candidate
Chattogram,Noakhali,Begumganj,Sunaimuri (LSG) SO,3827,https://bdpost.gov.bd/pages/static-pages/6922df42933eb65569e20e89,নোয়াখালী পোস্ট কোড,Begumgonj,safe_candidate
Chattogram,Noakhali,Begumganj,Tangirpahar Batika EDSO,3832,https://bdpost.gov.bd/pages/static-pages/6922df42933eb65569e20e89,নোয়াখালী পোস্ট কোড,Begumgonj,safe_candidate
Chattogram,Noakhali,Begumganj,Thanarhat SO,3845,https://bdpost.gov.bd/pages/static-pages/6922df42933eb65569e20e89,নোয়াখালী পোস্ট কোড,Begumgonj,safe_candidate
Chattogram,Noakhali,Begumganj,Wasekpur SO,3835,https://bdpost.gov.bd/pages/static-pages/6922df42933eb65569e20e89,নোয়াখালী পোস্ট কোড,Begumgonj,safe_candidate
Chattogram,Noakhali,Begumganj,Zamidarhat SO,3825,https://bdpost.gov.bd/pages/static-pages/6922df42933eb65569e20e89,নোয়াখালী পোস্ট কোড,Begumgonj,safe_candidate
Chattogram,Noakhali,Chatkhil,Badal Kort SO,3873,https://bdpost.gov.bd/pages/static-pages/6922df42933eb65569e20e89,নোয়াখালী পোস্ট কোড,Chatkhil,exact
Chattogram,Noakhali,Chatkhil,Bansa Bazar EDSO,3879,https://bdpost.gov.bd/pages/static-pages/6922df42933eb65569e20e89,নোয়াখালী পোস্ট কোড,Chatkhil,exact
Chattogram,Noakhali,Chatkhil,Chatkhil,3870,https://bdpost.gov.bd/pages/static-pages/6922df42933eb65569e20e89,নোয়াখালী পোস্ট কোড,Chatkhil,exact
Chattogram,Noakhali,Chatkhil,Dashgharia SO,3878,https://bdpost.gov.bd/pages/static-pages/6922df42933eb65569e20e89,নোয়াখালী পোস্ট কোড,Chatkhil,exact
Chattogram,Noakhali,Chatkhil,Karihati SO,3877,https://bdpost.gov.bd/pages/static-pages/6922df42933eb65569e20e89,নোয়াখালী পোস্ট কোড,Chatkhil,exact
Chattogram,Noakhali,Chatkhil,Khilpara SO,3872,https://bdpost.gov.bd/pages/static-pages/6922df42933eb65569e20e89,নোয়াখালী পোস্ট কোড,Chatkhil,exact
Chattogram,Noakhali,Chatkhil,Palla EDSO,3871,https://bdpost.gov.bd/pages/static-pages/6922df42933eb65569e20e89,নোয়াখালী পোস্ট কোড,Chatkhil,exact
Chattogram,Noakhali,Chatkhil,Razzakpur SO,3874,https://bdpost.gov.bd/pages/static-pages/6922df42933eb65569e20e89,নোয়াখালী পোস্ট কোড,Chatkhil,exact
Chattogram,Noakhali,Chatkhil,Shahapur SO,3881,https://bdpost.gov.bd/pages/static-pages/6922df42933eb65569e20e89,নোয়াখালী পোস্ট কোড,Chatkhil,exact
Chattogram,Noakhali,Chatkhil,Sing Bahura EDSO,3876,https://bdpost.gov.bd/pages/static-pages/6922df42933eb65569e20e89,নোয়াখালী পোস্ট কোড,Chatkhil,exact
Chattogram,Noakhali,Chatkhil,Solla EDSO,3875,https://bdpost.gov.bd/pages/static-pages/6922df42933eb65569e20e89,নোয়াখালী পোস্ট কোড,Chatkhil,exact
Chattogram,Noakhali,Chatkhil,Sompara SO,3882,https://bdpost.gov.bd/pages/static-pages/6922df42933eb65569e20e89,নোয়াখালী পোস্ট কোড,Chatkhil,exact
Chattogram,Noakhali,Companiganj,Bashurhat (Companigonj) UPO,3850,https://bdpost.gov.bd/pages/static-pages/6922df42933eb65569e20e89,নোয়াখালী পোস্ট কোড,Bashurhat (Companigonj),second_pass_audited
Chattogram,Noakhali,Companiganj,Charhazari EDSO,3851,https://bdpost.gov.bd/pages/static-pages/6922df42933eb65569e20e89,নোয়াখালী পোস্ট কোড,Bashurhat (Companigonj),second_pass_audited
Chattogram,Noakhali,Hatia,Afazia Bazar SO,3891,https://bdpost.gov.bd/pages/static-pages/6922df42933eb65569e20e89,নোয়াখালী পোস্ট কোড,Hatya,explicit_manual_alias
Chattogram,Noakhali,Hatia,Chowrangi Bazar SO,3893,https://bdpost.gov.bd/pages/static-pages/6922df42933eb65569e20e89,নোয়াখালী পোস্ট কোড,Hatya,explicit_manual_alias
Chattogram,Noakhali,Hatia,Hatya UPO,3890,https://bdpost.gov.bd/pages/static-pages/6922df42933eb65569e20e89,নোয়াখালী পোস্ট কোড,Hatya,explicit_manual_alias
Chattogram,Noakhali,Hatia,Tamaraddi SO,3892,https://bdpost.gov.bd/pages/static-pages/6922df42933eb65569e20e89,নোয়াখালী পোস্ট কোড,Hatya,explicit_manual_alias
Chattogram,Noakhali,Kabirhat,,,,,,canonical_fallback_no_verified_postal_row
Chattogram,Noakhali,Noakhali Sadar,Bander Hat EDSO,3805,https://bdpost.gov.bd/pages/static-pages/6922df42933eb65569e20e89,নোয়াখালী পোস্ট কোড,Sadar,safe_candidate
Chattogram,Noakhali,Noakhali Sadar,Chaprashir Hat SO,3811,https://bdpost.gov.bd/pages/static-pages/6922df42933eb65569e20e89,নোয়াখালী পোস্ট কোড,Sadar,safe_candidate
Chattogram,Noakhali,Noakhali Sadar,Charbata SO,3813,https://bdpost.gov.bd/pages/static-pages/6922df42933eb65569e20e89,নোয়াখালী পোস্ট কোড,Sadar,safe_candidate
Chattogram,Noakhali,Noakhali Sadar,Charjabbar EDSO,3812,https://bdpost.gov.bd/pages/static-pages/6922df42933eb65569e20e89,নোয়াখালী পোস্ট কোড,Sadar,safe_candidate
Chattogram,Noakhali,Noakhali Sadar,Charmatua SO,3809,https://bdpost.gov.bd/pages/static-pages/6922df42933eb65569e20e89,নোয়াখালী পোস্ট কোড,Sadar,safe_candidate
Chattogram,Noakhali,Noakhali Sadar,Din Manirhat EDSO,3803,https://bdpost.gov.bd/pages/static-pages/6922df42933eb65569e20e89,নোয়াখালী পোস্ট কোড,Sadar,safe_candidate
Chattogram,Noakhali,Noakhali Sadar,Kabir Hat EDSO,3807,https://bdpost.gov.bd/pages/static-pages/6922df42933eb65569e20e89,নোয়াখালী পোস্ট কোড,Sadar,safe_candidate
Chattogram,Noakhali,Noakhali Sadar,Kalifer Hat SO,3808,https://bdpost.gov.bd/pages/static-pages/6922df42933eb65569e20e89,নোয়াখালী পোস্ট কোড,Sadar,safe_candidate
Chattogram,Noakhali,Noakhali Sadar,Mridhar Hat EDSO,3806,https://bdpost.gov.bd/pages/static-pages/6922df42933eb65569e20e89,নোয়াখালী পোস্ট কোড,Sadar,safe_candidate
Chattogram,Noakhali,Noakhali Sadar,Noakhali College SO,3801,https://bdpost.gov.bd/pages/static-pages/6922df42933eb65569e20e89,নোয়াখালী পোস্ট কোড,Sadar,safe_candidate
Chattogram,Noakhali,Noakhali Sadar,Noakhali HO,3800,https://bdpost.gov.bd/pages/static-pages/6922df42933eb65569e20e89,নোয়াখালী পোস্ট কোড,Sadar,safe_candidate
Chattogram,Noakhali,Noakhali Sadar,Pak Kishoregonj EDSO,3804,https://bdpost.gov.bd/pages/static-pages/6922df42933eb65569e20e89,নোয়াখালী পোস্ট কোড,Sadar,safe_candidate
Chattogram,Noakhali,Noakhali Sadar,Sonapur SO,3802,https://bdpost.gov.bd/pages/static-pages/6922df42933eb65569e20e89,নোয়াখালী পোস্ট কোড,Sadar,safe_candidate
Chattogram,Noakhali,Senbug,Bijbag SO,3862,https://bdpost.gov.bd/pages/static-pages/6922df42933eb65569e20e89,নোয়াখালী পোস্ট কোড,Senbagh,explicit_manual_alias
Chattogram,Noakhali,Senbug,Chhatterpalya SO,3864,https://bdpost.gov.bd/pages/static-pages/6922df42933eb65569e20e89,নোয়াখালী পোস্ট কোড,Senbagh,explicit_manual_alias
Chattogram,Noakhali,Senbug,Kalyandi EDSO,3861,https://bdpost.gov.bd/pages/static-pages/6922df42933eb65569e20e89,নোয়াখালী পোস্ট কোড,Senbagh,explicit_manual_alias
Chattogram,Noakhali,Senbug,Kankirhat EDSO,3863,https://bdpost.gov.bd/pages/static-pages/6922df42933eb65569e20e89,নোয়াখালী পোস্ট কোড,Senbagh,explicit_manual_alias
Chattogram,Noakhali,Senbug,Senbagh UPO,3860,https://bdpost.gov.bd/pages/static-pages/6922df42933eb65569e20e89,নোয়াখালী পোস্ট কোড,Senbagh,explicit_manual_alias
Chattogram,Noakhali,Senbug,TP Lemua SO,3865,https://bdpost.gov.bd/pages/static-pages/6922df42933eb65569e20e89,নোয়াখালী পোস্ট কোড,Senbagh,explicit_manual_alias
Chattogram,Noakhali,Sonaimori,,,,,,canonical_fallback_no_verified_postal_row
Chattogram,Noakhali,Subarnachar,,,,,,canonical_fallback_no_verified_postal_row
Chattogram,Rangamati,Baghaichari,Marishya (Bagaichari) UPO,4590,https://bdpost.gov.bd/pages/static-pages/6922e099933eb65569e27c27,রাঙ্গামাটি পোস্ট কোড,Marishya (Bagaichari),explicit_manual_alias
Chattogram,Rangamati,Barkal,Barkal UPO,4570,https://bdpost.gov.bd/pages/static-pages/6922e099933eb65569e27c27,রাঙ্গামাটি পোস্ট কোড,Barkal,exact
Chattogram,Rangamati,Belaichari,Belaichari UPO,4550,https://bdpost.gov.bd/pages/static-pages/6922e099933eb65569e27c27,রাঙ্গামাটি পোস্ট কোড,Belaichari,exact
Chattogram,Rangamati,Chandroghona,,,,,,canonical_fallback_no_verified_postal_row
Chattogram,Rangamati,Juraichari,Jarachari UPO,4560,https://bdpost.gov.bd/pages/static-pages/6922e099933eb65569e27c27,রাঙ্গামাটি পোস্ট কোড,Jarachari,explicit_manual_alias
Chattogram,Rangamati,Kaptai,Chandraghona SO,4531,https://bdpost.gov.bd/pages/static-pages/6922e099933eb65569e27c27,রাঙ্গামাটি পোস্ট কোড,Kaptai,exact
Chattogram,Rangamati,Kaptai,Kaptai Natun Bazar SO,4533,https://bdpost.gov.bd/pages/static-pages/6922e099933eb65569e27c27,রাঙ্গামাটি পোস্ট কোড,Kaptai,exact
Chattogram,Rangamati,Kaptai,Kaptai Project SO,4532,https://bdpost.gov.bd/pages/static-pages/6922e099933eb65569e27c27,রাঙ্গামাটি পোস্ট কোড,Kaptai,exact
Chattogram,Rangamati,Kaptai,Kaptai UPO,4530,https://bdpost.gov.bd/pages/static-pages/6922e099933eb65569e27c27,রাঙ্গামাটি পোস্ট কোড,Kaptai,exact
Chattogram,Rangamati,Kawkhali,Betbunia SO,4511,https://bdpost.gov.bd/pages/static-pages/6922e099933eb65569e27c27,রাঙ্গামাটি পোস্ট কোড,Kalampati (Kaokhali),second_pass_audited
Chattogram,Rangamati,Kawkhali,Kalampati (Kaokhali) UPO,4510,https://bdpost.gov.bd/pages/static-pages/6922e099933eb65569e27c27,রাঙ্গামাটি পোস্ট কোড,Kalampati (Kaokhali),second_pass_audited
Chattogram,Rangamati,Langadu,Longdu UPO,4580,https://bdpost.gov.bd/pages/static-pages/6922e099933eb65569e27c27,রাঙ্গামাটি পোস্ট কোড,Longdu,explicit_manual_alias
Chattogram,Rangamati,Naniarchar,Naniarchar UPO,4520,https://bdpost.gov.bd/pages/static-pages/6922e099933eb65569e27c27,রাঙ্গামাটি পোস্ট কোড,Naniarchar,exact
Chattogram,Rangamati,Rajasthali,Rajasthali UPo,4540,https://bdpost.gov.bd/pages/static-pages/6922e099933eb65569e27c27,রাঙ্গামাটি পোস্ট কোড,Rajasthali,exact
Chattogram,Rangamati,Rangamati Sadar,Rangamati HO,4500,https://bdpost.gov.bd/pages/static-pages/6922e099933eb65569e27c27,রাঙ্গামাটি পোস্ট কোড,Sadar,safe_candidate
Chattogram,Rangamati,Sazek,,,,,,canonical_fallback_no_verified_postal_row
Dhaka,Dhaka,Adabor,,,,,,canonical_fallback_no_verified_postal_row
Dhaka,Dhaka,Ashulia,,,,,,canonical_fallback_no_verified_postal_row
Dhaka,Dhaka,Badda,,,,,,canonical_fallback_no_verified_postal_row
Dhaka,Dhaka,Banani,,,,,,canonical_fallback_no_verified_postal_row
Dhaka,Dhaka,Bangshal,,,,,,canonical_fallback_no_verified_postal_row
Dhaka,Dhaka,Bhasan Tek,,,,,,canonical_fallback_no_verified_postal_row
Dhaka,Dhaka,Bhatara,,,,,,canonical_fallback_no_verified_postal_row
Dhaka,Dhaka,Biman Bandar,,,,,,canonical_fallback_no_verified_postal_row
Dhaka,Dhaka,Cantonment,,,,,,canonical_fallback_no_verified_postal_row
Dhaka,Dhaka,Chak Bazar,,,,,,canonical_fallback_no_verified_postal_row
Dhaka,Dhaka,Dakshinkhan,,,,,,canonical_fallback_no_verified_postal_row
Dhaka,Dhaka,Darus Salam,,,,,,canonical_fallback_no_verified_postal_row
Dhaka,Dhaka,Demra,Demra UPO,1360,https://bdpost.gov.bd/pages/static-pages/6922dc7d933eb65569e10a5f,ঢাকা পোস্ট কোড,Demra,exact
Dhaka,Dhaka,Demra,Jatramura,,https://bdpost.gov.bd/pages/static-pages/6922dc7d933eb65569e10a5f,ঢাকা পোস্ট কোড,Demra,exact
Dhaka,Dhaka,Demra,Paradgair,,https://bdpost.gov.bd/pages/static-pages/6922dc7d933eb65569e10a5f,ঢাকা পোস্ট কোড,Demra,exact
Dhaka,Dhaka,Demra,Purbagram,,https://bdpost.gov.bd/pages/static-pages/6922dc7d933eb65569e10a5f,ঢাকা পোস্ট কোড,Demra,exact
Dhaka,Dhaka,Demra,Sanarpar,,https://bdpost.gov.bd/pages/static-pages/6922dc7d933eb65569e10a5f,ঢাকা পোস্ট কোড,Demra,exact
Dhaka,Dhaka,Demra,Sarulia SO,1361,https://bdpost.gov.bd/pages/static-pages/6922dc7d933eb65569e10a5f,ঢাকা পোস্ট কোড,Demra,exact
Dhaka,Dhaka,Demra,Tarab,,https://bdpost.gov.bd/pages/static-pages/6922dc7d933eb65569e10a5f,ঢাকা পোস্ট কোড,Demra,exact
Dhaka,Dhaka,Dhamrai,Amta,,https://bdpost.gov.bd/pages/static-pages/6922dc7d933eb65569e10a5f,ঢাকা পোস্ট কোড,Dhamrai,exact
Dhaka,Dhaka,Dhamrai,Balia,,https://bdpost.gov.bd/pages/static-pages/6922dc7d933eb65569e10a5f,ঢাকা পোস্ট কোড,Dhamrai,exact
Dhaka,Dhaka,Dhamrai,Bannal,,https://bdpost.gov.bd/pages/static-pages/6922dc7d933eb65569e10a5f,ঢাকা পোস্ট কোড,Dhamrai,exact
Dhaka,Dhaka,Dhamrai,Barigaon,,https://bdpost.gov.bd/pages/static-pages/6922dc7d933eb65569e10a5f,ঢাকা পোস্ট কোড,Dhamrai,exact
Dhaka,Dhaka,Dhamrai,Berosh,,https://bdpost.gov.bd/pages/static-pages/6922dc7d933eb65569e10a5f,ঢাকা পোস্ট কোড,Dhamrai,exact
Dhaka,Dhaka,Dhamrai,Chowhatto,,https://bdpost.gov.bd/pages/static-pages/6922dc7d933eb65569e10a5f,ঢাকা পোস্ট কোড,Dhamrai,exact
Dhaka,Dhaka,Dhamrai,Deldha,,https://bdpost.gov.bd/pages/static-pages/6922dc7d933eb65569e10a5f,ঢাকা পোস্ট কোড,Dhamrai,exact
Dhaka,Dhaka,Dhamrai,Dhamrai UPO,1350,https://bdpost.gov.bd/pages/static-pages/6922dc7d933eb65569e10a5f,ঢাকা পোস্ট কোড,Dhamrai,exact
Dhaka,Dhaka,Dhamrai,Dimukha,,https://bdpost.gov.bd/pages/static-pages/6922dc7d933eb65569e10a5f,ঢাকা পোস্ট কোড,Dhamrai,exact
Dhaka,Dhaka,Dhamrai,Gangutiya,,https://bdpost.gov.bd/pages/static-pages/6922dc7d933eb65569e10a5f,ঢাকা পোস্ট কোড,Dhamrai,exact
Dhaka,Dhaka,Dhamrai,Jadabpur,,https://bdpost.gov.bd/pages/static-pages/6922dc7d933eb65569e10a5f,ঢাকা পোস্ট কোড,Dhamrai,exact
Dhaka,Dhaka,Dhamrai,Jalsha,,https://bdpost.gov.bd/pages/static-pages/6922dc7d933eb65569e10a5f,ঢাকা পোস্ট কোড,Dhamrai,exact
Dhaka,Dhaka,Dhamrai,Jalsin,,https://bdpost.gov.bd/pages/static-pages/6922dc7d933eb65569e10a5f,ঢাকা পোস্ট কোড,Dhamrai,exact
Dhaka,Dhaka,Dhamrai,Kalampur,,https://bdpost.gov.bd/pages/static-pages/6922dc7d933eb65569e10a5f,ঢাকা পোস্ট কোড,Dhamrai,exact
Dhaka,Dhaka,Dhamrai,Kalampur EDSO,1351,https://bdpost.gov.bd/pages/static-pages/6922dc7d933eb65569e10a5f,ঢাকা পোস্ট কোড,Dhamrai,exact
Dhaka,Dhaka,Dhamrai,Kathaliya Nabogram,,https://bdpost.gov.bd/pages/static-pages/6922dc7d933eb65569e10a5f,ঢাকা পোস্ট কোড,Dhamrai,exact
Dhaka,Dhaka,Dhamrai,Mangalbari,,https://bdpost.gov.bd/pages/static-pages/6922dc7d933eb65569e10a5f,ঢাকা পোস্ট কোড,Dhamrai,exact
Dhaka,Dhaka,Dhamrai,Nannar,,https://bdpost.gov.bd/pages/static-pages/6922dc7d933eb65569e10a5f,ঢাকা পোস্ট কোড,Dhamrai,exact
Dhaka,Dhaka,Dhamrai,Nowga Bazar,,https://bdpost.gov.bd/pages/static-pages/6922dc7d933eb65569e10a5f,ঢাকা পোস্ট কোড,Dhamrai,exact
Dhaka,Dhaka,Dhamrai,Rajapur,,https://bdpost.gov.bd/pages/static-pages/6922dc7d933eb65569e10a5f,ঢাকা পোস্ট কোড,Dhamrai,exact
Dhaka,Dhaka,Dhamrai,Rowail,,https://bdpost.gov.bd/pages/static-pages/6922dc7d933eb65569e10a5f,ঢাকা পোস্ট কোড,Dhamrai,exact
Dhaka,Dhaka,Dhamrai,Sahabelishwar,,https://bdpost.gov.bd/pages/static-pages/6922dc7d933eb65569e10a5f,ঢাকা পোস্ট কোড,Dhamrai,exact
Dhaka,Dhaka,Dhamrai,Sanora,,https://bdpost.gov.bd/pages/static-pages/6922dc7d933eb65569e10a5f,ঢাকা পোস্ট কোড,Dhamrai,exact
Dhaka,Dhaka,Dhamrai,Shoilain,,https://bdpost.gov.bd/pages/static-pages/6922dc7d933eb65569e10a5f,ঢাকা পোস্ট কোড,Dhamrai,exact
Dhaka,Dhaka,Dhamrai,Suapur,,https://bdpost.gov.bd/pages/static-pages/6922dc7d933eb65569e10a5f,ঢাকা পোস্ট কোড,Dhamrai,exact
Dhaka,Dhaka,Dhamrai,Toperbari,,https://bdpost.gov.bd/pages/static-pages/6922dc7d933eb65569e10a5f,ঢাকা পোস্ট কোড,Dhamrai,exact
Dhaka,Dhaka,Dhanmondi,Jigatola TSO,1209,https://bdpost.gov.bd/pages/static-pages/6922dc7d933eb65569e10a5f,ঢাকা পোস্ট কোড,Dhanmondi,exact
Dhaka,Dhaka,Dohar,Al-Amin Bazar,,https://bdpost.gov.bd/pages/static-pages/6922dc7d933eb65569e10a5f,ঢাকা পোস্ট কোড,Joypara (Dohar),parenthetical
Dhaka,Dhaka,Dohar,Aorangabad,,https://bdpost.gov.bd/pages/static-pages/6922dc7d933eb65569e10a5f,ঢাকা পোস্ট কোড,Joypara (Dohar),parenthetical
Dhaka,Dhaka,Dohar,Dohar,,https://bdpost.gov.bd/pages/static-pages/6922dc7d933eb65569e10a5f,ঢাকা পোস্ট কোড,Joypara (Dohar),parenthetical
Dhaka,Dhaka,Dohar,Dokkhin Braha,,https://bdpost.gov.bd/pages/static-pages/6922dc7d933eb65569e10a5f,ঢাকা পোস্ট কোড,Joypara (Dohar),parenthetical
Dhaka,Dhaka,Dohar,Harichandi,,https://bdpost.gov.bd/pages/static-pages/6922dc7d933eb65569e10a5f,ঢাকা পোস্ট কোড,Joypara (Dohar),parenthetical
Dhaka,Dhaka,Dohar,Jamalchar,,https://bdpost.gov.bd/pages/static-pages/6922dc7d933eb65569e10a5f,ঢাকা পোস্ট কোড,Joypara (Dohar),parenthetical
Dhaka,Dhaka,Dohar,Joypara (Dohar) UPO,1330,https://bdpost.gov.bd/pages/static-pages/6922dc7d933eb65569e10a5f,ঢাকা পোস্ট কোড,Joypara (Dohar),parenthetical
Dhaka,Dhaka,Dohar,Kusumhati,,https://bdpost.gov.bd/pages/static-pages/6922dc7d933eb65569e10a5f,ঢাকা পোস্ট কোড,Joypara (Dohar),parenthetical
Dhaka,Dhaka,Dohar,Meghula,,https://bdpost.gov.bd/pages/static-pages/6922dc7d933eb65569e10a5f,ঢাকা পোস্ট কোড,Joypara (Dohar),parenthetical
Dhaka,Dhaka,Dohar,Mokshedpur So,1333,https://bdpost.gov.bd/pages/static-pages/6922dc7d933eb65569e10a5f,ঢাকা পোস্ট কোড,Joypara (Dohar),parenthetical
Dhaka,Dhaka,Dohar,Narisha,,https://bdpost.gov.bd/pages/static-pages/6922dc7d933eb65569e10a5f,ঢাকা পোস্ট কোড,Joypara (Dohar),parenthetical
Dhaka,Dhaka,Dohar,Narisha SO,1332,https://bdpost.gov.bd/pages/static-pages/6922dc7d933eb65569e10a5f,ঢাকা পোস্ট কোড,Joypara (Dohar),parenthetical
Dhaka,Dhaka,Dohar,Palamgonj SO,1331,https://bdpost.gov.bd/pages/static-pages/6922dc7d933eb65569e10a5f,ঢাকা পোস্ট কোড,Joypara (Dohar),parenthetical
Dhaka,Dhaka,Gendaria,,,,,,canonical_fallback_no_verified_postal_row
Dhaka,Dhaka,Gulshan,Gulshan TSO,1212,https://bdpost.gov.bd/pages/static-pages/6922dc7d933eb65569e10a5f,ঢাকা পোস্ট কোড,Gulshan,exact
Dhaka,Dhaka,Hatirjheel,,,,,,canonical_fallback_no_verified_postal_row
Dhaka,Dhaka,Hazaribagh,,,,,,canonical_fallback_no_verified_postal_row
Dhaka,Dhaka,Jatrabari,,,,,,canonical_fallback_no_verified_postal_row
Dhaka,Dhaka,Kadamtali,Habibnagar,,https://bdpost.gov.bd/pages/static-pages/6922dc7d933eb65569e10a5f,ঢাকা পোস্ট কোড,Kodomtoli,legacy_alias_explicit
Dhaka,Dhaka,Kadamtali,Kodomtoli UPO,1362,https://bdpost.gov.bd/pages/static-pages/6922dc7d933eb65569e10a5f,ঢাকা পোস্ট কোড,Kodomtoli,legacy_alias_explicit
Dhaka,Dhaka,Kadamtali,Matuail SO,,https://bdpost.gov.bd/pages/static-pages/6922dc7d933eb65569e10a5f,ঢাকা পোস্ট কোড,Kodomtoli,legacy_alias_explicit
Dhaka,Dhaka,Kadamtali,Merajnagar,,https://bdpost.gov.bd/pages/static-pages/6922dc7d933eb65569e10a5f,ঢাকা পোস্ট কোড,Kodomtoli,legacy_alias_explicit
Dhaka,Dhaka,Kadamtali,Tushardhara,,https://bdpost.gov.bd/pages/static-pages/6922dc7d933eb65569e10a5f,ঢাকা পোস্ট কোড,Kodomtoli,legacy_alias_explicit
Dhaka,Dhaka,Kafrul,,,,,,canonical_fallback_no_verified_postal_row
Dhaka,Dhaka,Kalabagan,,,,,,canonical_fallback_no_verified_postal_row
Dhaka,Dhaka,Kamrangir Char,Ashrafabad,,https://bdpost.gov.bd/pages/static-pages/6922dc7d933eb65569e10a5f,ঢাকা পোস্ট কোড,Kamrangirchar,normalized
Dhaka,Dhaka,Kamrangir Char,Posta TSO,1211,https://bdpost.gov.bd/pages/static-pages/6922dc7d933eb65569e10a5f,ঢাকা পোস্ট কোড,Kamrangirchar,normalized
Dhaka,Dhaka,Keraniganj,Abdullapur,,https://bdpost.gov.bd/pages/static-pages/6922dc7d933eb65569e10a5f,ঢাকা পোস্ট কোড,Keranigonj,safe_candidate
Dhaka,Dhaka,Keraniganj,Ati,,https://bdpost.gov.bd/pages/static-pages/6922dc7d933eb65569e10a5f,ঢাকা পোস্ট কোড,Keranigonj,safe_candidate
Dhaka,Dhaka,Keraniganj,Ati EDSO,1312,https://bdpost.gov.bd/pages/static-pages/6922dc7d933eb65569e10a5f,ঢাকা পোস্ট কোড,Keranigonj,safe_candidate
Dhaka,Dhaka,Keraniganj,Baghoir,,https://bdpost.gov.bd/pages/static-pages/6922dc7d933eb65569e10a5f,ঢাকা পোস্ট কোড,Keranigonj,safe_candidate
Dhaka,Dhaka,Keraniganj,Baktarchar,,https://bdpost.gov.bd/pages/static-pages/6922dc7d933eb65569e10a5f,ঢাকা পোস্ট কোড,Keranigonj,safe_candidate
Dhaka,Dhaka,Keraniganj,Beuta,,https://bdpost.gov.bd/pages/static-pages/6922dc7d933eb65569e10a5f,ঢাকা পোস্ট কোড,Keranigonj,safe_candidate
Dhaka,Dhaka,Keraniganj,Brahammankirti,,https://bdpost.gov.bd/pages/static-pages/6922dc7d933eb65569e10a5f,ঢাকা পোস্ট কোড,Keranigonj,safe_candidate
Dhaka,Dhaka,Keraniganj,Dhaka Jute Mils SO,1311,https://bdpost.gov.bd/pages/static-pages/6922dc7d933eb65569e10a5f,ঢাকা পোস্ট কোড,Keranigonj,safe_candidate
Dhaka,Dhaka,Keraniganj,Doleshor,,https://bdpost.gov.bd/pages/static-pages/6922dc7d933eb65569e10a5f,ঢাকা পোস্ট কোড,Keranigonj,safe_candidate
Dhaka,Dhaka,Keraniganj,Itavara,,https://bdpost.gov.bd/pages/static-pages/6922dc7d933eb65569e10a5f,ঢাকা পোস্ট কোড,Keranigonj,safe_candidate
Dhaka,Dhaka,Keraniganj,Kalatia SO,1313,https://bdpost.gov.bd/pages/static-pages/6922dc7d933eb65569e10a5f,ঢাকা পোস্ট কোড,Keranigonj,safe_candidate
Dhaka,Dhaka,Keraniganj,Keranigonj UPO,1310,https://bdpost.gov.bd/pages/static-pages/6922dc7d933eb65569e10a5f,ঢাকা পোস্ট কোড,Keranigonj,safe_candidate
Dhaka,Dhaka,Keraniganj,Kharakandi,,https://bdpost.gov.bd/pages/static-pages/6922dc7d933eb65569e10a5f,ঢাকা পোস্ট কোড,Keranigonj,safe_candidate
Dhaka,Dhaka,Keraniganj,Konda,,https://bdpost.gov.bd/pages/static-pages/6922dc7d933eb65569e10a5f,ঢাকা পোস্ট কোড,Keranigonj,safe_candidate
Dhaka,Dhaka,Keraniganj,Par Gandaria,,https://bdpost.gov.bd/pages/static-pages/6922dc7d933eb65569e10a5f,ঢাকা পোস্ট কোড,Keranigonj,safe_candidate
Dhaka,Dhaka,Keraniganj,Paschimdi,,https://bdpost.gov.bd/pages/static-pages/6922dc7d933eb65569e10a5f,ঢাকা পোস্ট কোড,Keranigonj,safe_candidate
Dhaka,Dhaka,Keraniganj,Rahitpur,,https://bdpost.gov.bd/pages/static-pages/6922dc7d933eb65569e10a5f,ঢাকা পোস্ট কোড,Keranigonj,safe_candidate
Dhaka,Dhaka,Keraniganj,Rajabari,,https://bdpost.gov.bd/pages/static-pages/6922dc7d933eb65569e10a5f,ঢাকা পোস্ট কোড,Keranigonj,safe_candidate
Dhaka,Dhaka,Keraniganj,Shakta,,https://bdpost.gov.bd/pages/static-pages/6922dc7d933eb65569e10a5f,ঢাকা পোস্ট কোড,Keranigonj,safe_candidate
Dhaka,Dhaka,Keraniganj,Shuvadda,,https://bdpost.gov.bd/pages/static-pages/6922dc7d933eb65569e10a5f,ঢাকা পোস্ট কোড,Keranigonj,safe_candidate
Dhaka,Dhaka,Keraniganj,Shyamlapur,,https://bdpost.gov.bd/pages/static-pages/6922dc7d933eb65569e10a5f,ঢাকা পোস্ট কোড,Keranigonj,safe_candidate
Dhaka,Dhaka,Keraniganj,Sonakanda,,https://bdpost.gov.bd/pages/static-pages/6922dc7d933eb65569e10a5f,ঢাকা পোস্ট কোড,Keranigonj,safe_candidate
Dhaka,Dhaka,Keraniganj,Talepur,,https://bdpost.gov.bd/pages/static-pages/6922dc7d933eb65569e10a5f,ঢাকা পোস্ট কোড,Keranigonj,safe_candidate
Dhaka,Dhaka,Keraniganj,Taranagar,,https://bdpost.gov.bd/pages/static-pages/6922dc7d933eb65569e10a5f,ঢাকা পোস্ট কোড,Keranigonj,safe_candidate
Dhaka,Dhaka,Keraniganj,Teghoria,,https://bdpost.gov.bd/pages/static-pages/6922dc7d933eb65569e10a5f,ঢাকা পোস্ট কোড,Keranigonj,safe_candidate
Dhaka,Dhaka,Keraniganj,Uttar Pangaon,,https://bdpost.gov.bd/pages/static-pages/6922dc7d933eb65569e10a5f,ঢাকা পোস্ট কোড,Keranigonj,safe_candidate
Dhaka,Dhaka,Keraniganj (South),,,,,,canonical_fallback_no_verified_postal_row
Dhaka,Dhaka,Khilgaon,Bashabo TSO,1214,https://bdpost.gov.bd/pages/static-pages/6922dc7d933eb65569e10a5f,ঢাকা পোস্ট কোড,Khilgaon,exact
Dhaka,Dhaka,Khilkhet,Khilkhet TSO,1229,https://bdpost.gov.bd/pages/static-pages/6922dc7d933eb65569e10a5f,ঢাকা পোস্ট কোড,Khilkhet,exact
Dhaka,Dhaka,Kotwali,,,,,,canonical_fallback_no_verified_postal_row
Dhaka,Dhaka,Lalbagh,,,,,,canonical_fallback_no_verified_postal_row
Dhaka,Dhaka,Mirpur,Mirpur TSO,1216,https://bdpost.gov.bd/pages/static-pages/6922dc7d933eb65569e10a5f,ঢাকা পোস্ট কোড,Mirpur,exact
Dhaka,Dhaka,Mohammadpur,Bangabhaban TSO,1222,https://bdpost.gov.bd/pages/static-pages/6922dc7d933eb65569e10a5f,ঢাকা পোস্ট কোড,Mohammadpur,exact
Dhaka,Dhaka,Mohammadpur,Mohammadpur Housing Estate TSO,1207,https://bdpost.gov.bd/pages/static-pages/6922dc7d933eb65569e10a5f,ঢাকা পোস্ট কোড,Mohammadpur,exact
Dhaka,Dhaka,Motijheel,Dhaka GPO,1000,https://bdpost.gov.bd/pages/static-pages/6922dc7d933eb65569e10a5f,ঢাকা পোস্ট কোড,Motijheel,exact
Dhaka,Dhaka,Motijheel,Dilkusha TSO,1223,https://bdpost.gov.bd/pages/static-pages/6922dc7d933eb65569e10a5f,ঢাকা পোস্ট কোড,Motijheel,exact
Dhaka,Dhaka,Mugda,,,,,,canonical_fallback_no_verified_postal_row
Dhaka,Dhaka,Nawabganj,Agla,,https://bdpost.gov.bd/pages/static-pages/6922dc7d933eb65569e10a5f,ঢাকা পোস্ট কোড,Nawabgonj,safe_candidate
Dhaka,Dhaka,Nawabganj,Agla EDSO,1323,https://bdpost.gov.bd/pages/static-pages/6922dc7d933eb65569e10a5f,ঢাকা পোস্ট কোড,Nawabgonj,safe_candidate
Dhaka,Dhaka,Nawabganj,Aona,,https://bdpost.gov.bd/pages/static-pages/6922dc7d933eb65569e10a5f,ঢাকা পোস্ট কোড,Nawabgonj,safe_candidate
Dhaka,Dhaka,Nawabganj,Bardhanpara,,https://bdpost.gov.bd/pages/static-pages/6922dc7d933eb65569e10a5f,ঢাকা পোস্ট কোড,Nawabgonj,safe_candidate
Dhaka,Dhaka,Nawabganj,Braha,,https://bdpost.gov.bd/pages/static-pages/6922dc7d933eb65569e10a5f,ঢাকা পোস্ট কোড,Nawabgonj,safe_candidate
Dhaka,Dhaka,Nawabganj,Choto Box Nagar,,https://bdpost.gov.bd/pages/static-pages/6922dc7d933eb65569e10a5f,ঢাকা পোস্ট কোড,Nawabgonj,safe_candidate
Dhaka,Dhaka,Nawabganj,Churan So,1325,https://bdpost.gov.bd/pages/static-pages/6922dc7d933eb65569e10a5f,ঢাকা পোস্ট কোড,Nawabgonj,safe_candidate
Dhaka,Dhaka,Nawabganj,Dakkhin Balukhondo,,https://bdpost.gov.bd/pages/static-pages/6922dc7d933eb65569e10a5f,ঢাকা পোস্ট কোড,Nawabgonj,safe_candidate
Dhaka,Dhaka,Nawabganj,Daudpur So,1322,https://bdpost.gov.bd/pages/static-pages/6922dc7d933eb65569e10a5f,ঢাকা পোস্ট কোড,Nawabgonj,safe_candidate
Dhaka,Dhaka,Nawabganj,Dewtola,,https://bdpost.gov.bd/pages/static-pages/6922dc7d933eb65569e10a5f,ঢাকা পোস্ট কোড,Nawabgonj,safe_candidate
Dhaka,Dhaka,Nawabganj,Galimpur,,https://bdpost.gov.bd/pages/static-pages/6922dc7d933eb65569e10a5f,ঢাকা পোস্ট কোড,Nawabgonj,safe_candidate
Dhaka,Dhaka,Nawabganj,Gobindopur,,https://bdpost.gov.bd/pages/static-pages/6922dc7d933eb65569e10a5f,ঢাকা পোস্ট কোড,Nawabgonj,safe_candidate
Dhaka,Dhaka,Nawabganj,Hasnabad SO,1321,https://bdpost.gov.bd/pages/static-pages/6922dc7d933eb65569e10a5f,ঢাকা পোস্ট কোড,Nawabgonj,safe_candidate
Dhaka,Dhaka,Nawabganj,Hat Baruakhali,,https://bdpost.gov.bd/pages/static-pages/6922dc7d933eb65569e10a5f,ঢাকা পোস্ট কোড,Nawabgonj,safe_candidate
Dhaka,Dhaka,Nawabganj,Jalalchar,,https://bdpost.gov.bd/pages/static-pages/6922dc7d933eb65569e10a5f,ঢাকা পোস্ট কোড,Nawabgonj,safe_candidate
Dhaka,Dhaka,Nawabganj,Joykrishnapur,,https://bdpost.gov.bd/pages/static-pages/6922dc7d933eb65569e10a5f,ঢাকা পোস্ট কোড,Nawabgonj,safe_candidate
Dhaka,Dhaka,Nawabganj,Kailail,,https://bdpost.gov.bd/pages/static-pages/6922dc7d933eb65569e10a5f,ঢাকা পোস্ট কোড,Nawabgonj,safe_candidate
Dhaka,Dhaka,Nawabganj,Karpara,,https://bdpost.gov.bd/pages/static-pages/6922dc7d933eb65569e10a5f,ঢাকা পোস্ট কোড,Nawabgonj,safe_candidate
Dhaka,Dhaka,Nawabganj,Khalpar,,https://bdpost.gov.bd/pages/static-pages/6922dc7d933eb65569e10a5f,ঢাকা পোস্ট কোড,Nawabgonj,safe_candidate
Dhaka,Dhaka,Nawabganj,Khalpur EDSO,1324,https://bdpost.gov.bd/pages/static-pages/6922dc7d933eb65569e10a5f,ঢাকা পোস্ট কোড,Nawabgonj,safe_candidate
Dhaka,Dhaka,Nawabganj,Khanepur,,https://bdpost.gov.bd/pages/static-pages/6922dc7d933eb65569e10a5f,ঢাকা পোস্ট কোড,Nawabgonj,safe_candidate
Dhaka,Dhaka,Nawabganj,Kolakopa,,https://bdpost.gov.bd/pages/static-pages/6922dc7d933eb65569e10a5f,ঢাকা পোস্ট কোড,Nawabgonj,safe_candidate
Dhaka,Dhaka,Nawabganj,Kuthuri,,https://bdpost.gov.bd/pages/static-pages/6922dc7d933eb65569e10a5f,ঢাকা পোস্ট কোড,Nawabgonj,safe_candidate
Dhaka,Dhaka,Nawabganj,Mashail,,https://bdpost.gov.bd/pages/static-pages/6922dc7d933eb65569e10a5f,ঢাকা পোস্ট কোড,Nawabgonj,safe_candidate
Dhaka,Dhaka,Nawabganj,Meleng,,https://bdpost.gov.bd/pages/static-pages/6922dc7d933eb65569e10a5f,ঢাকা পোস্ট কোড,Nawabgonj,safe_candidate
Dhaka,Dhaka,Nawabganj,Mohabbatpur,,https://bdpost.gov.bd/pages/static-pages/6922dc7d933eb65569e10a5f,ঢাকা পোস্ট কোড,Nawabgonj,safe_candidate
Dhaka,Dhaka,Nawabganj,Nawabgonj UPO,1320,https://bdpost.gov.bd/pages/static-pages/6922dc7d933eb65569e10a5f,ঢাকা পোস্ট কোড,Nawabgonj,safe_candidate
Dhaka,Dhaka,Nawabganj,Paragram,,https://bdpost.gov.bd/pages/static-pages/6922dc7d933eb65569e10a5f,ঢাকা পোস্ট কোড,Nawabgonj,safe_candidate
Dhaka,Dhaka,Nawabganj,Patiljhap,,https://bdpost.gov.bd/pages/static-pages/6922dc7d933eb65569e10a5f,ঢাকা পোস্ট কোড,Nawabgonj,safe_candidate
Dhaka,Dhaka,Nawabganj,Shikaripara,,https://bdpost.gov.bd/pages/static-pages/6922dc7d933eb65569e10a5f,ঢাকা পোস্ট কোড,Nawabgonj,safe_candidate
Dhaka,Dhaka,Nawabganj,Sholla,,https://bdpost.gov.bd/pages/static-pages/6922dc7d933eb65569e10a5f,ঢাকা পোস্ট কোড,Nawabgonj,safe_candidate
Dhaka,Dhaka,Nawabganj,Tasulla Banglabazar,,https://bdpost.gov.bd/pages/static-pages/6922dc7d933eb65569e10a5f,ঢাকা পোস্ট কোড,Nawabgonj,safe_candidate
Dhaka,Dhaka,New Market,New Market TSO,1205,https://bdpost.gov.bd/pages/static-pages/6922dc7d933eb65569e10a5f,ঢাকা পোস্ট কোড,Nilkhet,legacy_alias_explicit
Dhaka,Dhaka,Pallabi,,,,,,canonical_fallback_no_verified_postal_row
Dhaka,Dhaka,Paltan,,,,,,canonical_fallback_no_verified_postal_row
Dhaka,Dhaka,Ramna,,,,,,canonical_fallback_no_verified_postal_row
Dhaka,Dhaka,Rampura,,,,,,canonical_fallback_no_verified_postal_row
Dhaka,Dhaka,Rupnagar,,,,,,canonical_fallback_no_verified_postal_row
Dhaka,Dhaka,Sabujbagh,,,,,,canonical_fallback_no_verified_postal_row
Dhaka,Dhaka,Savar,Amin Bazar,1348,https://bdpost.gov.bd/pages/static-pages/6922dc7d933eb65569e10a5f,ঢাকা পোস্ট কোড,Savar,exact
Dhaka,Dhaka,Savar,Ashuliya,,https://bdpost.gov.bd/pages/static-pages/6922dc7d933eb65569e10a5f,ঢাকা পোস্ট কোড,Savar,exact
Dhaka,Dhaka,Savar,Biruliya,,https://bdpost.gov.bd/pages/static-pages/6922dc7d933eb65569e10a5f,ঢাকা পোস্ট কোড,Savar,exact
Dhaka,Dhaka,Savar,CRP Chapain,,https://bdpost.gov.bd/pages/static-pages/6922dc7d933eb65569e10a5f,ঢাকা পোস্ট কোড,Savar,exact
Dhaka,Dhaka,Savar,Dairy Firm SO,1341,https://bdpost.gov.bd/pages/static-pages/6922dc7d933eb65569e10a5f,ঢাকা পোস্ট কোড,Savar,exact
Dhaka,Dhaka,Savar,Dhamsona,,https://bdpost.gov.bd/pages/static-pages/6922dc7d933eb65569e10a5f,ঢাকা পোস্ট কোড,Savar,exact
Dhaka,Dhaka,Savar,EPZ SO,1349,https://bdpost.gov.bd/pages/static-pages/6922dc7d933eb65569e10a5f,ঢাকা পোস্ট কোড,Savar,exact
Dhaka,Dhaka,Savar,Hemayetpur,,https://bdpost.gov.bd/pages/static-pages/6922dc7d933eb65569e10a5f,ঢাকা পোস্ট কোড,Savar,exact
Dhaka,Dhaka,Savar,Jahangir Nagar University SO,1342,https://bdpost.gov.bd/pages/static-pages/6922dc7d933eb65569e10a5f,ঢাকা পোস্ট কোড,Savar,exact
Dhaka,Dhaka,Savar,Karimpur,,https://bdpost.gov.bd/pages/static-pages/6922dc7d933eb65569e10a5f,ঢাকা পোস্ট কোড,Savar,exact
Dhaka,Dhaka,Savar,Kashem Cotton Mills SO,1346,https://bdpost.gov.bd/pages/static-pages/6922dc7d933eb65569e10a5f,ঢাকা পোস্ট কোড,Savar,exact
Dhaka,Dhaka,Savar,Mirzanagar,,https://bdpost.gov.bd/pages/static-pages/6922dc7d933eb65569e10a5f,ঢাকা পোস্ট কোড,Savar,exact
Dhaka,Dhaka,Savar,Moshurikhola,,https://bdpost.gov.bd/pages/static-pages/6922dc7d933eb65569e10a5f,ঢাকা পোস্ট কোড,Savar,exact
Dhaka,Dhaka,Savar,Nagarkonda,,https://bdpost.gov.bd/pages/static-pages/6922dc7d933eb65569e10a5f,ঢাকা পোস্ট কোড,Savar,exact
Dhaka,Dhaka,Savar,Nayarhat,,https://bdpost.gov.bd/pages/static-pages/6922dc7d933eb65569e10a5f,ঢাকা পোস্ট কোড,Savar,exact
Dhaka,Dhaka,Savar,Noihati Bazar,,https://bdpost.gov.bd/pages/static-pages/6922dc7d933eb65569e10a5f,ঢাকা পোস্ট কোড,Savar,exact
Dhaka,Dhaka,Savar,Rajashon,,https://bdpost.gov.bd/pages/static-pages/6922dc7d933eb65569e10a5f,ঢাকা পোস্ট কোড,Savar,exact
Dhaka,Dhaka,Savar,Rajfulbaria EDSO,1347,https://bdpost.gov.bd/pages/static-pages/6922dc7d933eb65569e10a5f,ঢাকা পোস্ট কোড,Savar,exact
Dhaka,Dhaka,Savar,Rajfulbariya,,https://bdpost.gov.bd/pages/static-pages/6922dc7d933eb65569e10a5f,ঢাকা পোস্ট কোড,Savar,exact
Dhaka,Dhaka,Savar,Savar Cantt. SO,1344,https://bdpost.gov.bd/pages/static-pages/6922dc7d933eb65569e10a5f,ঢাকা পোস্ট কোড,Savar,exact
Dhaka,Dhaka,Savar,Savar PATC SO,1343,https://bdpost.gov.bd/pages/static-pages/6922dc7d933eb65569e10a5f,ঢাকা পোস্ট কোড,Savar,exact
Dhaka,Dhaka,Savar,Savar UPO,1340,https://bdpost.gov.bd/pages/static-pages/6922dc7d933eb65569e10a5f,ঢাকা পোস্ট কোড,Savar,exact
Dhaka,Dhaka,Savar,Senwaliya,,https://bdpost.gov.bd/pages/static-pages/6922dc7d933eb65569e10a5f,ঢাকা পোস্ট কোড,Savar,exact
Dhaka,Dhaka,Savar,Shimulia SO,1345,https://bdpost.gov.bd/pages/static-pages/6922dc7d933eb65569e10a5f,ঢাকা পোস্ট কোড,Savar,exact
Dhaka,Dhaka,Savar,Shobahanbagh,,https://bdpost.gov.bd/pages/static-pages/6922dc7d933eb65569e10a5f,ঢাকা পোস্ট কোড,Savar,exact
Dhaka,Dhaka,Savar,Uttor Gazirchat,,https://bdpost.gov.bd/pages/static-pages/6922dc7d933eb65569e10a5f,ঢাকা পোস্ট কোড,Savar,exact
Dhaka,Dhaka,Savar,Vakurta,,https://bdpost.gov.bd/pages/static-pages/6922dc7d933eb65569e10a5f,ঢাকা পোস্ট কোড,Savar,exact
Dhaka,Dhaka,Savar,Zirabo,,https://bdpost.gov.bd/pages/static-pages/6922dc7d933eb65569e10a5f,ঢাকা পোস্ট কোড,Savar,exact
Dhaka,Dhaka,Shah Ali,,,,,,canonical_fallback_no_verified_postal_row
Dhaka,Dhaka,Shahbagh,,,,,,canonical_fallback_no_verified_postal_row
Dhaka,Dhaka,Shahjahanpur,,,,,,canonical_fallback_no_verified_postal_row
Dhaka,Dhaka,Sher-E-Bangla Nagar,,,,,,canonical_fallback_no_verified_postal_row
Dhaka,Dhaka,Shyampur,,,,,,canonical_fallback_no_verified_postal_row
Dhaka,Dhaka,Sutrapur,,,,,,canonical_fallback_no_verified_postal_row
Dhaka,Dhaka,Tejgaon,Dhaka Politechnique Institut TSO,1208,https://bdpost.gov.bd/pages/static-pages/6922dc7d933eb65569e10a5f,ঢাকা পোস্ট কোড,Tejgaon,exact
Dhaka,Dhaka,Tejgaon,Tejgaon TSO,1215,https://bdpost.gov.bd/pages/static-pages/6922dc7d933eb65569e10a5f,ঢাকা পোস্ট কোড,Tejgaon,exact
Dhaka,Dhaka,Tejgaon Ind. Area,,,,,,canonical_fallback_no_verified_postal_row
Dhaka,Dhaka,Turag,,,,,,canonical_fallback_no_verified_postal_row
Dhaka,Dhaka,Uttar Khan,,,,,,canonical_fallback_no_verified_postal_row
Dhaka,Dhaka,Uttara Paschim,,,,,,canonical_fallback_no_verified_postal_row
Dhaka,Dhaka,Uttara Purba,,,,,,canonical_fallback_no_verified_postal_row
Dhaka,Dhaka,Wari,Wari TSO,1203,https://bdpost.gov.bd/pages/static-pages/6922dc7d933eb65569e10a5f,ঢাকা পোস্ট কোড,Dhaka Sadr,legacy_alias_explicit
Dhaka,Faridpur,Alfadanga,Alfadanga UPO,7870,https://bdpost.gov.bd/pages/static-pages/6922de2b933eb65569e18bdd,ফরিদপুর পোস্ট কোড,Alfadanga,exact
Dhaka,Faridpur,Bhanga,Bhanga UPO,7830,https://bdpost.gov.bd/pages/static-pages/6922de2b933eb65569e18bdd,ফরিদপুর পোস্ট কোড,Bhanga,exact
Dhaka,Faridpur,Boalmari,Boalmari UPO,7860,https://bdpost.gov.bd/pages/static-pages/6922de2b933eb65569e18bdd,ফরিদপুর পোস্ট কোড,Boalmari,exact
Dhaka,Faridpur,Boalmari,Rupapat EDSO,7861,https://bdpost.gov.bd/pages/static-pages/6922de2b933eb65569e18bdd,ফরিদপুর পোস্ট কোড,Boalmari,exact
Dhaka,Faridpur,Charbhadrasan,Char Bhadrasan UPO,7810,https://bdpost.gov.bd/pages/static-pages/6922de2b933eb65569e18bdd,ফরিদপুর পোস্ট কোড,Char Bhadrasan,normalized
Dhaka,Faridpur,Faridpur Sadar,Ambicapur SO,7802,https://bdpost.gov.bd/pages/static-pages/6922de2b933eb65569e18bdd,ফরিদপুর পোস্ট কোড,Sadar,safe_candidate
Dhaka,Faridpur,Faridpur Sadar,Baitul Aman Politechnoque Institute TSO,7803,https://bdpost.gov.bd/pages/static-pages/6922de2b933eb65569e18bdd,ফরিদপুর পোস্ট কোড,Sadar,safe_candidate
Dhaka,Faridpur,Faridpur Sadar,Faridpur HO,7800,https://bdpost.gov.bd/pages/static-pages/6922de2b933eb65569e18bdd,ফরিদপুর পোস্ট কোড,Sadar,safe_candidate
Dhaka,Faridpur,Faridpur Sadar,Kanaipur SO,7801,https://bdpost.gov.bd/pages/static-pages/6922de2b933eb65569e18bdd,ফরিদপুর পোস্ট কোড,Sadar,safe_candidate
Dhaka,Faridpur,Faridpur Sadar,Sree Angan SO,7804,https://bdpost.gov.bd/pages/static-pages/6922de2b933eb65569e18bdd,ফরিদপুর পোস্ট কোড,Sadar,safe_candidate
Dhaka,Faridpur,Madhukhali,Kamarkhali SO,7851,https://bdpost.gov.bd/pages/static-pages/6922de2b933eb65569e18bdd,ফরিদপুর পোস্ট কোড,Madhukhali,exact
Dhaka,Faridpur,Madhukhali,Madhukhali UPO,7850,https://bdpost.gov.bd/pages/static-pages/6922de2b933eb65569e18bdd,ফরিদপুর পোস্ট কোড,Madhukhali,exact
Dhaka,Faridpur,Nagarkanda,Nagarkanda UPO,7840,https://bdpost.gov.bd/pages/static-pages/6922de2b933eb65569e18bdd,ফরিদপুর পোস্ট কোড,Nagarkanda,exact
Dhaka,Faridpur,Nagarkanda,Talma SO,7841,https://bdpost.gov.bd/pages/static-pages/6922de2b933eb65569e18bdd,ফরিদপুর পোস্ট কোড,Nagarkanda,exact
Dhaka,Faridpur,Sadarpur,Biswajaker Manjil SO,7822,https://bdpost.gov.bd/pages/static-pages/6922de2b933eb65569e18bdd,ফরিদপুর পোস্ট কোড,Sadarpur,exact
Dhaka,Faridpur,Sadarpur,Hatkrishnapur SO,7821,https://bdpost.gov.bd/pages/static-pages/6922de2b933eb65569e18bdd,ফরিদপুর পোস্ট কোড,Sadarpur,exact
Dhaka,Faridpur,Sadarpur,Sadarpur UPO,7820,https://bdpost.gov.bd/pages/static-pages/6922de2b933eb65569e18bdd,ফরিদপুর পোস্ট কোড,Sadarpur,exact
Dhaka,Faridpur,Saltha,,,,,,canonical_fallback_no_verified_postal_row
Dhaka,Gazipur,Bason,,,,,,canonical_fallback_no_verified_postal_row
Dhaka,Gazipur,Gacha,,,,,,canonical_fallback_no_verified_postal_row
Dhaka,Gazipur,Gazipur Sadar,Bitipara Bazar,,https://bdpost.gov.bd/pages/static-pages/6922dc3d933eb65569e0f312,গাজীপুর পোস্ট কোড,Gazipur,second_pass_audited
Dhaka,Gazipur,Gazipur Sadar,Bogdadia,,https://bdpost.gov.bd/pages/static-pages/6922dc3d933eb65569e0f312,গাজীপুর পোস্ট কোড,Gazipur,second_pass_audited
Dhaka,Gazipur,Gazipur Sadar,Boro Vabanipur,,https://bdpost.gov.bd/pages/static-pages/6922dc3d933eb65569e0f312,গাজীপুর পোস্ট কোড,Gazipur,second_pass_audited
Dhaka,Gazipur,Gazipur Sadar,BRRI SO,1701,https://bdpost.gov.bd/pages/static-pages/6922dc3d933eb65569e0f312,গাজীপুর পোস্ট কোড,Gazipur,second_pass_audited
Dhaka,Gazipur,Gazipur Sadar,Chandana EDSO,1702,https://bdpost.gov.bd/pages/static-pages/6922dc3d933eb65569e0f312,গাজীপুর পোস্ট কোড,Gazipur,second_pass_audited
Dhaka,Gazipur,Gazipur Sadar,Chandona,,https://bdpost.gov.bd/pages/static-pages/6922dc3d933eb65569e0f312,গাজীপুর পোস্ট কোড,Gazipur,second_pass_audited
Dhaka,Gazipur,Gazipur Sadar,Dhirashram,,https://bdpost.gov.bd/pages/static-pages/6922dc3d933eb65569e0f312,গাজীপুর পোস্ট কোড,Gazipur,second_pass_audited
Dhaka,Gazipur,Gazipur Sadar,Gacha,,https://bdpost.gov.bd/pages/static-pages/6922dc3d933eb65569e0f312,গাজীপুর পোস্ট কোড,Gazipur,second_pass_audited
Dhaka,Gazipur,Gazipur Sadar,Gazipur HO,1700,https://bdpost.gov.bd/pages/static-pages/6922dc3d933eb65569e0f312,গাজীপুর পোস্ট কোড,Gazipur,second_pass_audited
Dhaka,Gazipur,Gazipur Sadar,Harbaid,,https://bdpost.gov.bd/pages/static-pages/6922dc3d933eb65569e0f312,গাজীপুর পোস্ট কোড,Gazipur,second_pass_audited
Dhaka,Gazipur,Gazipur Sadar,Ipsha SO,1706,https://bdpost.gov.bd/pages/static-pages/6922dc3d933eb65569e0f312,গাজীপুর পোস্ট কোড,Gazipur,second_pass_audited
Dhaka,Gazipur,Gazipur Sadar,Jatiya Bishwa Bidyalay SO,1703,https://bdpost.gov.bd/pages/static-pages/6922dc3d933eb65569e0f312,গাজীপুর পোস্ট কোড,Gazipur,second_pass_audited
Dhaka,Gazipur,Gazipur Sadar,Kalni,,https://bdpost.gov.bd/pages/static-pages/6922dc3d933eb65569e0f312,গাজীপুর পোস্ট কোড,Gazipur,second_pass_audited
Dhaka,Gazipur,Gazipur Sadar,Kanaiya,,https://bdpost.gov.bd/pages/static-pages/6922dc3d933eb65569e0f312,গাজীপুর পোস্ট কোড,Gazipur,second_pass_audited
Dhaka,Gazipur,Gazipur Sadar,Kashimpur,,https://bdpost.gov.bd/pages/static-pages/6922dc3d933eb65569e0f312,গাজীপুর পোস্ট কোড,Gazipur,second_pass_audited
Dhaka,Gazipur,Gazipur Sadar,Kaultiya,,https://bdpost.gov.bd/pages/static-pages/6922dc3d933eb65569e0f312,গাজীপুর পোস্ট কোড,Gazipur,second_pass_audited
Dhaka,Gazipur,Gazipur Sadar,KB Bazar,,https://bdpost.gov.bd/pages/static-pages/6922dc3d933eb65569e0f312,গাজীপুর পোস্ট কোড,Gazipur,second_pass_audited
Dhaka,Gazipur,Gazipur Sadar,Kodda Bazar,,https://bdpost.gov.bd/pages/static-pages/6922dc3d933eb65569e0f312,গাজীপুর পোস্ট কোড,Gazipur,second_pass_audited
Dhaka,Gazipur,Gazipur Sadar,Konabari,,https://bdpost.gov.bd/pages/static-pages/6922dc3d933eb65569e0f312,গাজীপুর পোস্ট কোড,Gazipur,second_pass_audited
Dhaka,Gazipur,Gazipur Sadar,Kumun,,https://bdpost.gov.bd/pages/static-pages/6922dc3d933eb65569e0f312,গাজীপুর পোস্ট কোড,Gazipur,second_pass_audited
Dhaka,Gazipur,Gazipur Sadar,Mirashpara,,https://bdpost.gov.bd/pages/static-pages/6922dc3d933eb65569e0f312,গাজীপুর পোস্ট কোড,Gazipur,second_pass_audited
Dhaka,Gazipur,Gazipur Sadar,Mirjapur,,https://bdpost.gov.bd/pages/static-pages/6922dc3d933eb65569e0f312,গাজীপুর পোস্ট কোড,Gazipur,second_pass_audited
Dhaka,Gazipur,Gazipur Sadar,Nilnagar,,https://bdpost.gov.bd/pages/static-pages/6922dc3d933eb65569e0f312,গাজীপুর পোস্ট কোড,Gazipur,second_pass_audited
Dhaka,Gazipur,Gazipur Sadar,Pubail,,https://bdpost.gov.bd/pages/static-pages/6922dc3d933eb65569e0f312,গাজীপুর পোস্ট কোড,Gazipur,second_pass_audited
Dhaka,Gazipur,Gazipur Sadar,Salna,,https://bdpost.gov.bd/pages/static-pages/6922dc3d933eb65569e0f312,গাজীপুর পোস্ট কোড,Gazipur,second_pass_audited
Dhaka,Gazipur,Gazipur Sadar,Sardagonj,,https://bdpost.gov.bd/pages/static-pages/6922dc3d933eb65569e0f312,গাজীপুর পোস্ট কোড,Gazipur,second_pass_audited
Dhaka,Gazipur,Gazipur Sadar,Tongi Bazar,,https://bdpost.gov.bd/pages/static-pages/6922dc3d933eb65569e0f312,গাজীপুর পোস্ট কোড,Gazipur,second_pass_audited
Dhaka,Gazipur,Gazipur Sadar,Vabanipur,,https://bdpost.gov.bd/pages/static-pages/6922dc3d933eb65569e0f312,গাজীপুর পোস্ট কোড,Gazipur,second_pass_audited
Dhaka,Gazipur,Gazipur Sadar,Vawal Bariya,,https://bdpost.gov.bd/pages/static-pages/6922dc3d933eb65569e0f312,গাজীপুর পোস্ট কোড,Gazipur,second_pass_audited
Dhaka,Gazipur,Gazipur Sadar,Zirani Bazar,,https://bdpost.gov.bd/pages/static-pages/6922dc3d933eb65569e0f312,গাজীপুর পোস্ট কোড,Gazipur,second_pass_audited
Dhaka,Gazipur,Kaliakair,Araigonj Hatkhola,,https://bdpost.gov.bd/pages/static-pages/6922dc3d933eb65569e0f312,গাজীপুর পোস্ট কোড,kaliakair,exact
Dhaka,Gazipur,Kaliakair,Bashtoli,,https://bdpost.gov.bd/pages/static-pages/6922dc3d933eb65569e0f312,গাজীপুর পোস্ট কোড,kaliakair,exact
Dhaka,Gazipur,Kaliakair,Boali,,https://bdpost.gov.bd/pages/static-pages/6922dc3d933eb65569e0f312,গাজীপুর পোস্ট কোড,kaliakair,exact
Dhaka,Gazipur,Kaliakair,Boliyadi,,https://bdpost.gov.bd/pages/static-pages/6922dc3d933eb65569e0f312,গাজীপুর পোস্ট কোড,kaliakair,exact
Dhaka,Gazipur,Kaliakair,Boro Gobindopur,,https://bdpost.gov.bd/pages/static-pages/6922dc3d933eb65569e0f312,গাজীপুর পোস্ট কোড,kaliakair,exact
Dhaka,Gazipur,Kaliakair,Boroibai,,https://bdpost.gov.bd/pages/static-pages/6922dc3d933eb65569e0f312,গাজীপুর পোস্ট কোড,kaliakair,exact
Dhaka,Gazipur,Kaliakair,Boroipara,,https://bdpost.gov.bd/pages/static-pages/6922dc3d933eb65569e0f312,গাজীপুর পোস্ট কোড,kaliakair,exact
Dhaka,Gazipur,Kaliakair,Cha-Bagan,,https://bdpost.gov.bd/pages/static-pages/6922dc3d933eb65569e0f312,গাজীপুর পোস্ট কোড,kaliakair,exact
Dhaka,Gazipur,Kaliakair,Chandura,,https://bdpost.gov.bd/pages/static-pages/6922dc3d933eb65569e0f312,গাজীপুর পোস্ট কোড,kaliakair,exact
Dhaka,Gazipur,Kaliakair,Dewar Bazar,,https://bdpost.gov.bd/pages/static-pages/6922dc3d933eb65569e0f312,গাজীপুর পোস্ট কোড,kaliakair,exact
Dhaka,Gazipur,Kaliakair,Fulbariya,,https://bdpost.gov.bd/pages/static-pages/6922dc3d933eb65569e0f312,গাজীপুর পোস্ট কোড,kaliakair,exact
Dhaka,Gazipur,Kaliakair,Goalbathan,,https://bdpost.gov.bd/pages/static-pages/6922dc3d933eb65569e0f312,গাজীপুর পোস্ট কোড,kaliakair,exact
Dhaka,Gazipur,Kaliakair,Gosatra,,https://bdpost.gov.bd/pages/static-pages/6922dc3d933eb65569e0f312,গাজীপুর পোস্ট কোড,kaliakair,exact
Dhaka,Gazipur,Kaliakair,Haturiyachala,,https://bdpost.gov.bd/pages/static-pages/6922dc3d933eb65569e0f312,গাজীপুর পোস্ট কোড,kaliakair,exact
Dhaka,Gazipur,Kaliakair,kaliakair UPO,1750,https://bdpost.gov.bd/pages/static-pages/6922dc3d933eb65569e0f312,গাজীপুর পোস্ট কোড,kaliakair,exact
Dhaka,Gazipur,Kaliakair,Mowchak,,https://bdpost.gov.bd/pages/static-pages/6922dc3d933eb65569e0f312,গাজীপুর পোস্ট কোড,kaliakair,exact
Dhaka,Gazipur,Kaliakair,Pirojali,,https://bdpost.gov.bd/pages/static-pages/6922dc3d933eb65569e0f312,গাজীপুর পোস্ট কোড,kaliakair,exact
Dhaka,Gazipur,Kaliakair,Raghunathpur,,https://bdpost.gov.bd/pages/static-pages/6922dc3d933eb65569e0f312,গাজীপুর পোস্ট কোড,kaliakair,exact
Dhaka,Gazipur,Kaliakair,Ratanpur,,https://bdpost.gov.bd/pages/static-pages/6922dc3d933eb65569e0f312,গাজীপুর পোস্ট কোড,kaliakair,exact
Dhaka,Gazipur,Kaliakair,Safipur Bazar,,https://bdpost.gov.bd/pages/static-pages/6922dc3d933eb65569e0f312,গাজীপুর পোস্ট কোড,kaliakair,exact
Dhaka,Gazipur,Kaliakair,Sakeshwar,,https://bdpost.gov.bd/pages/static-pages/6922dc3d933eb65569e0f312,গাজীপুর পোস্ট কোড,kaliakair,exact
Dhaka,Gazipur,Kaliakair,Shafiqur A TC,1751,https://bdpost.gov.bd/pages/static-pages/6922dc3d933eb65569e0f312,গাজীপুর পোস্ট কোড,kaliakair,exact
Dhaka,Gazipur,Kaliakair,shahbajpur,,https://bdpost.gov.bd/pages/static-pages/6922dc3d933eb65569e0f312,গাজীপুর পোস্ট কোড,kaliakair,exact
Dhaka,Gazipur,Kaliganj,Adijangalia,,https://bdpost.gov.bd/pages/static-pages/6922dc3d933eb65569e0f312,গাজীপুর পোস্ট কোড,Kaligonj,second_pass_audited
Dhaka,Gazipur,Kaliganj,Ajmatpur,,https://bdpost.gov.bd/pages/static-pages/6922dc3d933eb65569e0f312,গাজীপুর পোস্ট কোড,Kaligonj,second_pass_audited
Dhaka,Gazipur,Kaliganj,Atlapur,,https://bdpost.gov.bd/pages/static-pages/6922dc3d933eb65569e0f312,গাজীপুর পোস্ট কোড,Kaligonj,second_pass_audited
Dhaka,Gazipur,Kaliganj,Baghun,,https://bdpost.gov.bd/pages/static-pages/6922dc3d933eb65569e0f312,গাজীপুর পোস্ট কোড,Kaligonj,second_pass_audited
Dhaka,Gazipur,Kaliganj,Bhawal Bhrahammangaon,,https://bdpost.gov.bd/pages/static-pages/6922dc3d933eb65569e0f312,গাজীপুর পোস্ট কোড,Kaligonj,second_pass_audited
Dhaka,Gazipur,Kaliganj,Bhawal Jamalpur EDSO,1723,https://bdpost.gov.bd/pages/static-pages/6922dc3d933eb65569e0f312,গাজীপুর পোস্ট কোড,Kaligonj,second_pass_audited
Dhaka,Gazipur,Kaliganj,Birabo,,https://bdpost.gov.bd/pages/static-pages/6922dc3d933eb65569e0f312,গাজীপুর পোস্ট কোড,Kaligonj,second_pass_audited
Dhaka,Gazipur,Kaliganj,Boktarpur,,https://bdpost.gov.bd/pages/static-pages/6922dc3d933eb65569e0f312,গাজীপুর পোস্ট কোড,Kaligonj,second_pass_audited
Dhaka,Gazipur,Kaliganj,Danga Bazar,,https://bdpost.gov.bd/pages/static-pages/6922dc3d933eb65569e0f312,গাজীপুর পোস্ট কোড,Kaligonj,second_pass_audited
Dhaka,Gazipur,Kaliganj,Deputipara,,https://bdpost.gov.bd/pages/static-pages/6922dc3d933eb65569e0f312,গাজীপুর পোস্ট কোড,Kaligonj,second_pass_audited
Dhaka,Gazipur,Kaliganj,Dokkhinbag,,https://bdpost.gov.bd/pages/static-pages/6922dc3d933eb65569e0f312,গাজীপুর পোস্ট কোড,Kaligonj,second_pass_audited
Dhaka,Gazipur,Kaliganj,Dubati Madrasa,,https://bdpost.gov.bd/pages/static-pages/6922dc3d933eb65569e0f312,গাজীপুর পোস্ট কোড,Kaligonj,second_pass_audited
Dhaka,Gazipur,Kaliganj,Fuldi,,https://bdpost.gov.bd/pages/static-pages/6922dc3d933eb65569e0f312,গাজীপুর পোস্ট কোড,Kaligonj,second_pass_audited
Dhaka,Gazipur,Kaliganj,Kaligonj UPO,1720,https://bdpost.gov.bd/pages/static-pages/6922dc3d933eb65569e0f312,গাজীপুর পোস্ট কোড,Kaligonj,second_pass_audited
Dhaka,Gazipur,Kaliganj,Khasdaudpur,,https://bdpost.gov.bd/pages/static-pages/6922dc3d933eb65569e0f312,গাজীপুর পোস্ট কোড,Kaligonj,second_pass_audited
Dhaka,Gazipur,Kaliganj,Kolapatua,,https://bdpost.gov.bd/pages/static-pages/6922dc3d933eb65569e0f312,গাজীপুর পোস্ট কোড,Kaligonj,second_pass_audited
Dhaka,Gazipur,Kaliganj,Nagori,,https://bdpost.gov.bd/pages/static-pages/6922dc3d933eb65569e0f312,গাজীপুর পোস্ট কোড,Kaligonj,second_pass_audited
Dhaka,Gazipur,Kaliganj,Nurun Bazar,,https://bdpost.gov.bd/pages/static-pages/6922dc3d933eb65569e0f312,গাজীপুর পোস্ট কোড,Kaligonj,second_pass_audited
Dhaka,Gazipur,Kaliganj,Pubali EDSO,1721,https://bdpost.gov.bd/pages/static-pages/6922dc3d933eb65569e0f312,গাজীপুর পোস্ট কোড,Kaligonj,second_pass_audited
Dhaka,Gazipur,Kaliganj,Putinabazar,,https://bdpost.gov.bd/pages/static-pages/6922dc3d933eb65569e0f312,গাজীপুর পোস্ট কোড,Kaligonj,second_pass_audited
Dhaka,Gazipur,Kaliganj,Rangamatia,,https://bdpost.gov.bd/pages/static-pages/6922dc3d933eb65569e0f312,গাজীপুর পোস্ট কোড,Kaligonj,second_pass_audited
Dhaka,Gazipur,Kaliganj,Santan Para EDSO,1722,https://bdpost.gov.bd/pages/static-pages/6922dc3d933eb65569e0f312,গাজীপুর পোস্ট কোড,Kaligonj,second_pass_audited
Dhaka,Gazipur,Kaliganj,Sauraid,,https://bdpost.gov.bd/pages/static-pages/6922dc3d933eb65569e0f312,গাজীপুর পোস্ট কোড,Kaligonj,second_pass_audited
Dhaka,Gazipur,Kaliganj,Som Notun Bazar,,https://bdpost.gov.bd/pages/static-pages/6922dc3d933eb65569e0f312,গাজীপুর পোস্ট কোড,Kaligonj,second_pass_audited
Dhaka,Gazipur,Kaliganj,Ulukhola,,https://bdpost.gov.bd/pages/static-pages/6922dc3d933eb65569e0f312,গাজীপুর পোস্ট কোড,Kaligonj,second_pass_audited
Dhaka,Gazipur,Kaliganj,Vawal Noapara,,https://bdpost.gov.bd/pages/static-pages/6922dc3d933eb65569e0f312,গাজীপুর পোস্ট কোড,Kaligonj,second_pass_audited
Dhaka,Gazipur,Kapasia,Amraid,,https://bdpost.gov.bd/pages/static-pages/6922dc3d933eb65569e0f312,গাজীপুর পোস্ট কোড,Kapasia,exact
Dhaka,Gazipur,Kapasia,Aral Bazar,,https://bdpost.gov.bd/pages/static-pages/6922dc3d933eb65569e0f312,গাজীপুর পোস্ট কোড,Kapasia,exact
Dhaka,Gazipur,Kapasia,Aralia Bazar,,https://bdpost.gov.bd/pages/static-pages/6922dc3d933eb65569e0f312,গাজীপুর পোস্ট কোড,Kapasia,exact
Dhaka,Gazipur,Kapasia,Baghua,,https://bdpost.gov.bd/pages/static-pages/6922dc3d933eb65569e0f312,গাজীপুর পোস্ট কোড,Kapasia,exact
Dhaka,Gazipur,Kapasia,Barishab,,https://bdpost.gov.bd/pages/static-pages/6922dc3d933eb65569e0f312,গাজীপুর পোস্ট কোড,Kapasia,exact
Dhaka,Gazipur,Kapasia,Birojali,,https://bdpost.gov.bd/pages/static-pages/6922dc3d933eb65569e0f312,গাজীপুর পোস্ট কোড,Kapasia,exact
Dhaka,Gazipur,Kapasia,Borunhat,,https://bdpost.gov.bd/pages/static-pages/6922dc3d933eb65569e0f312,গাজীপুর পোস্ট কোড,Kapasia,exact
Dhaka,Gazipur,Kapasia,Char Nilokkhi,,https://bdpost.gov.bd/pages/static-pages/6922dc3d933eb65569e0f312,গাজীপুর পোস্ট কোড,Kapasia,exact
Dhaka,Gazipur,Kapasia,Charkhamer,,https://bdpost.gov.bd/pages/static-pages/6922dc3d933eb65569e0f312,গাজীপুর পোস্ট কোড,Kapasia,exact
Dhaka,Gazipur,Kapasia,Dumdiya,,https://bdpost.gov.bd/pages/static-pages/6922dc3d933eb65569e0f312,গাজীপুর পোস্ট কোড,Kapasia,exact
Dhaka,Gazipur,Kapasia,Fulbariya Madrasa,,https://bdpost.gov.bd/pages/static-pages/6922dc3d933eb65569e0f312,গাজীপুর পোস্ট কোড,Kapasia,exact
Dhaka,Gazipur,Kapasia,Gaghutiya,,https://bdpost.gov.bd/pages/static-pages/6922dc3d933eb65569e0f312,গাজীপুর পোস্ট কোড,Kapasia,exact
Dhaka,Gazipur,Kapasia,Hasanpur,,https://bdpost.gov.bd/pages/static-pages/6922dc3d933eb65569e0f312,গাজীপুর পোস্ট কোড,Kapasia,exact
Dhaka,Gazipur,Kapasia,Ikuriya,,https://bdpost.gov.bd/pages/static-pages/6922dc3d933eb65569e0f312,গাজীপুর পোস্ট কোড,Kapasia,exact
Dhaka,Gazipur,Kapasia,Kamargaon,,https://bdpost.gov.bd/pages/static-pages/6922dc3d933eb65569e0f312,গাজীপুর পোস্ট কোড,Kapasia,exact
Dhaka,Gazipur,Kapasia,Kapasia UPO,1730,https://bdpost.gov.bd/pages/static-pages/6922dc3d933eb65569e0f312,গাজীপুর পোস্ট কোড,Kapasia,exact
Dhaka,Gazipur,Kapasia,Khamer,,https://bdpost.gov.bd/pages/static-pages/6922dc3d933eb65569e0f312,গাজীপুর পোস্ট কোড,Kapasia,exact
Dhaka,Gazipur,Kapasia,Khirati,,https://bdpost.gov.bd/pages/static-pages/6922dc3d933eb65569e0f312,গাজীপুর পোস্ট কোড,Kapasia,exact
Dhaka,Gazipur,Kapasia,Kopaleshwar,,https://bdpost.gov.bd/pages/static-pages/6922dc3d933eb65569e0f312,গাজীপুর পোস্ট কোড,Kapasia,exact
Dhaka,Gazipur,Kapasia,Lohadi,,https://bdpost.gov.bd/pages/static-pages/6922dc3d933eb65569e0f312,গাজীপুর পোস্ট কোড,Kapasia,exact
Dhaka,Gazipur,Kapasia,Meruya Madrasa,,https://bdpost.gov.bd/pages/static-pages/6922dc3d933eb65569e0f312,গাজীপুর পোস্ট কোড,Kapasia,exact
Dhaka,Gazipur,Kapasia,Mirzanagar,,https://bdpost.gov.bd/pages/static-pages/6922dc3d933eb65569e0f312,গাজীপুর পোস্ট কোড,Kapasia,exact
Dhaka,Gazipur,Kapasia,Noruttampur,,https://bdpost.gov.bd/pages/static-pages/6922dc3d933eb65569e0f312,গাজীপুর পোস্ট কোড,Kapasia,exact
Dhaka,Gazipur,Kapasia,Pabur,,https://bdpost.gov.bd/pages/static-pages/6922dc3d933eb65569e0f312,গাজীপুর পোস্ট কোড,Kapasia,exact
Dhaka,Gazipur,Kapasia,Pachua Hazir Bazar,,https://bdpost.gov.bd/pages/static-pages/6922dc3d933eb65569e0f312,গাজীপুর পোস্ট কোড,Kapasia,exact
Dhaka,Gazipur,Kapasia,Pakbaghiya,,https://bdpost.gov.bd/pages/static-pages/6922dc3d933eb65569e0f312,গাজীপুর পোস্ট কোড,Kapasia,exact
Dhaka,Gazipur,Kapasia,Pakiyab Madrasa,,https://bdpost.gov.bd/pages/static-pages/6922dc3d933eb65569e0f312,গাজীপুর পোস্ট কোড,Kapasia,exact
Dhaka,Gazipur,Kapasia,Palashpur,,https://bdpost.gov.bd/pages/static-pages/6922dc3d933eb65569e0f312,গাজীপুর পোস্ট কোড,Kapasia,exact
Dhaka,Gazipur,Kapasia,Pirojpur,,https://bdpost.gov.bd/pages/static-pages/6922dc3d933eb65569e0f312,গাজীপুর পোস্ট কোড,Kapasia,exact
Dhaka,Gazipur,Kapasia,Raniganj Bazar,,https://bdpost.gov.bd/pages/static-pages/6922dc3d933eb65569e0f312,গাজীপুর পোস্ট কোড,Kapasia,exact
Dhaka,Gazipur,Kapasia,Rawnait,,https://bdpost.gov.bd/pages/static-pages/6922dc3d933eb65569e0f312,গাজীপুর পোস্ট কোড,Kapasia,exact
Dhaka,Gazipur,Kapasia,Rayed,,https://bdpost.gov.bd/pages/static-pages/6922dc3d933eb65569e0f312,গাজীপুর পোস্ট কোড,Kapasia,exact
Dhaka,Gazipur,Kapasia,Singhoshree,,https://bdpost.gov.bd/pages/static-pages/6922dc3d933eb65569e0f312,গাজীপুর পোস্ট কোড,Kapasia,exact
Dhaka,Gazipur,Kapasia,Singuya,,https://bdpost.gov.bd/pages/static-pages/6922dc3d933eb65569e0f312,গাজীপুর পোস্ট কোড,Kapasia,exact
Dhaka,Gazipur,Kapasia,Sohagpur,,https://bdpost.gov.bd/pages/static-pages/6922dc3d933eb65569e0f312,গাজীপুর পোস্ট কোড,Kapasia,exact
Dhaka,Gazipur,Kapasia,Sonmaniya,,https://bdpost.gov.bd/pages/static-pages/6922dc3d933eb65569e0f312,গাজীপুর পোস্ট কোড,Kapasia,exact
Dhaka,Gazipur,Kapasia,Taragonj,,https://bdpost.gov.bd/pages/static-pages/6922dc3d933eb65569e0f312,গাজীপুর পোস্ট কোড,Kapasia,exact
Dhaka,Gazipur,Kapasia,Tilshuniya,,https://bdpost.gov.bd/pages/static-pages/6922dc3d933eb65569e0f312,গাজীপুর পোস্ট কোড,Kapasia,exact
Dhaka,Gazipur,Kapasia,Tokenoyon Bazar,,https://bdpost.gov.bd/pages/static-pages/6922dc3d933eb65569e0f312,গাজীপুর পোস্ট কোড,Kapasia,exact
Dhaka,Gazipur,Kapasia,Torgaon,,https://bdpost.gov.bd/pages/static-pages/6922dc3d933eb65569e0f312,গাজীপুর পোস্ট কোড,Kapasia,exact
Dhaka,Gazipur,Kapasia,Ulusara,,https://bdpost.gov.bd/pages/static-pages/6922dc3d933eb65569e0f312,গাজীপুর পোস্ট কোড,Kapasia,exact
Dhaka,Gazipur,Kapasia,Vawal Chandpur,,https://bdpost.gov.bd/pages/static-pages/6922dc3d933eb65569e0f312,গাজীপুর পোস্ট কোড,Kapasia,exact
Dhaka,Gazipur,Kapasia,Vawal Narayanpur,,https://bdpost.gov.bd/pages/static-pages/6922dc3d933eb65569e0f312,গাজীপুর পোস্ট কোড,Kapasia,exact
Dhaka,Gazipur,Kapasia,Verarchar,,https://bdpost.gov.bd/pages/static-pages/6922dc3d933eb65569e0f312,গাজীপুর পোস্ট কোড,Kapasia,exact
Dhaka,Gazipur,Kapasia,Vuleshwar,,https://bdpost.gov.bd/pages/static-pages/6922dc3d933eb65569e0f312,গাজীপুর পোস্ট কোড,Kapasia,exact
Dhaka,Gazipur,Kashimpur,,,,,,canonical_fallback_no_verified_postal_row
Dhaka,Gazipur,Konabari,,,,,,canonical_fallback_no_verified_postal_row
Dhaka,Gazipur,Pubail,,,,,,canonical_fallback_no_verified_postal_row
Dhaka,Gazipur,Sreepur,Baldighat,,https://bdpost.gov.bd/pages/static-pages/6922dc3d933eb65569e0f312,গাজীপুর পোস্ট কোড,Sreepur,exact
Dhaka,Gazipur,Sreepur,Bangladesh Open Uni. SO,1748,https://bdpost.gov.bd/pages/static-pages/6922dc3d933eb65569e0f312,গাজীপুর পোস্ট কোড,Sreepur,exact
Dhaka,Gazipur,Sreepur,bapta,,https://bdpost.gov.bd/pages/static-pages/6922dc3d933eb65569e0f312,গাজীপুর পোস্ট কোড,Sreepur,exact
Dhaka,Gazipur,Sreepur,Barmi SO,1743,https://bdpost.gov.bd/pages/static-pages/6922dc3d933eb65569e0f312,গাজীপুর পোস্ট কোড,Sreepur,exact
Dhaka,Gazipur,Sreepur,Bashmur Krishi So,1747,https://bdpost.gov.bd/pages/static-pages/6922dc3d933eb65569e0f312,গাজীপুর পোস্ট কোড,Sreepur,exact
Dhaka,Gazipur,Sreepur,Basudebpur,,https://bdpost.gov.bd/pages/static-pages/6922dc3d933eb65569e0f312,গাজীপুর পোস্ট কোড,Sreepur,exact
Dhaka,Gazipur,Sreepur,Boiragir Chala,,https://bdpost.gov.bd/pages/static-pages/6922dc3d933eb65569e0f312,গাজীপুর পোস্ট কোড,Sreepur,exact
Dhaka,Gazipur,Sreepur,Damdoma,,https://bdpost.gov.bd/pages/static-pages/6922dc3d933eb65569e0f312,গাজীপুর পোস্ট কোড,Sreepur,exact
Dhaka,Gazipur,Sreepur,Doni Borotopa,,https://bdpost.gov.bd/pages/static-pages/6922dc3d933eb65569e0f312,গাজীপুর পোস্ট কোড,Sreepur,exact
Dhaka,Gazipur,Sreepur,Faogain,,https://bdpost.gov.bd/pages/static-pages/6922dc3d933eb65569e0f312,গাজীপুর পোস্ট কোড,Sreepur,exact
Dhaka,Gazipur,Sreepur,Gajipur Bazar,,https://bdpost.gov.bd/pages/static-pages/6922dc3d933eb65569e0f312,গাজীপুর পোস্ট কোড,Sreepur,exact
Dhaka,Gazipur,Sreepur,Gila Beraid,,https://bdpost.gov.bd/pages/static-pages/6922dc3d933eb65569e0f312,গাজীপুর পোস্ট কোড,Sreepur,exact
Dhaka,Gazipur,Sreepur,Goshinga,,https://bdpost.gov.bd/pages/static-pages/6922dc3d933eb65569e0f312,গাজীপুর পোস্ট কোড,Sreepur,exact
Dhaka,Gazipur,Sreepur,Hoydebpur,,https://bdpost.gov.bd/pages/static-pages/6922dc3d933eb65569e0f312,গাজীপুর পোস্ট কোড,Sreepur,exact
Dhaka,Gazipur,Sreepur,Karodi SO,1745,https://bdpost.gov.bd/pages/static-pages/6922dc3d933eb65569e0f312,গাজীপুর পোস্ট কোড,Sreepur,exact
Dhaka,Gazipur,Sreepur,Kewa Bazar,,https://bdpost.gov.bd/pages/static-pages/6922dc3d933eb65569e0f312,গাজীপুর পোস্ট কোড,Sreepur,exact
Dhaka,Gazipur,Sreepur,Latifpur,,https://bdpost.gov.bd/pages/static-pages/6922dc3d933eb65569e0f312,গাজীপুর পোস্ট কোড,Sreepur,exact
Dhaka,Gazipur,Sreepur,Marta,,https://bdpost.gov.bd/pages/static-pages/6922dc3d933eb65569e0f312,গাজীপুর পোস্ট কোড,Sreepur,exact
Dhaka,Gazipur,Sreepur,Mawna,,https://bdpost.gov.bd/pages/static-pages/6922dc3d933eb65569e0f312,গাজীপুর পোস্ট কোড,Sreepur,exact
Dhaka,Gazipur,Sreepur,Nij Mawna,,https://bdpost.gov.bd/pages/static-pages/6922dc3d933eb65569e0f312,গাজীপুর পোস্ট কোড,Sreepur,exact
Dhaka,Gazipur,Sreepur,Nolgaon,,https://bdpost.gov.bd/pages/static-pages/6922dc3d933eb65569e0f312,গাজীপুর পোস্ট কোড,Sreepur,exact
Dhaka,Gazipur,Sreepur,Rajendrapur Cantt. SO,1742,https://bdpost.gov.bd/pages/static-pages/6922dc3d933eb65569e0f312,গাজীপুর পোস্ট কোড,Sreepur,exact
Dhaka,Gazipur,Sreepur,Rajendrapur EDSO,1741,https://bdpost.gov.bd/pages/static-pages/6922dc3d933eb65569e0f312,গাজীপুর পোস্ট কোড,Sreepur,exact
Dhaka,Gazipur,Sreepur,Rajendropur Bazar,,https://bdpost.gov.bd/pages/static-pages/6922dc3d933eb65569e0f312,গাজীপুর পোস্ট কোড,Sreepur,exact
Dhaka,Gazipur,Sreepur,Satkhamair,,https://bdpost.gov.bd/pages/static-pages/6922dc3d933eb65569e0f312,গাজীপুর পোস্ট কোড,Sreepur,exact
Dhaka,Gazipur,Sreepur,Satkhamar EDSO,1744,https://bdpost.gov.bd/pages/static-pages/6922dc3d933eb65569e0f312,গাজীপুর পোস্ট কোড,Sreepur,exact
Dhaka,Gazipur,Sreepur,Sreepur UPO,1740,https://bdpost.gov.bd/pages/static-pages/6922dc3d933eb65569e0f312,গাজীপুর পোস্ট কোড,Sreepur,exact
Dhaka,Gazipur,Sreepur,Telihati,,https://bdpost.gov.bd/pages/static-pages/6922dc3d933eb65569e0f312,গাজীপুর পোস্ট কোড,Sreepur,exact
Dhaka,Gazipur,Sreepur,Tengra,,https://bdpost.gov.bd/pages/static-pages/6922dc3d933eb65569e0f312,গাজীপুর পোস্ট কোড,Sreepur,exact
Dhaka,Gazipur,Sreepur,Vawal rajabari,,https://bdpost.gov.bd/pages/static-pages/6922dc3d933eb65569e0f312,গাজীপুর পোস্ট কোড,Sreepur,exact
Dhaka,Gazipur,Sreepur,Vitipara,,https://bdpost.gov.bd/pages/static-pages/6922dc3d933eb65569e0f312,গাজীপুর পোস্ট কোড,Sreepur,exact
Dhaka,Gazipur,Tongi (East),,,,,,canonical_fallback_no_verified_postal_row
Dhaka,Gazipur,Tongi (West),,,,,,canonical_fallback_no_verified_postal_row
Dhaka,Gopalganj,Gopalganj Sadar,Barfa SO,8102,https://bdpost.gov.bd/pages/static-pages/6922df05933eb65569e1f42e,গোপালগঞ্জ পোস্ট কোড,Sadar,safe_candidate
Dhaka,Gopalganj,Gopalganj Sadar,Gopalgonj HO,8100,https://bdpost.gov.bd/pages/static-pages/6922df05933eb65569e1f42e,গোপালগঞ্জ পোস্ট কোড,Sadar,safe_candidate
Dhaka,Gopalganj,Gopalganj Sadar,Ulpur SO,8101,https://bdpost.gov.bd/pages/static-pages/6922df05933eb65569e1f42e,গোপালগঞ্জ পোস্ট কোড,Sadar,safe_candidate
Dhaka,Gopalganj,Kashiani,Jonapur EDSO,8133,https://bdpost.gov.bd/pages/static-pages/6922df05933eb65569e1f42e,গোপালগঞ্জ পোস্ট কোড,Kasiani,safe_candidate
Dhaka,Gopalganj,Kashiani,Kasiani UPO,8130,https://bdpost.gov.bd/pages/static-pages/6922df05933eb65569e1f42e,গোপালগঞ্জ পোস্ট কোড,Kasiani,safe_candidate
Dhaka,Gopalganj,Kashiani,Ramdia College SO,8131,https://bdpost.gov.bd/pages/static-pages/6922df05933eb65569e1f42e,গোপালগঞ্জ পোস্ট কোড,Kasiani,safe_candidate
Dhaka,Gopalganj,Kashiani,Ratail EDSO,8132,https://bdpost.gov.bd/pages/static-pages/6922df05933eb65569e1f42e,গোপালগঞ্জ পোস্ট কোড,Kasiani,safe_candidate
Dhaka,Gopalganj,Kotalipara,Kotalipara UPO,8110,https://bdpost.gov.bd/pages/static-pages/6922df05933eb65569e1f42e,গোপালগঞ্জ পোস্ট কোড,Kotalipara,exact
Dhaka,Gopalganj,Muksudpur,Batkiamari SO,8141,https://bdpost.gov.bd/pages/static-pages/6922df05933eb65569e1f42e,গোপালগঞ্জ পোস্ট কোড,Maksudpur,safe_candidate
Dhaka,Gopalganj,Muksudpur,Khanderpara EDSO,8142,https://bdpost.gov.bd/pages/static-pages/6922df05933eb65569e1f42e,গোপালগঞ্জ পোস্ট কোড,Maksudpur,safe_candidate
Dhaka,Gopalganj,Muksudpur,Maksudpur UPO,8140,https://bdpost.gov.bd/pages/static-pages/6922df05933eb65569e1f42e,গোপালগঞ্জ পোস্ট কোড,Maksudpur,safe_candidate
Dhaka,Gopalganj,Tungipara,Patgati SO,8121,https://bdpost.gov.bd/pages/static-pages/6922df05933eb65569e1f42e,গোপালগঞ্জ পোস্ট কোড,Tongipara,safe_candidate
Dhaka,Gopalganj,Tungipara,Tongipara HO,8120,https://bdpost.gov.bd/pages/static-pages/6922df05933eb65569e1f42e,গোপালগঞ্জ পোস্ট কোড,Tongipara,safe_candidate
Dhaka,Kishoreganj,Austagram,Astagram UPO,2380,https://bdpost.gov.bd/pages/static-pages/6922e12c933eb65569e2aaaf,কিশোরগঞ্জ পোস্ট কোড,Astagram,safe_candidate
Dhaka,Kishoreganj,Austagram,Bangalpara,,https://bdpost.gov.bd/pages/static-pages/6922e12c933eb65569e2aaaf,কিশোরগঞ্জ পোস্ট কোড,Astagram,safe_candidate
Dhaka,Kishoreganj,Austagram,Bhatighagra,,https://bdpost.gov.bd/pages/static-pages/6922e12c933eb65569e2aaaf,কিশোরগঞ্জ পোস্ট কোড,Astagram,safe_candidate
Dhaka,Kishoreganj,Austagram,Kadamcal,,https://bdpost.gov.bd/pages/static-pages/6922e12c933eb65569e2aaaf,কিশোরগঞ্জ পোস্ট কোড,Astagram,safe_candidate
Dhaka,Kishoreganj,Austagram,Kastal Bazar,,https://bdpost.gov.bd/pages/static-pages/6922e12c933eb65569e2aaaf,কিশোরগঞ্জ পোস্ট কোড,Astagram,safe_candidate
Dhaka,Kishoreganj,Austagram,Kathkhal,,https://bdpost.gov.bd/pages/static-pages/6922e12c933eb65569e2aaaf,কিশোরগঞ্জ পোস্ট কোড,Astagram,safe_candidate
Dhaka,Kishoreganj,Austagram,Sabihanagar,,https://bdpost.gov.bd/pages/static-pages/6922e12c933eb65569e2aaaf,কিশোরগঞ্জ পোস্ট কোড,Astagram,safe_candidate
Dhaka,Kishoreganj,Austagram,Sapant,,https://bdpost.gov.bd/pages/static-pages/6922e12c933eb65569e2aaaf,কিশোরগঞ্জ পোস্ট কোড,Astagram,safe_candidate
Dhaka,Kishoreganj,Bajitpur,Bajitpur UPO,2336,https://bdpost.gov.bd/pages/static-pages/6922e12c933eb65569e2aaaf,কিশোরগঞ্জ পোস্ট কোড,Bajitpur,exact
Dhaka,Kishoreganj,Bajitpur,Baliyardi,,https://bdpost.gov.bd/pages/static-pages/6922e12c933eb65569e2aaaf,কিশোরগঞ্জ পোস্ট কোড,Bajitpur,exact
Dhaka,Kishoreganj,Bajitpur,Bhagalpur,,https://bdpost.gov.bd/pages/static-pages/6922e12c933eb65569e2aaaf,কিশোরগঞ্জ পোস্ট কোড,Bajitpur,exact
Dhaka,Kishoreganj,Bajitpur,Dilalpur,,https://bdpost.gov.bd/pages/static-pages/6922e12c933eb65569e2aaaf,কিশোরগঞ্জ পোস্ট কোড,Bajitpur,exact
Dhaka,Kishoreganj,Bajitpur,Duyaigao,,https://bdpost.gov.bd/pages/static-pages/6922e12c933eb65569e2aaaf,কিশোরগঞ্জ পোস্ট কোড,Bajitpur,exact
Dhaka,Kishoreganj,Bajitpur,Gajirchar,,https://bdpost.gov.bd/pages/static-pages/6922e12c933eb65569e2aaaf,কিশোরগঞ্জ পোস্ট কোড,Bajitpur,exact
Dhaka,Kishoreganj,Bajitpur,Halimpur,,https://bdpost.gov.bd/pages/static-pages/6922e12c933eb65569e2aaaf,কিশোরগঞ্জ পোস্ট কোড,Bajitpur,exact
Dhaka,Kishoreganj,Bajitpur,Hilciya,,https://bdpost.gov.bd/pages/static-pages/6922e12c933eb65569e2aaaf,কিশোরগঞ্জ পোস্ট কোড,Bajitpur,exact
Dhaka,Kishoreganj,Bajitpur,Humaipur,,https://bdpost.gov.bd/pages/static-pages/6922e12c933eb65569e2aaaf,কিশোরগঞ্জ পোস্ট কোড,Bajitpur,exact
Dhaka,Kishoreganj,Bajitpur,Jinnahal,,https://bdpost.gov.bd/pages/static-pages/6922e12c933eb65569e2aaaf,কিশোরগঞ্জ পোস্ট কোড,Bajitpur,exact
Dhaka,Kishoreganj,Bajitpur,Laksamipur SO,2338,https://bdpost.gov.bd/pages/static-pages/6922e12c933eb65569e2aaaf,কিশোরগঞ্জ পোস্ট কোড,Bajitpur,exact
Dhaka,Kishoreganj,Bajitpur,Patuli,,https://bdpost.gov.bd/pages/static-pages/6922e12c933eb65569e2aaaf,কিশোরগঞ্জ পোস্ট কোড,Bajitpur,exact
Dhaka,Kishoreganj,Bajitpur,Pirijpur,,https://bdpost.gov.bd/pages/static-pages/6922e12c933eb65569e2aaaf,কিশোরগঞ্জ পোস্ট কোড,Bajitpur,exact
Dhaka,Kishoreganj,Bajitpur,Ramdi,,https://bdpost.gov.bd/pages/static-pages/6922e12c933eb65569e2aaaf,কিশোরগঞ্জ পোস্ট কোড,Bajitpur,exact
Dhaka,Kishoreganj,Bajitpur,Sarachar SO,2337,https://bdpost.gov.bd/pages/static-pages/6922e12c933eb65569e2aaaf,কিশোরগঞ্জ পোস্ট কোড,Bajitpur,exact
Dhaka,Kishoreganj,Bhairab,Aganagar,,https://bdpost.gov.bd/pages/static-pages/6922e12c933eb65569e2aaaf,কিশোরগঞ্জ পোস্ট কোড,Bhairab,exact
Dhaka,Kishoreganj,Bhairab,Akbarnagar,,https://bdpost.gov.bd/pages/static-pages/6922e12c933eb65569e2aaaf,কিশোরগঞ্জ পোস্ট কোড,Bhairab,exact
Dhaka,Kishoreganj,Bhairab,Bashgari,,https://bdpost.gov.bd/pages/static-pages/6922e12c933eb65569e2aaaf,কিশোরগঞ্জ পোস্ট কোড,Bhairab,exact
Dhaka,Kishoreganj,Bhairab,Bbighat,,https://bdpost.gov.bd/pages/static-pages/6922e12c933eb65569e2aaaf,কিশোরগঞ্জ পোস্ট কোড,Bhairab,exact
Dhaka,Kishoreganj,Bhairab,Bhairab UPO,2350,https://bdpost.gov.bd/pages/static-pages/6922e12c933eb65569e2aaaf,কিশোরগঞ্জ পোস্ট কোড,Bhairab,exact
Dhaka,Kishoreganj,Bhairab,Jagannathpur,,https://bdpost.gov.bd/pages/static-pages/6922e12c933eb65569e2aaaf,কিশোরগঞ্জ পোস্ট কোড,Bhairab,exact
Dhaka,Kishoreganj,Bhairab,Kalika Prasad,,https://bdpost.gov.bd/pages/static-pages/6922e12c933eb65569e2aaaf,কিশোরগঞ্জ পোস্ট কোড,Bhairab,exact
Dhaka,Kishoreganj,Bhairab,Sadekpur,,https://bdpost.gov.bd/pages/static-pages/6922e12c933eb65569e2aaaf,কিশোরগঞ্জ পোস্ট কোড,Bhairab,exact
Dhaka,Kishoreganj,Bhairab,Shimulkandi,,https://bdpost.gov.bd/pages/static-pages/6922e12c933eb65569e2aaaf,কিশোরগঞ্জ পোস্ট কোড,Bhairab,exact
Dhaka,Kishoreganj,Bhairab,Shomvupur Nechariya Madrasa,,https://bdpost.gov.bd/pages/static-pages/6922e12c933eb65569e2aaaf,কিশোরগঞ্জ পোস্ট কোড,Bhairab,exact
Dhaka,Kishoreganj,Hossainpur,Ashutiya,,https://bdpost.gov.bd/pages/static-pages/6922e12c933eb65569e2aaaf,কিশোরগঞ্জ পোস্ট কোড,Hussainpur,safe_candidate
Dhaka,Kishoreganj,Hossainpur,Charpomdi,,https://bdpost.gov.bd/pages/static-pages/6922e12c933eb65569e2aaaf,কিশোরগঞ্জ পোস্ট কোড,Hussainpur,safe_candidate
Dhaka,Kishoreganj,Hossainpur,Gangatiya,,https://bdpost.gov.bd/pages/static-pages/6922e12c933eb65569e2aaaf,কিশোরগঞ্জ পোস্ট কোড,Hussainpur,safe_candidate
Dhaka,Kishoreganj,Hossainpur,Gobindopur,,https://bdpost.gov.bd/pages/static-pages/6922e12c933eb65569e2aaaf,কিশোরগঞ্জ পোস্ট কোড,Hussainpur,safe_candidate
Dhaka,Kishoreganj,Hossainpur,Harenja,,https://bdpost.gov.bd/pages/static-pages/6922e12c933eb65569e2aaaf,কিশোরগঞ্জ পোস্ট কোড,Hussainpur,safe_candidate
Dhaka,Kishoreganj,Hossainpur,Hussainpur UPO,2320,https://bdpost.gov.bd/pages/static-pages/6922e12c933eb65569e2aaaf,কিশোরগঞ্জ পোস্ট কোড,Hussainpur,safe_candidate
Dhaka,Kishoreganj,Hossainpur,Jamail,,https://bdpost.gov.bd/pages/static-pages/6922e12c933eb65569e2aaaf,কিশোরগঞ্জ পোস্ট কোড,Hussainpur,safe_candidate
Dhaka,Kishoreganj,Hossainpur,Kurimara,,https://bdpost.gov.bd/pages/static-pages/6922e12c933eb65569e2aaaf,কিশোরগঞ্জ পোস্ট কোড,Hussainpur,safe_candidate
Dhaka,Kishoreganj,Hossainpur,Mechera,,https://bdpost.gov.bd/pages/static-pages/6922e12c933eb65569e2aaaf,কিশোরগঞ্জ পোস্ট কোড,Hussainpur,safe_candidate
Dhaka,Kishoreganj,Hossainpur,Pumdi,,https://bdpost.gov.bd/pages/static-pages/6922e12c933eb65569e2aaaf,কিশোরগঞ্জ পোস্ট কোড,Hussainpur,safe_candidate
Dhaka,Kishoreganj,Hossainpur,Sahedal,,https://bdpost.gov.bd/pages/static-pages/6922e12c933eb65569e2aaaf,কিশোরগঞ্জ পোস্ট কোড,Hussainpur,safe_candidate
Dhaka,Kishoreganj,Hossainpur,Shiplakandi,,https://bdpost.gov.bd/pages/static-pages/6922e12c933eb65569e2aaaf,কিশোরগঞ্জ পোস্ট কোড,Hussainpur,safe_candidate
Dhaka,Kishoreganj,Hossainpur,Surati,,https://bdpost.gov.bd/pages/static-pages/6922e12c933eb65569e2aaaf,কিশোরগঞ্জ পোস্ট কোড,Hussainpur,safe_candidate
Dhaka,Kishoreganj,Itna,Badla,,https://bdpost.gov.bd/pages/static-pages/6922e12c933eb65569e2aaaf,কিশোরগঞ্জ পোস্ট কোড,Itna,exact
Dhaka,Kishoreganj,Itna,Dhanpur,,https://bdpost.gov.bd/pages/static-pages/6922e12c933eb65569e2aaaf,কিশোরগঞ্জ পোস্ট কোড,Itna,exact
Dhaka,Kishoreganj,Itna,Elangjuri,,https://bdpost.gov.bd/pages/static-pages/6922e12c933eb65569e2aaaf,কিশোরগঞ্জ পোস্ট কোড,Itna,exact
Dhaka,Kishoreganj,Itna,Gaysidhi,,https://bdpost.gov.bd/pages/static-pages/6922e12c933eb65569e2aaaf,কিশোরগঞ্জ পোস্ট কোড,Itna,exact
Dhaka,Kishoreganj,Itna,Itna UPO,2390,https://bdpost.gov.bd/pages/static-pages/6922e12c933eb65569e2aaaf,কিশোরগঞ্জ পোস্ট কোড,Itna,exact
Dhaka,Kishoreganj,Itna,Mriga,,https://bdpost.gov.bd/pages/static-pages/6922e12c933eb65569e2aaaf,কিশোরগঞ্জ পোস্ট কোড,Itna,exact
Dhaka,Kishoreganj,Itna,Roytuti,,https://bdpost.gov.bd/pages/static-pages/6922e12c933eb65569e2aaaf,কিশোরগঞ্জ পোস্ট কোড,Itna,exact
Dhaka,Kishoreganj,Karimgonj,Dehunada Bazar,,https://bdpost.gov.bd/pages/static-pages/6922e12c933eb65569e2aaaf,কিশোরগঞ্জ পোস্ট কোড,Karimgonj,exact
Dhaka,Kishoreganj,Karimgonj,Gujadia,,https://bdpost.gov.bd/pages/static-pages/6922e12c933eb65569e2aaaf,কিশোরগঞ্জ পোস্ট কোড,Karimgonj,exact
Dhaka,Kishoreganj,Karimgonj,Jangalbari,,https://bdpost.gov.bd/pages/static-pages/6922e12c933eb65569e2aaaf,কিশোরগঞ্জ পোস্ট কোড,Karimgonj,exact
Dhaka,Kishoreganj,Karimgonj,Joyka,,https://bdpost.gov.bd/pages/static-pages/6922e12c933eb65569e2aaaf,কিশোরগঞ্জ পোস্ট কোড,Karimgonj,exact
Dhaka,Kishoreganj,Karimgonj,Karimgonj UPO,2310,https://bdpost.gov.bd/pages/static-pages/6922e12c933eb65569e2aaaf,কিশোরগঞ্জ পোস্ট কোড,Karimgonj,exact
Dhaka,Kishoreganj,Karimgonj,Namapara,,https://bdpost.gov.bd/pages/static-pages/6922e12c933eb65569e2aaaf,কিশোরগঞ্জ পোস্ট কোড,Karimgonj,exact
Dhaka,Kishoreganj,Karimgonj,Nansri,,https://bdpost.gov.bd/pages/static-pages/6922e12c933eb65569e2aaaf,কিশোরগঞ্জ পোস্ট কোড,Karimgonj,exact
Dhaka,Kishoreganj,Karimgonj,Niyamatpur,,https://bdpost.gov.bd/pages/static-pages/6922e12c933eb65569e2aaaf,কিশোরগঞ্জ পোস্ট কোড,Karimgonj,exact
Dhaka,Kishoreganj,Karimgonj,Parabaliya,,https://bdpost.gov.bd/pages/static-pages/6922e12c933eb65569e2aaaf,কিশোরগঞ্জ পোস্ট কোড,Karimgonj,exact
Dhaka,Kishoreganj,Katiadi,Acmita,,https://bdpost.gov.bd/pages/static-pages/6922e12c933eb65569e2aaaf,কিশোরগঞ্জ পোস্ট কোড,Kathiadi,safe_candidate
Dhaka,Kishoreganj,Katiadi,Bairagirchar,,https://bdpost.gov.bd/pages/static-pages/6922e12c933eb65569e2aaaf,কিশোরগঞ্জ পোস্ট কোড,Kathiadi,safe_candidate
Dhaka,Kishoreganj,Katiadi,Banagram,,https://bdpost.gov.bd/pages/static-pages/6922e12c933eb65569e2aaaf,কিশোরগঞ্জ পোস্ট কোড,Kathiadi,safe_candidate
Dhaka,Kishoreganj,Katiadi,Betal,,https://bdpost.gov.bd/pages/static-pages/6922e12c933eb65569e2aaaf,কিশোরগঞ্জ পোস্ট কোড,Kathiadi,safe_candidate
Dhaka,Kishoreganj,Katiadi,Bethair,,https://bdpost.gov.bd/pages/static-pages/6922e12c933eb65569e2aaaf,কিশোরগঞ্জ পোস্ট কোড,Kathiadi,safe_candidate
Dhaka,Kishoreganj,Katiadi,Boyalia,,https://bdpost.gov.bd/pages/static-pages/6922e12c933eb65569e2aaaf,কিশোরগঞ্জ পোস্ট কোড,Kathiadi,safe_candidate
Dhaka,Kishoreganj,Katiadi,Catal,,https://bdpost.gov.bd/pages/static-pages/6922e12c933eb65569e2aaaf,কিশোরগঞ্জ পোস্ট কোড,Kathiadi,safe_candidate
Dhaka,Kishoreganj,Katiadi,Charpukiya,,https://bdpost.gov.bd/pages/static-pages/6922e12c933eb65569e2aaaf,কিশোরগঞ্জ পোস্ট কোড,Kathiadi,safe_candidate
Dhaka,Kishoreganj,Katiadi,Dhankipara,,https://bdpost.gov.bd/pages/static-pages/6922e12c933eb65569e2aaaf,কিশোরগঞ্জ পোস্ট কোড,Kathiadi,safe_candidate
Dhaka,Kishoreganj,Katiadi,Gachhi Hata SO,,https://bdpost.gov.bd/pages/static-pages/6922e12c933eb65569e2aaaf,কিশোরগঞ্জ পোস্ট কোড,Kathiadi,safe_candidate
Dhaka,Kishoreganj,Katiadi,Jambait,,https://bdpost.gov.bd/pages/static-pages/6922e12c933eb65569e2aaaf,কিশোরগঞ্জ পোস্ট কোড,Kathiadi,safe_candidate
Dhaka,Kishoreganj,Katiadi,Kargau,2331,https://bdpost.gov.bd/pages/static-pages/6922e12c933eb65569e2aaaf,কিশোরগঞ্জ পোস্ট কোড,Kathiadi,safe_candidate
Dhaka,Kishoreganj,Katiadi,Kathiadi UPO,2330,https://bdpost.gov.bd/pages/static-pages/6922e12c933eb65569e2aaaf,কিশোরগঞ্জ পোস্ট কোড,Kathiadi,safe_candidate
Dhaka,Kishoreganj,Katiadi,Lohajuri,,https://bdpost.gov.bd/pages/static-pages/6922e12c933eb65569e2aaaf,কিশোরগঞ্জ পোস্ট কোড,Kathiadi,safe_candidate
Dhaka,Kishoreganj,Katiadi,Manikkhali,,https://bdpost.gov.bd/pages/static-pages/6922e12c933eb65569e2aaaf,কিশোরগঞ্জ পোস্ট কোড,Kathiadi,safe_candidate
Dhaka,Kishoreganj,Katiadi,Masuya,,https://bdpost.gov.bd/pages/static-pages/6922e12c933eb65569e2aaaf,কিশোরগঞ্জ পোস্ট কোড,Kathiadi,safe_candidate
Dhaka,Kishoreganj,Katiadi,Moddhopara,,https://bdpost.gov.bd/pages/static-pages/6922e12c933eb65569e2aaaf,কিশোরগঞ্জ পোস্ট কোড,Kathiadi,safe_candidate
Dhaka,Kishoreganj,Katiadi,Mumurdia,,https://bdpost.gov.bd/pages/static-pages/6922e12c933eb65569e2aaaf,কিশোরগঞ্জ পোস্ট কোড,Kathiadi,safe_candidate
Dhaka,Kishoreganj,Katiadi,Pardiyakul,,https://bdpost.gov.bd/pages/static-pages/6922e12c933eb65569e2aaaf,কিশোরগঞ্জ পোস্ট কোড,Kathiadi,safe_candidate
Dhaka,Kishoreganj,Katiadi,Union Jalalpur,,https://bdpost.gov.bd/pages/static-pages/6922e12c933eb65569e2aaaf,কিশোরগঞ্জ পোস্ট কোড,Kathiadi,safe_candidate
Dhaka,Kishoreganj,Kishoreganj Sadar,Amirganj,,https://bdpost.gov.bd/pages/static-pages/6922e12c933eb65569e2aaaf,কিশোরগঞ্জ পোস্ট কোড,Sadar,safe_candidate
Dhaka,Kishoreganj,Kishoreganj Sadar,Bawlai,,https://bdpost.gov.bd/pages/static-pages/6922e12c933eb65569e2aaaf,কিশোরগঞ্জ পোস্ট কোড,Sadar,safe_candidate
Dhaka,Kishoreganj,Kishoreganj Sadar,Binnati,,https://bdpost.gov.bd/pages/static-pages/6922e12c933eb65569e2aaaf,কিশোরগঞ্জ পোস্ট কোড,Sadar,safe_candidate
Dhaka,Kishoreganj,Kishoreganj Sadar,Brahamankachori,,https://bdpost.gov.bd/pages/static-pages/6922e12c933eb65569e2aaaf,কিশোরগঞ্জ পোস্ট কোড,Sadar,safe_candidate
Dhaka,Kishoreganj,Kishoreganj Sadar,Chauddasata,,https://bdpost.gov.bd/pages/static-pages/6922e12c933eb65569e2aaaf,কিশোরগঞ্জ পোস্ট কোড,Sadar,safe_candidate
Dhaka,Kishoreganj,Kishoreganj Sadar,Jasodal,,https://bdpost.gov.bd/pages/static-pages/6922e12c933eb65569e2aaaf,কিশোরগঞ্জ পোস্ট কোড,Sadar,safe_candidate
Dhaka,Kishoreganj,Kishoreganj Sadar,Joybangla,,https://bdpost.gov.bd/pages/static-pages/6922e12c933eb65569e2aaaf,কিশোরগঞ্জ পোস্ট কোড,Sadar,safe_candidate
Dhaka,Kishoreganj,Kishoreganj Sadar,Kariyail,,https://bdpost.gov.bd/pages/static-pages/6922e12c933eb65569e2aaaf,কিশোরগঞ্জ পোস্ট কোড,Sadar,safe_candidate
Dhaka,Kishoreganj,Kishoreganj Sadar,Kishoregonj HO,2300,https://bdpost.gov.bd/pages/static-pages/6922e12c933eb65569e2aaaf,কিশোরগঞ্জ পোস্ট কোড,Sadar,safe_candidate
Dhaka,Kishoreganj,Kishoreganj Sadar,Kishoregonj S Mills SO,2301,https://bdpost.gov.bd/pages/static-pages/6922e12c933eb65569e2aaaf,কিশোরগঞ্জ পোস্ট কোড,Sadar,safe_candidate
Dhaka,Kishoreganj,Kishoreganj Sadar,Kodalatiya,,https://bdpost.gov.bd/pages/static-pages/6922e12c933eb65569e2aaaf,কিশোরগঞ্জ পোস্ট কোড,Sadar,safe_candidate
Dhaka,Kishoreganj,Kishoreganj Sadar,Kodaliya,,https://bdpost.gov.bd/pages/static-pages/6922e12c933eb65569e2aaaf,কিশোরগঞ্জ পোস্ট কোড,Sadar,safe_candidate
Dhaka,Kishoreganj,Kishoreganj Sadar,Maijhati EDSO,2302,https://bdpost.gov.bd/pages/static-pages/6922e12c933eb65569e2aaaf,কিশোরগঞ্জ পোস্ট কোড,Sadar,safe_candidate
Dhaka,Kishoreganj,Kishoreganj Sadar,Mathiya,,https://bdpost.gov.bd/pages/static-pages/6922e12c933eb65569e2aaaf,কিশোরগঞ্জ পোস্ট কোড,Sadar,safe_candidate
Dhaka,Kishoreganj,Kishoreganj Sadar,Nilganj,,https://bdpost.gov.bd/pages/static-pages/6922e12c933eb65569e2aaaf,কিশোরগঞ্জ পোস্ট কোড,Sadar,safe_candidate
Dhaka,Kishoreganj,Kishoreganj Sadar,Nilgonj EDSO,2303,https://bdpost.gov.bd/pages/static-pages/6922e12c933eb65569e2aaaf,কিশোরগঞ্জ পোস্ট কোড,Sadar,safe_candidate
Dhaka,Kishoreganj,Kishoreganj Sadar,Salpamariya,,https://bdpost.gov.bd/pages/static-pages/6922e12c933eb65569e2aaaf,কিশোরগঞ্জ পোস্ট কোড,Sadar,safe_candidate
Dhaka,Kishoreganj,Kishoreganj Sadar,Uradighi Madrasa,,https://bdpost.gov.bd/pages/static-pages/6922e12c933eb65569e2aaaf,কিশোরগঞ্জ পোস্ট কোড,Sadar,safe_candidate
Dhaka,Kishoreganj,Kuliarchar,Bir Kashimnagar,,https://bdpost.gov.bd/pages/static-pages/6922e12c933eb65569e2aaaf,কিশোরগঞ্জ পোস্ট কোড,Kuliarchar,exact
Dhaka,Kishoreganj,Kuliarchar,Chhay Suti SO,2341,https://bdpost.gov.bd/pages/static-pages/6922e12c933eb65569e2aaaf,কিশোরগঞ্জ পোস্ট কোড,Kuliarchar,exact
Dhaka,Kishoreganj,Kuliarchar,Dumurakanda,,https://bdpost.gov.bd/pages/static-pages/6922e12c933eb65569e2aaaf,কিশোরগঞ্জ পোস্ট কোড,Kuliarchar,exact
Dhaka,Kishoreganj,Kuliarchar,Kapasatiya,,https://bdpost.gov.bd/pages/static-pages/6922e12c933eb65569e2aaaf,কিশোরগঞ্জ পোস্ট কোড,Kuliarchar,exact
Dhaka,Kishoreganj,Kuliarchar,Kuliarchar UPO,2340,https://bdpost.gov.bd/pages/static-pages/6922e12c933eb65569e2aaaf,কিশোরগঞ্জ পোস্ট কোড,Kuliarchar,exact
Dhaka,Kishoreganj,Kuliarchar,Nalbaid,,https://bdpost.gov.bd/pages/static-pages/6922e12c933eb65569e2aaaf,কিশোরগঞ্জ পোস্ট কোড,Kuliarchar,exact
Dhaka,Kishoreganj,Kuliarchar,Ujan Abdullapur,,https://bdpost.gov.bd/pages/static-pages/6922e12c933eb65569e2aaaf,কিশোরগঞ্জ পোস্ট কোড,Kuliarchar,exact
Dhaka,Kishoreganj,Kuliarchar,Usmanpur,,https://bdpost.gov.bd/pages/static-pages/6922e12c933eb65569e2aaaf,কিশোরগঞ্জ পোস্ট কোড,Kuliarchar,exact
Dhaka,Kishoreganj,Mithamoin,Abdullhpur SO,2371,https://bdpost.gov.bd/pages/static-pages/6922e12c933eb65569e2aaaf,কিশোরগঞ্জ পোস্ট কোড,Mithamain,safe_candidate
Dhaka,Kishoreganj,Mithamoin,Chanpur,,https://bdpost.gov.bd/pages/static-pages/6922e12c933eb65569e2aaaf,কিশোরগঞ্জ পোস্ট কোড,Mithamain,safe_candidate
Dhaka,Kishoreganj,Mithamoin,Dhaki,,https://bdpost.gov.bd/pages/static-pages/6922e12c933eb65569e2aaaf,কিশোরগঞ্জ পোস্ট কোড,Mithamain,safe_candidate
Dhaka,Kishoreganj,Mithamoin,Gopdighi,,https://bdpost.gov.bd/pages/static-pages/6922e12c933eb65569e2aaaf,কিশোরগঞ্জ পোস্ট কোড,Mithamain,safe_candidate
Dhaka,Kishoreganj,Mithamoin,Kanchanpur,,https://bdpost.gov.bd/pages/static-pages/6922e12c933eb65569e2aaaf,কিশোরগঞ্জ পোস্ট কোড,Mithamain,safe_candidate
Dhaka,Kishoreganj,Mithamoin,Mithamain UPO,2370,https://bdpost.gov.bd/pages/static-pages/6922e12c933eb65569e2aaaf,কিশোরগঞ্জ পোস্ট কোড,Mithamain,safe_candidate
Dhaka,Kishoreganj,Nikli,Dampara,,https://bdpost.gov.bd/pages/static-pages/6922e12c933eb65569e2aaaf,কিশোরগঞ্জ পোস্ট কোড,Nikli,exact
Dhaka,Kishoreganj,Nikli,Jaraitala,,https://bdpost.gov.bd/pages/static-pages/6922e12c933eb65569e2aaaf,কিশোরগঞ্জ পোস্ট কোড,Nikli,exact
Dhaka,Kishoreganj,Nikli,Nikli UPO,2360,https://bdpost.gov.bd/pages/static-pages/6922e12c933eb65569e2aaaf,কিশোরগঞ্জ পোস্ট কোড,Nikli,exact
Dhaka,Kishoreganj,Nikli,Saharmul,,https://bdpost.gov.bd/pages/static-pages/6922e12c933eb65569e2aaaf,কিশোরগঞ্জ পোস্ট কোড,Nikli,exact
Dhaka,Kishoreganj,Nikli,Singpur Bazar,,https://bdpost.gov.bd/pages/static-pages/6922e12c933eb65569e2aaaf,কিশোরগঞ্জ পোস্ট কোড,Nikli,exact
Dhaka,Kishoreganj,Pakundia,Angiyadi,,https://bdpost.gov.bd/pages/static-pages/6922e12c933eb65569e2aaaf,কিশোরগঞ্জ পোস্ট কোড,Pakundi,safe_candidate
Dhaka,Kishoreganj,Pakundia,Bhadiya,,https://bdpost.gov.bd/pages/static-pages/6922e12c933eb65569e2aaaf,কিশোরগঞ্জ পোস্ট কোড,Pakundi,safe_candidate
Dhaka,Kishoreganj,Pakundia,Burudia,,https://bdpost.gov.bd/pages/static-pages/6922e12c933eb65569e2aaaf,কিশোরগঞ্জ পোস্ট কোড,Pakundi,safe_candidate
Dhaka,Kishoreganj,Pakundia,Charforadi,,https://bdpost.gov.bd/pages/static-pages/6922e12c933eb65569e2aaaf,কিশোরগঞ্জ পোস্ট কোড,Pakundi,safe_candidate
Dhaka,Kishoreganj,Pakundia,Charkaona,,https://bdpost.gov.bd/pages/static-pages/6922e12c933eb65569e2aaaf,কিশোরগঞ্জ পোস্ট কোড,Pakundi,safe_candidate
Dhaka,Kishoreganj,Pakundia,Hosendi,,https://bdpost.gov.bd/pages/static-pages/6922e12c933eb65569e2aaaf,কিশোরগঞ্জ পোস্ট কোড,Pakundi,safe_candidate
Dhaka,Kishoreganj,Pakundia,Jangaliya,,https://bdpost.gov.bd/pages/static-pages/6922e12c933eb65569e2aaaf,কিশোরগঞ্জ পোস্ট কোড,Pakundi,safe_candidate
Dhaka,Kishoreganj,Pakundia,Kaladiya,,https://bdpost.gov.bd/pages/static-pages/6922e12c933eb65569e2aaaf,কিশোরগঞ্জ পোস্ট কোড,Pakundi,safe_candidate
Dhaka,Kishoreganj,Pakundia,Lakshia,,https://bdpost.gov.bd/pages/static-pages/6922e12c933eb65569e2aaaf,কিশোরগঞ্জ পোস্ট কোড,Pakundi,safe_candidate
Dhaka,Kishoreganj,Pakundia,Maijhati EDSO,,https://bdpost.gov.bd/pages/static-pages/6922e12c933eb65569e2aaaf,কিশোরগঞ্জ পোস্ট কোড,Pakundi,safe_candidate
Dhaka,Kishoreganj,Pakundia,Mathkhola,,https://bdpost.gov.bd/pages/static-pages/6922e12c933eb65569e2aaaf,কিশোরগঞ্জ পোস্ট কোড,Pakundi,safe_candidate
Dhaka,Kishoreganj,Pakundia,Pakundi UPO,2326,https://bdpost.gov.bd/pages/static-pages/6922e12c933eb65569e2aaaf,কিশোরগঞ্জ পোস্ট কোড,Pakundi,safe_candidate
Dhaka,Kishoreganj,Pakundia,Pankchir,,https://bdpost.gov.bd/pages/static-pages/6922e12c933eb65569e2aaaf,কিশোরগঞ্জ পোস্ট কোড,Pakundi,safe_candidate
Dhaka,Kishoreganj,Pakundia,Patuabhanga,,https://bdpost.gov.bd/pages/static-pages/6922e12c933eb65569e2aaaf,কিশোরগঞ্জ পোস্ট কোড,Pakundi,safe_candidate
Dhaka,Kishoreganj,Pakundia,Purba Narandi,,https://bdpost.gov.bd/pages/static-pages/6922e12c933eb65569e2aaaf,কিশোরগঞ্জ পোস্ট কোড,Pakundi,safe_candidate
Dhaka,Kishoreganj,Pakundia,Sukhia,,https://bdpost.gov.bd/pages/static-pages/6922e12c933eb65569e2aaaf,কিশোরগঞ্জ পোস্ট কোড,Pakundi,safe_candidate
Dhaka,Kishoreganj,Pakundia,Taltala,,https://bdpost.gov.bd/pages/static-pages/6922e12c933eb65569e2aaaf,কিশোরগঞ্জ পোস্ট কোড,Pakundi,safe_candidate
Dhaka,Kishoreganj,Pakundia,Tarakandi,,https://bdpost.gov.bd/pages/static-pages/6922e12c933eb65569e2aaaf,কিশোরগঞ্জ পোস্ট কোড,Pakundi,safe_candidate
Dhaka,Kishoreganj,Tarail,Akubpur,,https://bdpost.gov.bd/pages/static-pages/6922e12c933eb65569e2aaaf,কিশোরগঞ্জ পোস্ট কোড,Tarail,exact
Dhaka,Kishoreganj,Tarail,Banail,,https://bdpost.gov.bd/pages/static-pages/6922e12c933eb65569e2aaaf,কিশোরগঞ্জ পোস্ট কোড,Tarail,exact
Dhaka,Kishoreganj,Tarail,Damiha,,https://bdpost.gov.bd/pages/static-pages/6922e12c933eb65569e2aaaf,কিশোরগঞ্জ পোস্ট কোড,Tarail,exact
Dhaka,Kishoreganj,Tarail,Jaoyar,,https://bdpost.gov.bd/pages/static-pages/6922e12c933eb65569e2aaaf,কিশোরগঞ্জ পোস্ট কোড,Tarail,exact
Dhaka,Kishoreganj,Tarail,Kajla Bazar,,https://bdpost.gov.bd/pages/static-pages/6922e12c933eb65569e2aaaf,কিশোরগঞ্জ পোস্ট কোড,Tarail,exact
Dhaka,Kishoreganj,Tarail,Purba Darijahangipur,,https://bdpost.gov.bd/pages/static-pages/6922e12c933eb65569e2aaaf,কিশোরগঞ্জ পোস্ট কোড,Tarail,exact
Dhaka,Kishoreganj,Tarail,Purura,,https://bdpost.gov.bd/pages/static-pages/6922e12c933eb65569e2aaaf,কিশোরগঞ্জ পোস্ট কোড,Tarail,exact
Dhaka,Kishoreganj,Tarail,Sekandor Nagar,,https://bdpost.gov.bd/pages/static-pages/6922e12c933eb65569e2aaaf,কিশোরগঞ্জ পোস্ট কোড,Tarail,exact
Dhaka,Kishoreganj,Tarail,Taljanga,,https://bdpost.gov.bd/pages/static-pages/6922e12c933eb65569e2aaaf,কিশোরগঞ্জ পোস্ট কোড,Tarail,exact
Dhaka,Kishoreganj,Tarail,Tarail UPO,2316,https://bdpost.gov.bd/pages/static-pages/6922e12c933eb65569e2aaaf,কিশোরগঞ্জ পোস্ট কোড,Tarail,exact
Dhaka,Madaripur,Chashar,,,,,,canonical_fallback_no_verified_postal_row
Dhaka,Madaripur,Kalkini,Kalkini UPO,7920,https://bdpost.gov.bd/pages/static-pages/6922df58933eb65569e215a4,মাদারিপুর পোস্ট কোড,Kalkini,exact
Dhaka,Madaripur,Kalkini,Saheb Rampur EDSO,7921,https://bdpost.gov.bd/pages/static-pages/6922df58933eb65569e215a4,মাদারিপুর পোস্ট কোড,Kalkini,exact
Dhaka,Madaripur,Madaripur Sadar,Charmugria SO,7901,https://bdpost.gov.bd/pages/static-pages/6922df58933eb65569e215a4,মাদারিপুর পোস্ট কোড,Sadar,safe_candidate
Dhaka,Madaripur,Madaripur Sadar,habigonj EDSO,7903,https://bdpost.gov.bd/pages/static-pages/6922df58933eb65569e215a4,মাদারিপুর পোস্ট কোড,Sadar,safe_candidate
Dhaka,Madaripur,Madaripur Sadar,Kulpaddi EDSO,7902,https://bdpost.gov.bd/pages/static-pages/6922df58933eb65569e215a4,মাদারিপুর পোস্ট কোড,Sadar,safe_candidate
Dhaka,Madaripur,Madaripur Sadar,Madaripur HO,7900,https://bdpost.gov.bd/pages/static-pages/6922df58933eb65569e215a4,মাদারিপুর পোস্ট কোড,Sadar,safe_candidate
Dhaka,Madaripur,Madaripur Sadar,Mustafapur EDSO,7904,https://bdpost.gov.bd/pages/static-pages/6922df58933eb65569e215a4,মাদারিপুর পোস্ট কোড,Sadar,safe_candidate
Dhaka,Madaripur,Rajoir,Khalia SO,7911,https://bdpost.gov.bd/pages/static-pages/6922df58933eb65569e215a4,মাদারিপুর পোস্ট কোড,Rajair,explicit_manual_alias
Dhaka,Madaripur,Rajoir,Rajair UPO,7910,https://bdpost.gov.bd/pages/static-pages/6922df58933eb65569e215a4,মাদারিপুর পোস্ট কোড,Rajair,explicit_manual_alias
Dhaka,Madaripur,Shibchar,Bahadurpur EDSO,7932,https://bdpost.gov.bd/pages/static-pages/6922df58933eb65569e215a4,মাদারিপুর পোস্ট কোড,Barahamgonj (Shibchar),parenthetical
Dhaka,Madaripur,Shibchar,Barahamgonj (Shibchar) UPO,7930,https://bdpost.gov.bd/pages/static-pages/6922df58933eb65569e215a4,মাদারিপুর পোস্ট কোড,Barahamgonj (Shibchar),parenthetical
Dhaka,Madaripur,Shibchar,Nilakashmi Bandar SO,7931,https://bdpost.gov.bd/pages/static-pages/6922df58933eb65569e215a4,মাদারিপুর পোস্ট কোড,Barahamgonj (Shibchar),parenthetical
Dhaka,Madaripur,Shibchar,Umedpur EDSO,7933,https://bdpost.gov.bd/pages/static-pages/6922df58933eb65569e215a4,মাদারিপুর পোস্ট কোড,Barahamgonj (Shibchar),parenthetical
Dhaka,Manikganj,Doulatpur,Amtoli,,https://bdpost.gov.bd/pages/static-pages/6922dcc0933eb65569e11d77,মানিকগঞ্জ পোস্ট কোড,Daulatpur,safe_candidate
Dhaka,Manikganj,Doulatpur,Bachamara,,https://bdpost.gov.bd/pages/static-pages/6922dcc0933eb65569e11d77,মানিকগঞ্জ পোস্ট কোড,Daulatpur,safe_candidate
Dhaka,Manikganj,Doulatpur,Chakmirpur,,https://bdpost.gov.bd/pages/static-pages/6922dcc0933eb65569e11d77,মানিকগঞ্জ পোস্ট কোড,Daulatpur,safe_candidate
Dhaka,Manikganj,Doulatpur,Charkatari,,https://bdpost.gov.bd/pages/static-pages/6922dcc0933eb65569e11d77,মানিকগঞ্জ পোস্ট কোড,Daulatpur,safe_candidate
Dhaka,Manikganj,Doulatpur,Charmastul,,https://bdpost.gov.bd/pages/static-pages/6922dcc0933eb65569e11d77,মানিকগঞ্জ পোস্ট কোড,Daulatpur,safe_candidate
Dhaka,Manikganj,Doulatpur,Daulatpur UPO,1860,https://bdpost.gov.bd/pages/static-pages/6922dcc0933eb65569e11d77,মানিকগঞ্জ পোস্ট কোড,Daulatpur,safe_candidate
Dhaka,Manikganj,Doulatpur,Taluknagar,,https://bdpost.gov.bd/pages/static-pages/6922dcc0933eb65569e11d77,মানিকগঞ্জ পোস্ট কোড,Daulatpur,safe_candidate
Dhaka,Manikganj,Gior,Bangala,,https://bdpost.gov.bd/pages/static-pages/6922dcc0933eb65569e11d77,মানিকগঞ্জ পোস্ট কোড,Ghior,safe_candidate
Dhaka,Manikganj,Gior,Borotiya,,https://bdpost.gov.bd/pages/static-pages/6922dcc0933eb65569e11d77,মানিকগঞ্জ পোস্ট কোড,Ghior,safe_candidate
Dhaka,Manikganj,Gior,Dhamshor,,https://bdpost.gov.bd/pages/static-pages/6922dcc0933eb65569e11d77,মানিকগঞ্জ পোস্ট কোড,Ghior,safe_candidate
Dhaka,Manikganj,Gior,Ghior UPO,1840,https://bdpost.gov.bd/pages/static-pages/6922dcc0933eb65569e11d77,মানিকগঞ্জ পোস্ট কোড,Ghior,safe_candidate
Dhaka,Manikganj,Gior,Troshree,,https://bdpost.gov.bd/pages/static-pages/6922dcc0933eb65569e11d77,মানিকগঞ্জ পোস্ট কোড,Ghior,safe_candidate
Dhaka,Manikganj,Harirampur,Chala,,https://bdpost.gov.bd/pages/static-pages/6922dcc0933eb65569e11d77,মানিকগঞ্জ পোস্ট কোড,Lesragonj (Harirampur),parenthetical
Dhaka,Manikganj,Harirampur,Chowdhury Bowali,,https://bdpost.gov.bd/pages/static-pages/6922dcc0933eb65569e11d77,মানিকগঞ্জ পোস্ট কোড,Lesragonj (Harirampur),parenthetical
Dhaka,Manikganj,Harirampur,Dakkhin Chandpur,,https://bdpost.gov.bd/pages/static-pages/6922dcc0933eb65569e11d77,মানিকগঞ্জ পোস্ট কোড,Lesragonj (Harirampur),parenthetical
Dhaka,Manikganj,Harirampur,Diyabari,,https://bdpost.gov.bd/pages/static-pages/6922dcc0933eb65569e11d77,মানিকগঞ্জ পোস্ট কোড,Lesragonj (Harirampur),parenthetical
Dhaka,Manikganj,Harirampur,Harukandi,,https://bdpost.gov.bd/pages/static-pages/6922dcc0933eb65569e11d77,মানিকগঞ্জ পোস্ট কোড,Lesragonj (Harirampur),parenthetical
Dhaka,Manikganj,Harirampur,Hatbijoynagar,,https://bdpost.gov.bd/pages/static-pages/6922dcc0933eb65569e11d77,মানিকগঞ্জ পোস্ট কোড,Lesragonj (Harirampur),parenthetical
Dhaka,Manikganj,Harirampur,Ibrahimpur,,https://bdpost.gov.bd/pages/static-pages/6922dcc0933eb65569e11d77,মানিকগঞ্জ পোস্ট কোড,Lesragonj (Harirampur),parenthetical
Dhaka,Manikganj,Harirampur,Jatrapur,,https://bdpost.gov.bd/pages/static-pages/6922dcc0933eb65569e11d77,মানিকগঞ্জ পোস্ট কোড,Lesragonj (Harirampur),parenthetical
Dhaka,Manikganj,Harirampur,Jitka SO,1831,https://bdpost.gov.bd/pages/static-pages/6922dcc0933eb65569e11d77,মানিকগঞ্জ পোস্ট কোড,Lesragonj (Harirampur),parenthetical
Dhaka,Manikganj,Harirampur,Kanchanpur,,https://bdpost.gov.bd/pages/static-pages/6922dcc0933eb65569e11d77,মানিকগঞ্জ পোস্ট কোড,Lesragonj (Harirampur),parenthetical
Dhaka,Manikganj,Harirampur,Lesragonj (Harirampur) UPO,1830,https://bdpost.gov.bd/pages/static-pages/6922dcc0933eb65569e11d77,মানিকগঞ্জ পোস্ট কোড,Lesragonj (Harirampur),parenthetical
Dhaka,Manikganj,Harirampur,Lokkhikul,,https://bdpost.gov.bd/pages/static-pages/6922dcc0933eb65569e11d77,মানিকগঞ্জ পোস্ট কোড,Lesragonj (Harirampur),parenthetical
Dhaka,Manikganj,Harirampur,Maluchi,,https://bdpost.gov.bd/pages/static-pages/6922dcc0933eb65569e11d77,মানিকগঞ্জ পোস্ট কোড,Lesragonj (Harirampur),parenthetical
Dhaka,Manikganj,Harirampur,Notakhola,,https://bdpost.gov.bd/pages/static-pages/6922dcc0933eb65569e11d77,মানিকগঞ্জ পোস্ট কোড,Lesragonj (Harirampur),parenthetical
Dhaka,Manikganj,Harirampur,Purbo Khalilpur,,https://bdpost.gov.bd/pages/static-pages/6922dcc0933eb65569e11d77,মানিকগঞ্জ পোস্ট কোড,Lesragonj (Harirampur),parenthetical
Dhaka,Manikganj,Harirampur,Ramkrishnapur,,https://bdpost.gov.bd/pages/static-pages/6922dcc0933eb65569e11d77,মানিকগঞ্জ পোস্ট কোড,Lesragonj (Harirampur),parenthetical
Dhaka,Manikganj,Harirampur,Sutalori,,https://bdpost.gov.bd/pages/static-pages/6922dcc0933eb65569e11d77,মানিকগঞ্জ পোস্ট কোড,Lesragonj (Harirampur),parenthetical
Dhaka,Manikganj,Harirampur,Ujanpara,,https://bdpost.gov.bd/pages/static-pages/6922dcc0933eb65569e11d77,মানিকগঞ্জ পোস্ট কোড,Lesragonj (Harirampur),parenthetical
Dhaka,Manikganj,Manikganj Sadar,Atigram,,https://bdpost.gov.bd/pages/static-pages/6922dcc0933eb65569e11d77,মানিকগঞ্জ পোস্ট কোড,Sadar,safe_candidate
Dhaka,Manikganj,Manikganj Sadar,Balirtek,,https://bdpost.gov.bd/pages/static-pages/6922dcc0933eb65569e11d77,মানিকগঞ্জ পোস্ট কোড,Sadar,safe_candidate
Dhaka,Manikganj,Manikganj Sadar,Balora,1800,https://bdpost.gov.bd/pages/static-pages/6922dcc0933eb65569e11d77,মানিকগঞ্জ পোস্ট কোড,Sadar,safe_candidate
Dhaka,Manikganj,Manikganj Sadar,Baniyajuri,,https://bdpost.gov.bd/pages/static-pages/6922dcc0933eb65569e11d77,মানিকগঞ্জ পোস্ট কোড,Sadar,safe_candidate
Dhaka,Manikganj,Manikganj Sadar,Barahirchar,,https://bdpost.gov.bd/pages/static-pages/6922dcc0933eb65569e11d77,মানিকগঞ্জ পোস্ট কোড,Sadar,safe_candidate
Dhaka,Manikganj,Manikganj Sadar,Baraivikra,,https://bdpost.gov.bd/pages/static-pages/6922dcc0933eb65569e11d77,মানিকগঞ্জ পোস্ট কোড,Sadar,safe_candidate
Dhaka,Manikganj,Manikganj Sadar,Barangail EDSO,1804,https://bdpost.gov.bd/pages/static-pages/6922dcc0933eb65569e11d77,মানিকগঞ্জ পোস্ট কোড,Sadar,safe_candidate
Dhaka,Manikganj,Manikganj Sadar,Barundi,,https://bdpost.gov.bd/pages/static-pages/6922dcc0933eb65569e11d77,মানিকগঞ্জ পোস্ট কোড,Sadar,safe_candidate
Dhaka,Manikganj,Manikganj Sadar,Bayra,,https://bdpost.gov.bd/pages/static-pages/6922dcc0933eb65569e11d77,মানিকগঞ্জ পোস্ট কোড,Sadar,safe_candidate
Dhaka,Manikganj,Manikganj Sadar,Betila,,https://bdpost.gov.bd/pages/static-pages/6922dcc0933eb65569e11d77,মানিকগঞ্জ পোস্ট কোড,Sadar,safe_candidate
Dhaka,Manikganj,Manikganj Sadar,Boikanthapur,,https://bdpost.gov.bd/pages/static-pages/6922dcc0933eb65569e11d77,মানিকগঞ্জ পোস্ট কোড,Sadar,safe_candidate
Dhaka,Manikganj,Manikganj Sadar,Bongkhuri,,https://bdpost.gov.bd/pages/static-pages/6922dcc0933eb65569e11d77,মানিকগঞ্জ পোস্ট কোড,Sadar,safe_candidate
Dhaka,Manikganj,Manikganj Sadar,Boraid,,https://bdpost.gov.bd/pages/static-pages/6922dcc0933eb65569e11d77,মানিকগঞ্জ পোস্ট কোড,Sadar,safe_candidate
Dhaka,Manikganj,Manikganj Sadar,Boro Hatkora,,https://bdpost.gov.bd/pages/static-pages/6922dcc0933eb65569e11d77,মানিকগঞ্জ পোস্ট কোড,Sadar,safe_candidate
Dhaka,Manikganj,Manikganj Sadar,Borong Gail,,https://bdpost.gov.bd/pages/static-pages/6922dcc0933eb65569e11d77,মানিকগঞ্জ পোস্ট কোড,Sadar,safe_candidate
Dhaka,Manikganj,Manikganj Sadar,Brikaliyakoir,,https://bdpost.gov.bd/pages/static-pages/6922dcc0933eb65569e11d77,মানিকগঞ্জ পোস্ট কোড,Sadar,safe_candidate
Dhaka,Manikganj,Manikganj Sadar,Butuni,,https://bdpost.gov.bd/pages/static-pages/6922dcc0933eb65569e11d77,মানিকগঞ্জ পোস্ট কোড,Sadar,safe_candidate
Dhaka,Manikganj,Manikganj Sadar,Chanka,,https://bdpost.gov.bd/pages/static-pages/6922dcc0933eb65569e11d77,মানিকগঞ্জ পোস্ট কোড,Sadar,safe_candidate
Dhaka,Manikganj,Manikganj Sadar,Charghosta,,https://bdpost.gov.bd/pages/static-pages/6922dcc0933eb65569e11d77,মানিকগঞ্জ পোস্ট কোড,Sadar,safe_candidate
Dhaka,Manikganj,Manikganj Sadar,Chartilli,,https://bdpost.gov.bd/pages/static-pages/6922dcc0933eb65569e11d77,মানিকগঞ্জ পোস্ট কোড,Sadar,safe_candidate
Dhaka,Manikganj,Manikganj Sadar,Dhankora,,https://bdpost.gov.bd/pages/static-pages/6922dcc0933eb65569e11d77,মানিকগঞ্জ পোস্ট কোড,Sadar,safe_candidate
Dhaka,Manikganj,Manikganj Sadar,Gharpara EDSO,1802,https://bdpost.gov.bd/pages/static-pages/6922dcc0933eb65569e11d77,মানিকগঞ্জ পোস্ট কোড,Sadar,safe_candidate
Dhaka,Manikganj,Manikganj Sadar,Gorpara,,https://bdpost.gov.bd/pages/static-pages/6922dcc0933eb65569e11d77,মানিকগঞ্জ পোস্ট কোড,Sadar,safe_candidate
Dhaka,Manikganj,Manikganj Sadar,Helachiya,,https://bdpost.gov.bd/pages/static-pages/6922dcc0933eb65569e11d77,মানিকগঞ্জ পোস্ট কোড,Sadar,safe_candidate
Dhaka,Manikganj,Manikganj Sadar,Intajganj,,https://bdpost.gov.bd/pages/static-pages/6922dcc0933eb65569e11d77,মানিকগঞ্জ পোস্ট কোড,Sadar,safe_candidate
Dhaka,Manikganj,Manikganj Sadar,Jagir,,https://bdpost.gov.bd/pages/static-pages/6922dcc0933eb65569e11d77,মানিকগঞ্জ পোস্ট কোড,Sadar,safe_candidate
Dhaka,Manikganj,Manikganj Sadar,Joynagar,,https://bdpost.gov.bd/pages/static-pages/6922dcc0933eb65569e11d77,মানিকগঞ্জ পোস্ট কোড,Sadar,safe_candidate
Dhaka,Manikganj,Manikganj Sadar,Katigram,,https://bdpost.gov.bd/pages/static-pages/6922dcc0933eb65569e11d77,মানিকগঞ্জ পোস্ট কোড,Sadar,safe_candidate
Dhaka,Manikganj,Manikganj Sadar,Kellai,,https://bdpost.gov.bd/pages/static-pages/6922dcc0933eb65569e11d77,মানিকগঞ্জ পোস্ট কোড,Sadar,safe_candidate
Dhaka,Manikganj,Manikganj Sadar,Khabaspur,,https://bdpost.gov.bd/pages/static-pages/6922dcc0933eb65569e11d77,মানিকগঞ্জ পোস্ট কোড,Sadar,safe_candidate
Dhaka,Manikganj,Manikganj Sadar,Koitora,,https://bdpost.gov.bd/pages/static-pages/6922dcc0933eb65569e11d77,মানিকগঞ্জ পোস্ট কোড,Sadar,safe_candidate
Dhaka,Manikganj,Manikganj Sadar,Koitra,,https://bdpost.gov.bd/pages/static-pages/6922dcc0933eb65569e11d77,মানিকগঞ্জ পোস্ট কোড,Sadar,safe_candidate
Dhaka,Manikganj,Manikganj Sadar,Koliya Bazar,,https://bdpost.gov.bd/pages/static-pages/6922dcc0933eb65569e11d77,মানিকগঞ্জ পোস্ট কোড,Sadar,safe_candidate
Dhaka,Manikganj,Manikganj Sadar,Krishnapur,,https://bdpost.gov.bd/pages/static-pages/6922dcc0933eb65569e11d77,মানিকগঞ্জ পোস্ট কোড,Sadar,safe_candidate
Dhaka,Manikganj,Manikganj Sadar,Lemubari,,https://bdpost.gov.bd/pages/static-pages/6922dcc0933eb65569e11d77,মানিকগঞ্জ পোস্ট কোড,Sadar,safe_candidate
Dhaka,Manikganj,Manikganj Sadar,Manikgonj Bazar,,https://bdpost.gov.bd/pages/static-pages/6922dcc0933eb65569e11d77,মানিকগঞ্জ পোস্ট কোড,Sadar,safe_candidate
Dhaka,Manikganj,Manikganj Sadar,Manikgonj Bazar EDSO,1801,https://bdpost.gov.bd/pages/static-pages/6922dcc0933eb65569e11d77,মানিকগঞ্জ পোস্ট কোড,Sadar,safe_candidate
Dhaka,Manikganj,Manikganj Sadar,Manikgonj HO,1800,https://bdpost.gov.bd/pages/static-pages/6922dcc0933eb65569e11d77,মানিকগঞ্জ পোস্ট কোড,Sadar,safe_candidate
Dhaka,Manikganj,Manikganj Sadar,Mitara,,https://bdpost.gov.bd/pages/static-pages/6922dcc0933eb65569e11d77,মানিকগঞ্জ পোস্ট কোড,Sadar,safe_candidate
Dhaka,Manikganj,Manikganj Sadar,Mohadebpur,,https://bdpost.gov.bd/pages/static-pages/6922dcc0933eb65569e11d77,মানিকগঞ্জ পোস্ট কোড,Sadar,safe_candidate
Dhaka,Manikganj,Manikganj Sadar,Mohadebpur EDSO,1803,https://bdpost.gov.bd/pages/static-pages/6922dcc0933eb65569e11d77,মানিকগঞ্জ পোস্ট কোড,Sadar,safe_candidate
Dhaka,Manikganj,Manikganj Sadar,Motto,,https://bdpost.gov.bd/pages/static-pages/6922dcc0933eb65569e11d77,মানিকগঞ্জ পোস্ট কোড,Sadar,safe_candidate
Dhaka,Manikganj,Manikganj Sadar,Muljan,,https://bdpost.gov.bd/pages/static-pages/6922dcc0933eb65569e11d77,মানিকগঞ্জ পোস্ট কোড,Sadar,safe_candidate
Dhaka,Manikganj,Manikganj Sadar,Nabogram,,https://bdpost.gov.bd/pages/static-pages/6922dcc0933eb65569e11d77,মানিকগঞ্জ পোস্ট কোড,Sadar,safe_candidate
Dhaka,Manikganj,Manikganj Sadar,Pecharkanda,,https://bdpost.gov.bd/pages/static-pages/6922dcc0933eb65569e11d77,মানিকগঞ্জ পোস্ট কোড,Sadar,safe_candidate
Dhaka,Manikganj,Manikganj Sadar,Pukhuriya,,https://bdpost.gov.bd/pages/static-pages/6922dcc0933eb65569e11d77,মানিকগঞ্জ পোস্ট কোড,Sadar,safe_candidate
Dhaka,Manikganj,Manikganj Sadar,Ramdiyanali,,https://bdpost.gov.bd/pages/static-pages/6922dcc0933eb65569e11d77,মানিকগঞ্জ পোস্ট কোড,Sadar,safe_candidate
Dhaka,Manikganj,Manikganj Sadar,Sakrail,,https://bdpost.gov.bd/pages/static-pages/6922dcc0933eb65569e11d77,মানিকগঞ্জ পোস্ট কোড,Sadar,safe_candidate
Dhaka,Manikganj,Manikganj Sadar,Shushunda,,https://bdpost.gov.bd/pages/static-pages/6922dcc0933eb65569e11d77,মানিকগঞ্জ পোস্ট কোড,Sadar,safe_candidate
Dhaka,Manikganj,Manikganj Sadar,Teota,,https://bdpost.gov.bd/pages/static-pages/6922dcc0933eb65569e11d77,মানিকগঞ্জ পোস্ট কোড,Sadar,safe_candidate
Dhaka,Manikganj,Manikganj Sadar,Tilli,,https://bdpost.gov.bd/pages/static-pages/6922dcc0933eb65569e11d77,মানিকগঞ্জ পোস্ট কোড,Sadar,safe_candidate
Dhaka,Manikganj,Manikganj Sadar,Tora,,https://bdpost.gov.bd/pages/static-pages/6922dcc0933eb65569e11d77,মানিকগঞ্জ পোস্ট কোড,Sadar,safe_candidate
Dhaka,Manikganj,Manikganj Sadar,Uthuli,,https://bdpost.gov.bd/pages/static-pages/6922dcc0933eb65569e11d77,মানিকগঞ্জ পোস্ট কোড,Sadar,safe_candidate
Dhaka,Manikganj,Manikganj Sadar,V-Tarail,,https://bdpost.gov.bd/pages/static-pages/6922dcc0933eb65569e11d77,মানিকগঞ্জ পোস্ট কোড,Sadar,safe_candidate
Dhaka,Manikganj,Manikganj Sadar,Zanna Bazar,,https://bdpost.gov.bd/pages/static-pages/6922dcc0933eb65569e11d77,মানিকগঞ্জ পোস্ট কোড,Sadar,safe_candidate
Dhaka,Manikganj,Manikganj Sadar,Zarina College,,https://bdpost.gov.bd/pages/static-pages/6922dcc0933eb65569e11d77,মানিকগঞ্জ পোস্ট কোড,Sadar,safe_candidate
Dhaka,Manikganj,Saturia,Agsavar,,https://bdpost.gov.bd/pages/static-pages/6922dcc0933eb65569e11d77,মানিকগঞ্জ পোস্ট কোড,Saturia,exact
Dhaka,Manikganj,Saturia,Baliati SO,1811,https://bdpost.gov.bd/pages/static-pages/6922dcc0933eb65569e11d77,মানিকগঞ্জ পোস্ট কোড,Saturia,exact
Dhaka,Manikganj,Saturia,Dargram,,https://bdpost.gov.bd/pages/static-pages/6922dcc0933eb65569e11d77,মানিকগঞ্জ পোস্ট কোড,Saturia,exact
Dhaka,Manikganj,Saturia,Dighuliya,,https://bdpost.gov.bd/pages/static-pages/6922dcc0933eb65569e11d77,মানিকগঞ্জ পোস্ট কোড,Saturia,exact
Dhaka,Manikganj,Saturia,Gopalpur,,https://bdpost.gov.bd/pages/static-pages/6922dcc0933eb65569e11d77,মানিকগঞ্জ পোস্ট কোড,Saturia,exact
Dhaka,Manikganj,Saturia,Hargoj,,https://bdpost.gov.bd/pages/static-pages/6922dcc0933eb65569e11d77,মানিকগঞ্জ পোস্ট কোড,Saturia,exact
Dhaka,Manikganj,Saturia,Saturia UPO,1810,https://bdpost.gov.bd/pages/static-pages/6922dcc0933eb65569e11d77,মানিকগঞ্জ পোস্ট কোড,Saturia,exact
Dhaka,Manikganj,Shibaloy,Amdala,,https://bdpost.gov.bd/pages/static-pages/6922dcc0933eb65569e11d77,মানিকগঞ্জ পোস্ট কোড,Shibalaya,explicit_manual_alias
Dhaka,Manikganj,Shibaloy,Arichaghat SO,1851,https://bdpost.gov.bd/pages/static-pages/6922dcc0933eb65569e11d77,মানিকগঞ্জ পোস্ট কোড,Shibalaya,explicit_manual_alias
Dhaka,Manikganj,Shibaloy,Baghutiya,,https://bdpost.gov.bd/pages/static-pages/6922dcc0933eb65569e11d77,মানিকগঞ্জ পোস্ট কোড,Shibalaya,explicit_manual_alias
Dhaka,Manikganj,Shibaloy,Jafarganj,,https://bdpost.gov.bd/pages/static-pages/6922dcc0933eb65569e11d77,মানিকগঞ্জ পোস্ট কোড,Shibalaya,explicit_manual_alias
Dhaka,Manikganj,Shibaloy,Khalshi,,https://bdpost.gov.bd/pages/static-pages/6922dcc0933eb65569e11d77,মানিকগঞ্জ পোস্ট কোড,Shibalaya,explicit_manual_alias
Dhaka,Manikganj,Shibaloy,Nali,,https://bdpost.gov.bd/pages/static-pages/6922dcc0933eb65569e11d77,মানিকগঞ্জ পোস্ট কোড,Shibalaya,explicit_manual_alias
Dhaka,Manikganj,Shibaloy,Noyabari,,https://bdpost.gov.bd/pages/static-pages/6922dcc0933eb65569e11d77,মানিকগঞ্জ পোস্ট কোড,Shibalaya,explicit_manual_alias
Dhaka,Manikganj,Shibaloy,Rupshi,,https://bdpost.gov.bd/pages/static-pages/6922dcc0933eb65569e11d77,মানিকগঞ্জ পোস্ট কোড,Shibalaya,explicit_manual_alias
Dhaka,Manikganj,Shibaloy,Shibalaya UPO,1850,https://bdpost.gov.bd/pages/static-pages/6922dcc0933eb65569e11d77,মানিকগঞ্জ পোস্ট কোড,Shibalaya,explicit_manual_alias
Dhaka,Manikganj,Shibaloy,Teota EDSO,1852,https://bdpost.gov.bd/pages/static-pages/6922dcc0933eb65569e11d77,মানিকগঞ্জ পোস্ট কোড,Shibalaya,explicit_manual_alias
Dhaka,Manikganj,Shibaloy,Tepra,,https://bdpost.gov.bd/pages/static-pages/6922dcc0933eb65569e11d77,মানিকগঞ্জ পোস্ট কোড,Shibalaya,explicit_manual_alias
Dhaka,Manikganj,Shibaloy,Uthali ED,1853,https://bdpost.gov.bd/pages/static-pages/6922dcc0933eb65569e11d77,মানিকগঞ্জ পোস্ট কোড,Shibalaya,explicit_manual_alias
Dhaka,Manikganj,Shibaloy,Zeonpur,,https://bdpost.gov.bd/pages/static-pages/6922dcc0933eb65569e11d77,মানিকগঞ্জ পোস্ট কোড,Shibalaya,explicit_manual_alias
Dhaka,Manikganj,Singiar,Bayra EDSO,1821,https://bdpost.gov.bd/pages/static-pages/6922dcc0933eb65569e11d77,মানিকগঞ্জ পোস্ট কোড,Singair,explicit_manual_alias
Dhaka,Manikganj,Singiar,Boldhara,,https://bdpost.gov.bd/pages/static-pages/6922dcc0933eb65569e11d77,মানিকগঞ্জ পোস্ট কোড,Singair,explicit_manual_alias
Dhaka,Manikganj,Singiar,Chandahar,,https://bdpost.gov.bd/pages/static-pages/6922dcc0933eb65569e11d77,মানিকগঞ্জ পোস্ট কোড,Singair,explicit_manual_alias
Dhaka,Manikganj,Singiar,Charigram,,https://bdpost.gov.bd/pages/static-pages/6922dcc0933eb65569e11d77,মানিকগঞ্জ পোস্ট কোড,Singair,explicit_manual_alias
Dhaka,Manikganj,Singiar,Choto Kaliakair,,https://bdpost.gov.bd/pages/static-pages/6922dcc0933eb65569e11d77,মানিকগঞ্জ পোস্ট কোড,Singair,explicit_manual_alias
Dhaka,Manikganj,Singiar,Dholla Bazar,,https://bdpost.gov.bd/pages/static-pages/6922dcc0933eb65569e11d77,মানিকগঞ্জ পোস্ট কোড,Singair,explicit_manual_alias
Dhaka,Manikganj,Singiar,Dokkhin Jamsha,,https://bdpost.gov.bd/pages/static-pages/6922dcc0933eb65569e11d77,মানিকগঞ্জ পোস্ট কোড,Singair,explicit_manual_alias
Dhaka,Manikganj,Singiar,Golardanga,,https://bdpost.gov.bd/pages/static-pages/6922dcc0933eb65569e11d77,মানিকগঞ্জ পোস্ট কোড,Singair,explicit_manual_alias
Dhaka,Manikganj,Singiar,Irta,,https://bdpost.gov.bd/pages/static-pages/6922dcc0933eb65569e11d77,মানিকগঞ্জ পোস্ট কোড,Singair,explicit_manual_alias
Dhaka,Manikganj,Singiar,Jamirta,,https://bdpost.gov.bd/pages/static-pages/6922dcc0933eb65569e11d77,মানিকগঞ্জ পোস্ট কোড,Singair,explicit_manual_alias
Dhaka,Manikganj,Singiar,Joymantop EDSO,1822,https://bdpost.gov.bd/pages/static-pages/6922dcc0933eb65569e11d77,মানিকগঞ্জ পোস্ট কোড,Singair,explicit_manual_alias
Dhaka,Manikganj,Singiar,Paril Nowarda,,https://bdpost.gov.bd/pages/static-pages/6922dcc0933eb65569e11d77,মানিকগঞ্জ পোস্ট কোড,Singair,explicit_manual_alias
Dhaka,Manikganj,Singiar,Sahrail,,https://bdpost.gov.bd/pages/static-pages/6922dcc0933eb65569e11d77,মানিকগঞ্জ পোস্ট কোড,Singair,explicit_manual_alias
Dhaka,Manikganj,Singiar,Singair UPO,1820,https://bdpost.gov.bd/pages/static-pages/6922dcc0933eb65569e11d77,মানিকগঞ্জ পোস্ট কোড,Singair,explicit_manual_alias
Dhaka,Manikganj,Singiar,Sirajpur,,https://bdpost.gov.bd/pages/static-pages/6922dcc0933eb65569e11d77,মানিকগঞ্জ পোস্ট কোড,Singair,explicit_manual_alias
Dhaka,Munshiganj,Gajaria,Baosia,,https://bdpost.gov.bd/pages/static-pages/6922dcdc933eb65569e126fa,মুন্সিগঞ্জ পোস্ট কোড,Gazaria,explicit_manual_alias
Dhaka,Munshiganj,Gajaria,BK Raypura,,https://bdpost.gov.bd/pages/static-pages/6922dcdc933eb65569e126fa,মুন্সিগঞ্জ পোস্ট কোড,Gazaria,explicit_manual_alias
Dhaka,Munshiganj,Gajaria,Char Bolaki,,https://bdpost.gov.bd/pages/static-pages/6922dcdc933eb65569e126fa,মুন্সিগঞ্জ পোস্ট কোড,Gazaria,explicit_manual_alias
Dhaka,Munshiganj,Gajaria,Gazaria UPO,1510,https://bdpost.gov.bd/pages/static-pages/6922dcdc933eb65569e126fa,মুন্সিগঞ্জ পোস্ট কোড,Gazaria,explicit_manual_alias
Dhaka,Munshiganj,Gajaria,Goagasia,,https://bdpost.gov.bd/pages/static-pages/6922dcdc933eb65569e126fa,মুন্সিগঞ্জ পোস্ট কোড,Gazaria,explicit_manual_alias
Dhaka,Munshiganj,Gajaria,Hoglakandi,,https://bdpost.gov.bd/pages/static-pages/6922dcdc933eb65569e126fa,মুন্সিগঞ্জ পোস্ট কোড,Gazaria,explicit_manual_alias
Dhaka,Munshiganj,Gajaria,Hosaindi EDSO,1511,https://bdpost.gov.bd/pages/static-pages/6922dcdc933eb65569e126fa,মুন্সিগঞ্জ পোস্ট কোড,Gazaria,explicit_manual_alias
Dhaka,Munshiganj,Gajaria,Hosendi,,https://bdpost.gov.bd/pages/static-pages/6922dcdc933eb65569e126fa,মুন্সিগঞ্জ পোস্ট কোড,Gazaria,explicit_manual_alias
Dhaka,Munshiganj,Gajaria,Ishmandirchar,,https://bdpost.gov.bd/pages/static-pages/6922dcdc933eb65569e126fa,মুন্সিগঞ্জ পোস্ট কোড,Gazaria,explicit_manual_alias
Dhaka,Munshiganj,Gajaria,Modda Vaterchar,,https://bdpost.gov.bd/pages/static-pages/6922dcdc933eb65569e126fa,মুন্সিগঞ্জ পোস্ট কোড,Gazaria,explicit_manual_alias
Dhaka,Munshiganj,Gajaria,Puran Baosia,,https://bdpost.gov.bd/pages/static-pages/6922dcdc933eb65569e126fa,মুন্সিগঞ্জ পোস্ট কোড,Gazaria,explicit_manual_alias
Dhaka,Munshiganj,Gajaria,Rasulpur,,https://bdpost.gov.bd/pages/static-pages/6922dcdc933eb65569e126fa,মুন্সিগঞ্জ পোস্ট কোড,Gazaria,explicit_manual_alias
Dhaka,Munshiganj,Gajaria,Rasulpur EDSO,1512,https://bdpost.gov.bd/pages/static-pages/6922dcdc933eb65569e126fa,মুন্সিগঞ্জ পোস্ট কোড,Gazaria,explicit_manual_alias
Dhaka,Munshiganj,Gajaria,Tengarchar,,https://bdpost.gov.bd/pages/static-pages/6922dcdc933eb65569e126fa,মুন্সিগঞ্জ পোস্ট কোড,Gazaria,explicit_manual_alias
Dhaka,Munshiganj,Gajaria,Uttar Shapur,,https://bdpost.gov.bd/pages/static-pages/6922dcdc933eb65569e126fa,মুন্সিগঞ্জ পোস্ট কোড,Gazaria,explicit_manual_alias
Dhaka,Munshiganj,Gajaria,Voberchar,,https://bdpost.gov.bd/pages/static-pages/6922dcdc933eb65569e126fa,মুন্সিগঞ্জ পোস্ট কোড,Gazaria,explicit_manual_alias
Dhaka,Munshiganj,Louhajanj,Bahor,,https://bdpost.gov.bd/pages/static-pages/6922dcdc933eb65569e126fa,মুন্সিগঞ্জ পোস্ট কোড,Louhajong,explicit_manual_alias
Dhaka,Munshiganj,Louhajanj,Bejgaon,,https://bdpost.gov.bd/pages/static-pages/6922dcdc933eb65569e126fa,মুন্সিগঞ্জ পোস্ট কোড,Louhajong,explicit_manual_alias
Dhaka,Munshiganj,Louhajanj,Beltoli,,https://bdpost.gov.bd/pages/static-pages/6922dcdc933eb65569e126fa,মুন্সিগঞ্জ পোস্ট কোড,Louhajong,explicit_manual_alias
Dhaka,Munshiganj,Louhajanj,Bibondi,,https://bdpost.gov.bd/pages/static-pages/6922dcdc933eb65569e126fa,মুন্সিগঞ্জ পোস্ট কোড,Louhajong,explicit_manual_alias
Dhaka,Munshiganj,Louhajanj,Bultoli,,https://bdpost.gov.bd/pages/static-pages/6922dcdc933eb65569e126fa,মুন্সিগঞ্জ পোস্ট কোড,Louhajong,explicit_manual_alias
Dhaka,Munshiganj,Louhajanj,Dokkhin Charigaon,,https://bdpost.gov.bd/pages/static-pages/6922dcdc933eb65569e126fa,মুন্সিগঞ্জ পোস্ট কোড,Louhajong,explicit_manual_alias
Dhaka,Munshiganj,Louhajanj,Gaodia,,https://bdpost.gov.bd/pages/static-pages/6922dcdc933eb65569e126fa,মুন্সিগঞ্জ পোস্ট কোড,Louhajong,explicit_manual_alias
Dhaka,Munshiganj,Louhajanj,Gawraganj,,https://bdpost.gov.bd/pages/static-pages/6922dcdc933eb65569e126fa,মুন্সিগঞ্জ পোস্ট কোড,Louhajong,explicit_manual_alias
Dhaka,Munshiganj,Louhajanj,Gourgonj EDSO,1534,https://bdpost.gov.bd/pages/static-pages/6922dcdc933eb65569e126fa,মুন্সিগঞ্জ পোস্ট কোড,Louhajong,explicit_manual_alias
Dhaka,Munshiganj,Louhajanj,Haldia SO,1532,https://bdpost.gov.bd/pages/static-pages/6922dcdc933eb65569e126fa,মুন্সিগঞ্জ পোস্ট কোড,Louhajong,explicit_manual_alias
Dhaka,Munshiganj,Louhajanj,Haridia,,https://bdpost.gov.bd/pages/static-pages/6922dcdc933eb65569e126fa,মুন্সিগঞ্জ পোস্ট কোড,Louhajong,explicit_manual_alias
Dhaka,Munshiganj,Louhajanj,Haridia EDSO,1533,https://bdpost.gov.bd/pages/static-pages/6922dcdc933eb65569e126fa,মুন্সিগঞ্জ পোস্ট কোড,Louhajong,explicit_manual_alias
Dhaka,Munshiganj,Louhajanj,jaotia,,https://bdpost.gov.bd/pages/static-pages/6922dcdc933eb65569e126fa,মুন্সিগঞ্জ পোস্ট কোড,Louhajong,explicit_manual_alias
Dhaka,Munshiganj,Louhajanj,Jasaldia,,https://bdpost.gov.bd/pages/static-pages/6922dcdc933eb65569e126fa,মুন্সিগঞ্জ পোস্ট কোড,Louhajong,explicit_manual_alias
Dhaka,Munshiganj,Louhajanj,Kalma,,https://bdpost.gov.bd/pages/static-pages/6922dcdc933eb65569e126fa,মুন্সিগঞ্জ পোস্ট কোড,Louhajong,explicit_manual_alias
Dhaka,Munshiganj,Louhajanj,Khidirpara,,https://bdpost.gov.bd/pages/static-pages/6922dcdc933eb65569e126fa,মুন্সিগঞ্জ পোস্ট কোড,Louhajong,explicit_manual_alias
Dhaka,Munshiganj,Louhajanj,Kokotia,,https://bdpost.gov.bd/pages/static-pages/6922dcdc933eb65569e126fa,মুন্সিগঞ্জ পোস্ট কোড,Louhajong,explicit_manual_alias
Dhaka,Munshiganj,Louhajanj,Komarvogh,,https://bdpost.gov.bd/pages/static-pages/6922dcdc933eb65569e126fa,মুন্সিগঞ্জ পোস্ট কোড,Louhajong,explicit_manual_alias
Dhaka,Munshiganj,Louhajanj,Konaksar,,https://bdpost.gov.bd/pages/static-pages/6922dcdc933eb65569e126fa,মুন্সিগঞ্জ পোস্ট কোড,Louhajong,explicit_manual_alias
Dhaka,Munshiganj,Louhajanj,Korhati,,https://bdpost.gov.bd/pages/static-pages/6922dcdc933eb65569e126fa,মুন্সিগঞ্জ পোস্ট কোড,Louhajong,explicit_manual_alias
Dhaka,Munshiganj,Louhajanj,Korhati EDSO,1531,https://bdpost.gov.bd/pages/static-pages/6922dcdc933eb65569e126fa,মুন্সিগঞ্জ পোস্ট কোড,Louhajong,explicit_manual_alias
Dhaka,Munshiganj,Louhajanj,Louhajong UPO,1530,https://bdpost.gov.bd/pages/static-pages/6922dcdc933eb65569e126fa,মুন্সিগঞ্জ পোস্ট কোড,Louhajong,explicit_manual_alias
Dhaka,Munshiganj,Louhajanj,Medini Mandal EDSO,1535,https://bdpost.gov.bd/pages/static-pages/6922dcdc933eb65569e126fa,মুন্সিগঞ্জ পোস্ট কোড,Louhajong,explicit_manual_alias
Dhaka,Munshiganj,Louhajanj,Medinimondol,,https://bdpost.gov.bd/pages/static-pages/6922dcdc933eb65569e126fa,মুন্সিগঞ্জ পোস্ট কোড,Louhajong,explicit_manual_alias
Dhaka,Munshiganj,Louhajanj,Nagerhat,,https://bdpost.gov.bd/pages/static-pages/6922dcdc933eb65569e126fa,মুন্সিগঞ্জ পোস্ট কোড,Louhajong,explicit_manual_alias
Dhaka,Munshiganj,Louhajanj,Nawpara,,https://bdpost.gov.bd/pages/static-pages/6922dcdc933eb65569e126fa,মুন্সিগঞ্জ পোস্ট কোড,Louhajong,explicit_manual_alias
Dhaka,Munshiganj,Louhajanj,Paschim Nawpara,,https://bdpost.gov.bd/pages/static-pages/6922dcdc933eb65569e126fa,মুন্সিগঞ্জ পোস্ট কোড,Louhajong,explicit_manual_alias
Dhaka,Munshiganj,Louhajanj,Voghdia,,https://bdpost.gov.bd/pages/static-pages/6922dcdc933eb65569e126fa,মুন্সিগঞ্জ পোস্ট কোড,Louhajong,explicit_manual_alias
Dhaka,Munshiganj,Louhajanj,Vorakor,,https://bdpost.gov.bd/pages/static-pages/6922dcdc933eb65569e126fa,মুন্সিগঞ্জ পোস্ট কোড,Louhajong,explicit_manual_alias
Dhaka,Munshiganj,Munshiganj Sadar,Banial Vokailash,,https://bdpost.gov.bd/pages/static-pages/6922dcdc933eb65569e126fa,মুন্সিগঞ্জ পোস্ট কোড,Sadar,safe_candidate
Dhaka,Munshiganj,Munshiganj Sadar,Champatala,,https://bdpost.gov.bd/pages/static-pages/6922dcdc933eb65569e126fa,মুন্সিগঞ্জ পোস্ট কোড,Sadar,safe_candidate
Dhaka,Munshiganj,Munshiganj Sadar,Char Dumoria,,https://bdpost.gov.bd/pages/static-pages/6922dcdc933eb65569e126fa,মুন্সিগঞ্জ পোস্ট কোড,Sadar,safe_candidate
Dhaka,Munshiganj,Munshiganj Sadar,Char Kishoreganj,,https://bdpost.gov.bd/pages/static-pages/6922dcdc933eb65569e126fa,মুন্সিগঞ্জ পোস্ট কোড,Sadar,safe_candidate
Dhaka,Munshiganj,Munshiganj Sadar,Char Siloi,,https://bdpost.gov.bd/pages/static-pages/6922dcdc933eb65569e126fa,মুন্সিগঞ্জ পোস্ট কোড,Sadar,safe_candidate
Dhaka,Munshiganj,Munshiganj Sadar,Coartgaon,,https://bdpost.gov.bd/pages/static-pages/6922dcdc933eb65569e126fa,মুন্সিগঞ্জ পোস্ট কোড,Sadar,safe_candidate
Dhaka,Munshiganj,Munshiganj Sadar,Gashi Pukurpar,,https://bdpost.gov.bd/pages/static-pages/6922dcdc933eb65569e126fa,মুন্সিগঞ্জ পোস্ট কোড,Sadar,safe_candidate
Dhaka,Munshiganj,Munshiganj Sadar,Jazira Sayedpur,,https://bdpost.gov.bd/pages/static-pages/6922dcdc933eb65569e126fa,মুন্সিগঞ্জ পোস্ট কোড,Sadar,safe_candidate
Dhaka,Munshiganj,Munshiganj Sadar,Kalir Atpara,,https://bdpost.gov.bd/pages/static-pages/6922dcdc933eb65569e126fa,মুন্সিগঞ্জ পোস্ট কোড,Sadar,safe_candidate
Dhaka,Munshiganj,Munshiganj Sadar,Katakhali,,https://bdpost.gov.bd/pages/static-pages/6922dcdc933eb65569e126fa,মুন্সিগঞ্জ পোস্ট কোড,Sadar,safe_candidate
Dhaka,Munshiganj,Munshiganj Sadar,Kewar,,https://bdpost.gov.bd/pages/static-pages/6922dcdc933eb65569e126fa,মুন্সিগঞ্জ পোস্ট কোড,Sadar,safe_candidate
Dhaka,Munshiganj,Munshiganj Sadar,Khatakhali SO,1503,https://bdpost.gov.bd/pages/static-pages/6922dcdc933eb65569e126fa,মুন্সিগঞ্জ পোস্ট কোড,Sadar,safe_candidate
Dhaka,Munshiganj,Munshiganj Sadar,Makohati,,https://bdpost.gov.bd/pages/static-pages/6922dcdc933eb65569e126fa,মুন্সিগঞ্জ পোস্ট কোড,Sadar,safe_candidate
Dhaka,Munshiganj,Munshiganj Sadar,Mirkadim SO,1502,https://bdpost.gov.bd/pages/static-pages/6922dcdc933eb65569e126fa,মুন্সিগঞ্জ পোস্ট কোড,Sadar,safe_candidate
Dhaka,Munshiganj,Munshiganj Sadar,Moheshpur,,https://bdpost.gov.bd/pages/static-pages/6922dcdc933eb65569e126fa,মুন্সিগঞ্জ পোস্ট কোড,Sadar,safe_candidate
Dhaka,Munshiganj,Munshiganj Sadar,Munshigonj HO,1500,https://bdpost.gov.bd/pages/static-pages/6922dcdc933eb65569e126fa,মুন্সিগঞ্জ পোস্ট কোড,Sadar,safe_candidate
Dhaka,Munshiganj,Munshiganj Sadar,Panchasar,,https://bdpost.gov.bd/pages/static-pages/6922dcdc933eb65569e126fa,মুন্সিগঞ্জ পোস্ট কোড,Sadar,safe_candidate
Dhaka,Munshiganj,Munshiganj Sadar,Ramjanbeg,,https://bdpost.gov.bd/pages/static-pages/6922dcdc933eb65569e126fa,মুন্সিগঞ্জ পোস্ট কোড,Sadar,safe_candidate
Dhaka,Munshiganj,Munshiganj Sadar,Rampal,,https://bdpost.gov.bd/pages/static-pages/6922dcdc933eb65569e126fa,মুন্সিগঞ্জ পোস্ট কোড,Sadar,safe_candidate
Dhaka,Munshiganj,Munshiganj Sadar,Ramsing,,https://bdpost.gov.bd/pages/static-pages/6922dcdc933eb65569e126fa,মুন্সিগঞ্জ পোস্ট কোড,Sadar,safe_candidate
Dhaka,Munshiganj,Munshiganj Sadar,Rekabi Bazar SO,1501,https://bdpost.gov.bd/pages/static-pages/6922dcdc933eb65569e126fa,মুন্সিগঞ্জ পোস্ট কোড,Sadar,safe_candidate
Dhaka,Munshiganj,Munshiganj Sadar,Sokhabaspur,,https://bdpost.gov.bd/pages/static-pages/6922dcdc933eb65569e126fa,মুন্সিগঞ্জ পোস্ট কোড,Sadar,safe_candidate
Dhaka,Munshiganj,Munshiganj Sadar,TB Hoghla,,https://bdpost.gov.bd/pages/static-pages/6922dcdc933eb65569e126fa,মুন্সিগঞ্জ পোস্ট কোড,Sadar,safe_candidate
Dhaka,Munshiganj,Munshiganj Sadar,Vasanchar,,https://bdpost.gov.bd/pages/static-pages/6922dcdc933eb65569e126fa,মুন্সিগঞ্জ পোস্ট কোড,Sadar,safe_candidate
Dhaka,Munshiganj,Sirajdikhan,B Khilgaon,,https://bdpost.gov.bd/pages/static-pages/6922dcdc933eb65569e126fa,মুন্সিগঞ্জ পোস্ট কোড,Serajdi Khan,safe_candidate
Dhaka,Munshiganj,Sirajdikhan,B Moddhapara,,https://bdpost.gov.bd/pages/static-pages/6922dcdc933eb65569e126fa,মুন্সিগঞ্জ পোস্ট কোড,Serajdi Khan,safe_candidate
Dhaka,Munshiganj,Sirajdikhan,Brojenhati,,https://bdpost.gov.bd/pages/static-pages/6922dcdc933eb65569e126fa,মুন্সিগঞ্জ পোস্ট কোড,Serajdi Khan,safe_candidate
Dhaka,Munshiganj,Sirajdikhan,Chandandol,,https://bdpost.gov.bd/pages/static-pages/6922dcdc933eb65569e126fa,মুন্সিগঞ্জ পোস্ট কোড,Serajdi Khan,safe_candidate
Dhaka,Munshiganj,Sirajdikhan,Chitracoat,,https://bdpost.gov.bd/pages/static-pages/6922dcdc933eb65569e126fa,মুন্সিগঞ্জ পোস্ট কোড,Serajdi Khan,safe_candidate
Dhaka,Munshiganj,Sirajdikhan,Ichapur SO,1542,https://bdpost.gov.bd/pages/static-pages/6922dcdc933eb65569e126fa,মুন্সিগঞ্জ পোস্ট কোড,Serajdi Khan,safe_candidate
Dhaka,Munshiganj,Sirajdikhan,Jainashar,,https://bdpost.gov.bd/pages/static-pages/6922dcdc933eb65569e126fa,মুন্সিগঞ্জ পোস্ট কোড,Serajdi Khan,safe_candidate
Dhaka,Munshiganj,Sirajdikhan,Jazpur,,https://bdpost.gov.bd/pages/static-pages/6922dcdc933eb65569e126fa,মুন্সিগঞ্জ পোস্ট কোড,Serajdi Khan,safe_candidate
Dhaka,Munshiganj,Sirajdikhan,Khasmohal Balurchar,,https://bdpost.gov.bd/pages/static-pages/6922dcdc933eb65569e126fa,মুন্সিগঞ্জ পোস্ট কোড,Serajdi Khan,safe_candidate
Dhaka,Munshiganj,Sirajdikhan,Kochiamora,,https://bdpost.gov.bd/pages/static-pages/6922dcdc933eb65569e126fa,মুন্সিগঞ্জ পোস্ট কোড,Serajdi Khan,safe_candidate
Dhaka,Munshiganj,Sirajdikhan,Kola SO,1541,https://bdpost.gov.bd/pages/static-pages/6922dcdc933eb65569e126fa,মুন্সিগঞ্জ পোস্ট কোড,Serajdi Khan,safe_candidate
Dhaka,Munshiganj,Sirajdikhan,Kusumpur,,https://bdpost.gov.bd/pages/static-pages/6922dcdc933eb65569e126fa,মুন্সিগঞ্জ পোস্ট কোড,Serajdi Khan,safe_candidate
Dhaka,Munshiganj,Sirajdikhan,Latobdi,,https://bdpost.gov.bd/pages/static-pages/6922dcdc933eb65569e126fa,মুন্সিগঞ্জ পোস্ট কোড,Serajdi Khan,safe_candidate
Dhaka,Munshiganj,Sirajdikhan,Malkhanagar SO,1543,https://bdpost.gov.bd/pages/static-pages/6922dcdc933eb65569e126fa,মুন্সিগঞ্জ পোস্ট কোড,Serajdi Khan,safe_candidate
Dhaka,Munshiganj,Sirajdikhan,Malpadia,,https://bdpost.gov.bd/pages/static-pages/6922dcdc933eb65569e126fa,মুন্সিগঞ্জ পোস্ট কোড,Serajdi Khan,safe_candidate
Dhaka,Munshiganj,Sirajdikhan,Paoldia,,https://bdpost.gov.bd/pages/static-pages/6922dcdc933eb65569e126fa,মুন্সিগঞ্জ পোস্ট কোড,Serajdi Khan,safe_candidate
Dhaka,Munshiganj,Sirajdikhan,Pawshar,,https://bdpost.gov.bd/pages/static-pages/6922dcdc933eb65569e126fa,মুন্সিগঞ্জ পোস্ট কোড,Serajdi Khan,safe_candidate
Dhaka,Munshiganj,Sirajdikhan,Rajanagar,,https://bdpost.gov.bd/pages/static-pages/6922dcdc933eb65569e126fa,মুন্সিগঞ্জ পোস্ট কোড,Serajdi Khan,safe_candidate
Dhaka,Munshiganj,Sirajdikhan,Ramkrishnadi,,https://bdpost.gov.bd/pages/static-pages/6922dcdc933eb65569e126fa,মুন্সিগঞ্জ পোস্ট কোড,Serajdi Khan,safe_candidate
Dhaka,Munshiganj,Sirajdikhan,Rasunia,,https://bdpost.gov.bd/pages/static-pages/6922dcdc933eb65569e126fa,মুন্সিগঞ্জ পোস্ট কোড,Serajdi Khan,safe_candidate
Dhaka,Munshiganj,Sirajdikhan,Razdia,,https://bdpost.gov.bd/pages/static-pages/6922dcdc933eb65569e126fa,মুন্সিগঞ্জ পোস্ট কোড,Serajdi Khan,safe_candidate
Dhaka,Munshiganj,Sirajdikhan,Sayedpur,,https://bdpost.gov.bd/pages/static-pages/6922dcdc933eb65569e126fa,মুন্সিগঞ্জ পোস্ট কোড,Serajdi Khan,safe_candidate
Dhaka,Munshiganj,Sirajdikhan,Serajdi Khan UPO,1540,https://bdpost.gov.bd/pages/static-pages/6922dcdc933eb65569e126fa,মুন্সিগঞ্জ পোস্ট কোড,Serajdi Khan,safe_candidate
Dhaka,Munshiganj,Sirajdikhan,Shekher Nagar SO,1544,https://bdpost.gov.bd/pages/static-pages/6922dcdc933eb65569e126fa,মুন্সিগঞ্জ পোস্ট কোড,Serajdi Khan,safe_candidate
Dhaka,Munshiganj,Sirajdikhan,Shialdi,,https://bdpost.gov.bd/pages/static-pages/6922dcdc933eb65569e126fa,মুন্সিগঞ্জ পোস্ট কোড,Serajdi Khan,safe_candidate
Dhaka,Munshiganj,Sirajdikhan,Shimulia,,https://bdpost.gov.bd/pages/static-pages/6922dcdc933eb65569e126fa,মুন্সিগঞ্জ পোস্ট কোড,Serajdi Khan,safe_candidate
Dhaka,Munshiganj,Sirajdikhan,Sikarpur Nimtola,,https://bdpost.gov.bd/pages/static-pages/6922dcdc933eb65569e126fa,মুন্সিগঞ্জ পোস্ট কোড,Serajdi Khan,safe_candidate
Dhaka,Munshiganj,Sirajdikhan,Tolbasail,,https://bdpost.gov.bd/pages/static-pages/6922dcdc933eb65569e126fa,মুন্সিগঞ্জ পোস্ট কোড,Serajdi Khan,safe_candidate
Dhaka,Munshiganj,Sreenagar,Atpara,,https://bdpost.gov.bd/pages/static-pages/6922dcdc933eb65569e126fa,মুন্সিগঞ্জ পোস্ট কোড,Sreenagar,exact
Dhaka,Munshiganj,Sreenagar,Baghra,,https://bdpost.gov.bd/pages/static-pages/6922dcdc933eb65569e126fa,মুন্সিগঞ্জ পোস্ট কোড,Sreenagar,exact
Dhaka,Munshiganj,Sreenagar,Barikhal EDSO,1551,https://bdpost.gov.bd/pages/static-pages/6922dcdc933eb65569e126fa,মুন্সিগঞ্জ পোস্ট কোড,Sreenagar,exact
Dhaka,Munshiganj,Sreenagar,Baroikhali,,https://bdpost.gov.bd/pages/static-pages/6922dcdc933eb65569e126fa,মুন্সিগঞ্জ পোস্ট কোড,Sreenagar,exact
Dhaka,Munshiganj,Sreenagar,Bhagra EDSO,1557,https://bdpost.gov.bd/pages/static-pages/6922dcdc933eb65569e126fa,মুন্সিগঞ্জ পোস্ট কোড,Sreenagar,exact
Dhaka,Munshiganj,Sreenagar,Damla,,https://bdpost.gov.bd/pages/static-pages/6922dcdc933eb65569e126fa,মুন্সিগঞ্জ পোস্ট কোড,Sreenagar,exact
Dhaka,Munshiganj,Sreenagar,Dogachi,,https://bdpost.gov.bd/pages/static-pages/6922dcdc933eb65569e126fa,মুন্সিগঞ্জ পোস্ট কোড,Sreenagar,exact
Dhaka,Munshiganj,Sreenagar,Dokkhin Paiksha,,https://bdpost.gov.bd/pages/static-pages/6922dcdc933eb65569e126fa,মুন্সিগঞ্জ পোস্ট কোড,Sreenagar,exact
Dhaka,Munshiganj,Sreenagar,Gadighat,,https://bdpost.gov.bd/pages/static-pages/6922dcdc933eb65569e126fa,মুন্সিগঞ্জ পোস্ট কোড,Sreenagar,exact
Dhaka,Munshiganj,Sreenagar,Hashara SO,1553,https://bdpost.gov.bd/pages/static-pages/6922dcdc933eb65569e126fa,মুন্সিগঞ্জ পোস্ট কোড,Sreenagar,exact
Dhaka,Munshiganj,Sreenagar,Kamargaon,,https://bdpost.gov.bd/pages/static-pages/6922dcdc933eb65569e126fa,মুন্সিগঞ্জ পোস্ট কোড,Sreenagar,exact
Dhaka,Munshiganj,Sreenagar,Katiapara,,https://bdpost.gov.bd/pages/static-pages/6922dcdc933eb65569e126fa,মুন্সিগঞ্জ পোস্ট কোড,Sreenagar,exact
Dhaka,Munshiganj,Sreenagar,Kazir Pagla,,https://bdpost.gov.bd/pages/static-pages/6922dcdc933eb65569e126fa,মুন্সিগঞ্জ পোস্ট কোড,Sreenagar,exact
Dhaka,Munshiganj,Sreenagar,Kolapara,,https://bdpost.gov.bd/pages/static-pages/6922dcdc933eb65569e126fa,মুন্সিগঞ্জ পোস্ট কোড,Sreenagar,exact
Dhaka,Munshiganj,Sreenagar,Kolapara Bazar EDSO,1554,https://bdpost.gov.bd/pages/static-pages/6922dcdc933eb65569e126fa,মুন্সিগঞ্জ পোস্ট কোড,Sreenagar,exact
Dhaka,Munshiganj,Sreenagar,Koykirton,,https://bdpost.gov.bd/pages/static-pages/6922dcdc933eb65569e126fa,মুন্সিগঞ্জ পোস্ট কোড,Sreenagar,exact
Dhaka,Munshiganj,Sreenagar,Kumarbhog EDSO,1555,https://bdpost.gov.bd/pages/static-pages/6922dcdc933eb65569e126fa,মুন্সিগঞ্জ পোস্ট কোড,Sreenagar,exact
Dhaka,Munshiganj,Sreenagar,Maijpara,,https://bdpost.gov.bd/pages/static-pages/6922dcdc933eb65569e126fa,মুন্সিগঞ্জ পোস্ট কোড,Sreenagar,exact
Dhaka,Munshiganj,Sreenagar,Majpara EDSO,1552,https://bdpost.gov.bd/pages/static-pages/6922dcdc933eb65569e126fa,মুন্সিগঞ্জ পোস্ট কোড,Sreenagar,exact
Dhaka,Munshiganj,Sreenagar,Mojidpur,,https://bdpost.gov.bd/pages/static-pages/6922dcdc933eb65569e126fa,মুন্সিগঞ্জ পোস্ট কোড,Sreenagar,exact
Dhaka,Munshiganj,Sreenagar,Purbo Deovogh,,https://bdpost.gov.bd/pages/static-pages/6922dcdc933eb65569e126fa,মুন্সিগঞ্জ পোস্ট কোড,Sreenagar,exact
Dhaka,Munshiganj,Sreenagar,Rarikhal,,https://bdpost.gov.bd/pages/static-pages/6922dcdc933eb65569e126fa,মুন্সিগঞ্জ পোস্ট কোড,Sreenagar,exact
Dhaka,Munshiganj,Sreenagar,Rushdi,,https://bdpost.gov.bd/pages/static-pages/6922dcdc933eb65569e126fa,মুন্সিগঞ্জ পোস্ট কোড,Sreenagar,exact
Dhaka,Munshiganj,Sreenagar,Solaghar,,https://bdpost.gov.bd/pages/static-pages/6922dcdc933eb65569e126fa,মুন্সিগঞ্জ পোস্ট কোড,Sreenagar,exact
Dhaka,Munshiganj,Sreenagar,Sreenagar UPO,1550,https://bdpost.gov.bd/pages/static-pages/6922dcdc933eb65569e126fa,মুন্সিগঞ্জ পোস্ট কোড,Sreenagar,exact
Dhaka,Munshiganj,Sreenagar,Tantar,,https://bdpost.gov.bd/pages/static-pages/6922dcdc933eb65569e126fa,মুন্সিগঞ্জ পোস্ট কোড,Sreenagar,exact
Dhaka,Munshiganj,Sreenagar,Uttar Raypura,,https://bdpost.gov.bd/pages/static-pages/6922dcdc933eb65569e126fa,মুন্সিগঞ্জ পোস্ট কোড,Sreenagar,exact
Dhaka,Munshiganj,Sreenagar,Vagyakul SO,1556,https://bdpost.gov.bd/pages/static-pages/6922dcdc933eb65569e126fa,মুন্সিগঞ্জ পোস্ট কোড,Sreenagar,exact
Dhaka,Munshiganj,Tongibari,Abdullapur,,https://bdpost.gov.bd/pages/static-pages/6922dcdc933eb65569e126fa,মুন্সিগঞ্জ পোস্ট কোড,Tongibari,exact
Dhaka,Munshiganj,Tongibari,Aldi Bazar,,https://bdpost.gov.bd/pages/static-pages/6922dcdc933eb65569e126fa,মুন্সিগঞ্জ পোস্ট কোড,Tongibari,exact
Dhaka,Munshiganj,Tongibari,Ariol,,https://bdpost.gov.bd/pages/static-pages/6922dcdc933eb65569e126fa,মুন্সিগঞ্জ পোস্ট কোড,Tongibari,exact
Dhaka,Munshiganj,Tongibari,B Paikpara,,https://bdpost.gov.bd/pages/static-pages/6922dcdc933eb65569e126fa,মুন্সিগঞ্জ পোস্ট কোড,Tongibari,exact
Dhaka,Munshiganj,Tongibari,Bagia,,https://bdpost.gov.bd/pages/static-pages/6922dcdc933eb65569e126fa,মুন্সিগঞ্জ পোস্ট কোড,Tongibari,exact
Dhaka,Munshiganj,Tongibari,Baligaon,,https://bdpost.gov.bd/pages/static-pages/6922dcdc933eb65569e126fa,মুন্সিগঞ্জ পোস্ট কোড,Tongibari,exact
Dhaka,Munshiganj,Tongibari,Baligaon EDSO,1522,https://bdpost.gov.bd/pages/static-pages/6922dcdc933eb65569e126fa,মুন্সিগঞ্জ পোস্ট কোড,Tongibari,exact
Dhaka,Munshiganj,Tongibari,Baloi,,https://bdpost.gov.bd/pages/static-pages/6922dcdc933eb65569e126fa,মুন্সিগঞ্জ পোস্ট কোড,Tongibari,exact
Dhaka,Munshiganj,Tongibari,Banari,,https://bdpost.gov.bd/pages/static-pages/6922dcdc933eb65569e126fa,মুন্সিগঞ্জ পোস্ট কোড,Tongibari,exact
Dhaka,Munshiganj,Tongibari,Bazragugini EDSO,1523,https://bdpost.gov.bd/pages/static-pages/6922dcdc933eb65569e126fa,মুন্সিগঞ্জ পোস্ট কোড,Tongibari,exact
Dhaka,Munshiganj,Tongibari,Betkahat SO,1521,https://bdpost.gov.bd/pages/static-pages/6922dcdc933eb65569e126fa,মুন্সিগঞ্জ পোস্ট কোড,Tongibari,exact
Dhaka,Munshiganj,Tongibari,Dheepur,,https://bdpost.gov.bd/pages/static-pages/6922dcdc933eb65569e126fa,মুন্সিগঞ্জ পোস্ট কোড,Tongibari,exact
Dhaka,Munshiganj,Tongibari,Digarpar SO,1525,https://bdpost.gov.bd/pages/static-pages/6922dcdc933eb65569e126fa,মুন্সিগঞ্জ পোস্ট কোড,Tongibari,exact
Dhaka,Munshiganj,Tongibari,Hasail,,https://bdpost.gov.bd/pages/static-pages/6922dcdc933eb65569e126fa,মুন্সিগঞ্জ পোস্ট কোড,Tongibari,exact
Dhaka,Munshiganj,Tongibari,Hasail EDSO,1524,https://bdpost.gov.bd/pages/static-pages/6922dcdc933eb65569e126fa,মুন্সিগঞ্জ পোস্ট কোড,Tongibari,exact
Dhaka,Munshiganj,Tongibari,Hatkan,,https://bdpost.gov.bd/pages/static-pages/6922dcdc933eb65569e126fa,মুন্সিগঞ্জ পোস্ট কোড,Tongibari,exact
Dhaka,Munshiganj,Tongibari,Jashlong,,https://bdpost.gov.bd/pages/static-pages/6922dcdc933eb65569e126fa,মুন্সিগঞ্জ পোস্ট কোড,Tongibari,exact
Dhaka,Munshiganj,Tongibari,Kaichail,,https://bdpost.gov.bd/pages/static-pages/6922dcdc933eb65569e126fa,মুন্সিগঞ্জ পোস্ট কোড,Tongibari,exact
Dhaka,Munshiganj,Tongibari,Molchar,,https://bdpost.gov.bd/pages/static-pages/6922dcdc933eb65569e126fa,মুন্সিগঞ্জ পোস্ট কোড,Tongibari,exact
Dhaka,Munshiganj,Tongibari,Nasongkar,,https://bdpost.gov.bd/pages/static-pages/6922dcdc933eb65569e126fa,মুন্সিগঞ্জ পোস্ট কোড,Tongibari,exact
Dhaka,Munshiganj,Tongibari,Outshahi,,https://bdpost.gov.bd/pages/static-pages/6922dcdc933eb65569e126fa,মুন্সিগঞ্জ পোস্ট কোড,Tongibari,exact
Dhaka,Munshiganj,Tongibari,Pachgaon,,https://bdpost.gov.bd/pages/static-pages/6922dcdc933eb65569e126fa,মুন্সিগঞ্জ পোস্ট কোড,Tongibari,exact
Dhaka,Munshiganj,Tongibari,Porapara,,https://bdpost.gov.bd/pages/static-pages/6922dcdc933eb65569e126fa,মুন্সিগঞ্জ পোস্ট কোড,Tongibari,exact
Dhaka,Munshiganj,Tongibari,Pura,,https://bdpost.gov.bd/pages/static-pages/6922dcdc933eb65569e126fa,মুন্সিগঞ্জ পোস্ট কোড,Tongibari,exact
Dhaka,Munshiganj,Tongibari,Pura EDSO,1527,https://bdpost.gov.bd/pages/static-pages/6922dcdc933eb65569e126fa,মুন্সিগঞ্জ পোস্ট কোড,Tongibari,exact
Dhaka,Munshiganj,Tongibari,Rahimganj,,https://bdpost.gov.bd/pages/static-pages/6922dcdc933eb65569e126fa,মুন্সিগঞ্জ পোস্ট কোড,Tongibari,exact
Dhaka,Munshiganj,Tongibari,Rawothvogh,,https://bdpost.gov.bd/pages/static-pages/6922dcdc933eb65569e126fa,মুন্সিগঞ্জ পোস্ট কোড,Tongibari,exact
Dhaka,Munshiganj,Tongibari,Sonarong,,https://bdpost.gov.bd/pages/static-pages/6922dcdc933eb65569e126fa,মুন্সিগঞ্জ পোস্ট কোড,Tongibari,exact
Dhaka,Munshiganj,Tongibari,Sornagram,,https://bdpost.gov.bd/pages/static-pages/6922dcdc933eb65569e126fa,মুন্সিগঞ্জ পোস্ট কোড,Tongibari,exact
Dhaka,Munshiganj,Tongibari,Tongibari UPO,1520,https://bdpost.gov.bd/pages/static-pages/6922dcdc933eb65569e126fa,মুন্সিগঞ্জ পোস্ট কোড,Tongibari,exact
Dhaka,Narayanganj,Araihazar,Arhaihazar UPO,1450,https://bdpost.gov.bd/pages/static-pages/6922de5c933eb65569e1a1c1,নারায়নগঞ্জ পোস্ট কোড,Arhaihazar,safe_candidate
Dhaka,Narayanganj,Araihazar,Chaitonnokanda,,https://bdpost.gov.bd/pages/static-pages/6922de5c933eb65569e1a1c1,নারায়নগঞ্জ পোস্ট কোড,Arhaihazar,safe_candidate
Dhaka,Narayanganj,Araihazar,Chardigaldi,,https://bdpost.gov.bd/pages/static-pages/6922de5c933eb65569e1a1c1,নারায়নগঞ্জ পোস্ট কোড,Arhaihazar,safe_candidate
Dhaka,Narayanganj,Araihazar,Dhuptara,,https://bdpost.gov.bd/pages/static-pages/6922de5c933eb65569e1a1c1,নারায়নগঞ্জ পোস্ট কোড,Arhaihazar,safe_candidate
Dhaka,Narayanganj,Araihazar,Fausha,,https://bdpost.gov.bd/pages/static-pages/6922de5c933eb65569e1a1c1,নারায়নগঞ্জ পোস্ট কোড,Arhaihazar,safe_candidate
Dhaka,Narayanganj,Araihazar,Gopadi SO,1451,https://bdpost.gov.bd/pages/static-pages/6922de5c933eb65569e1a1c1,নারায়নগঞ্জ পোস্ট কোড,Arhaihazar,safe_candidate
Dhaka,Narayanganj,Araihazar,Hamshadi,,https://bdpost.gov.bd/pages/static-pages/6922de5c933eb65569e1a1c1,নারায়নগঞ্জ পোস্ট কোড,Arhaihazar,safe_candidate
Dhaka,Narayanganj,Araihazar,Kala Paharia,,https://bdpost.gov.bd/pages/static-pages/6922de5c933eb65569e1a1c1,নারায়নগঞ্জ পোস্ট কোড,Arhaihazar,safe_candidate
Dhaka,Narayanganj,Araihazar,Pachrukhi,,https://bdpost.gov.bd/pages/static-pages/6922de5c933eb65569e1a1c1,নারায়নগঞ্জ পোস্ট কোড,Arhaihazar,safe_candidate
Dhaka,Narayanganj,Araihazar,Sombupura,,https://bdpost.gov.bd/pages/static-pages/6922de5c933eb65569e1a1c1,নারায়নগঞ্জ পোস্ট কোড,Arhaihazar,safe_candidate
Dhaka,Narayanganj,Araihazar,Sreenibasdi,,https://bdpost.gov.bd/pages/static-pages/6922de5c933eb65569e1a1c1,নারায়নগঞ্জ পোস্ট কোড,Arhaihazar,safe_candidate
Dhaka,Narayanganj,Araihazar,Sultansadi,,https://bdpost.gov.bd/pages/static-pages/6922de5c933eb65569e1a1c1,নারায়নগঞ্জ পোস্ট কোড,Arhaihazar,safe_candidate
Dhaka,Narayanganj,Bandar,Bandar UPO,1410,https://bdpost.gov.bd/pages/static-pages/6922de5c933eb65569e1a1c1,নারায়নগঞ্জ পোস্ট কোড,Bandar,exact
Dhaka,Narayanganj,Bandar,BIDC SO,1413,https://bdpost.gov.bd/pages/static-pages/6922de5c933eb65569e1a1c1,নারায়নগঞ্জ পোস্ট কোড,Bandar,exact
Dhaka,Narayanganj,Bandar,DC Mills SO,1411,https://bdpost.gov.bd/pages/static-pages/6922de5c933eb65569e1a1c1,নারায়নগঞ্জ পোস্ট কোড,Bandar,exact
Dhaka,Narayanganj,Bandar,Madangonj SO,1414,https://bdpost.gov.bd/pages/static-pages/6922de5c933eb65569e1a1c1,নারায়নগঞ্জ পোস্ট কোড,Bandar,exact
Dhaka,Narayanganj,Bandar,Nabiganj,,https://bdpost.gov.bd/pages/static-pages/6922de5c933eb65569e1a1c1,নারায়নগঞ্জ পোস্ট কোড,Bandar,exact
Dhaka,Narayanganj,Bandar,Nabigonj EDSO,1412,https://bdpost.gov.bd/pages/static-pages/6922de5c933eb65569e1a1c1,নারায়নগঞ্জ পোস্ট কোড,Bandar,exact
Dhaka,Narayanganj,Bandar,Puran Bandar,,https://bdpost.gov.bd/pages/static-pages/6922de5c933eb65569e1a1c1,নারায়নগঞ্জ পোস্ট কোড,Bandar,exact
Dhaka,Narayanganj,Fotullah,Alirtek,,https://bdpost.gov.bd/pages/static-pages/6922de5c933eb65569e1a1c1,নারায়নগঞ্জ পোস্ট কোড,Fatulla,explicit_manual_alias
Dhaka,Narayanganj,Fotullah,Anayetnagar,,https://bdpost.gov.bd/pages/static-pages/6922de5c933eb65569e1a1c1,নারায়নগঞ্জ পোস্ট কোড,Fatulla,explicit_manual_alias
Dhaka,Narayanganj,Fotullah,Char Baktabali,,https://bdpost.gov.bd/pages/static-pages/6922de5c933eb65569e1a1c1,নারায়নগঞ্জ পোস্ট কোড,Fatulla,explicit_manual_alias
Dhaka,Narayanganj,Fotullah,Dapa Idrikpur,,https://bdpost.gov.bd/pages/static-pages/6922de5c933eb65569e1a1c1,নারায়নগঞ্জ পোস্ট কোড,Fatulla,explicit_manual_alias
Dhaka,Narayanganj,Fotullah,Fatulla Bazar SO,1421,https://bdpost.gov.bd/pages/static-pages/6922de5c933eb65569e1a1c1,নারায়নগঞ্জ পোস্ট কোড,Fatulla,explicit_manual_alias
Dhaka,Narayanganj,Fotullah,Fatulla UPO,1420,https://bdpost.gov.bd/pages/static-pages/6922de5c933eb65569e1a1c1,নারায়নগঞ্জ পোস্ট কোড,Fatulla,explicit_manual_alias
Dhaka,Narayanganj,Fotullah,Jalkuri,,https://bdpost.gov.bd/pages/static-pages/6922de5c933eb65569e1a1c1,নারায়নগঞ্জ পোস্ট কোড,Fatulla,explicit_manual_alias
Dhaka,Narayanganj,Fotullah,Kutubpur,,https://bdpost.gov.bd/pages/static-pages/6922de5c933eb65569e1a1c1,নারায়নগঞ্জ পোস্ট কোড,Fatulla,explicit_manual_alias
Dhaka,Narayanganj,Fotullah,Vuighar,,https://bdpost.gov.bd/pages/static-pages/6922de5c933eb65569e1a1c1,নারায়নগঞ্জ পোস্ট কোড,Fatulla,explicit_manual_alias
Dhaka,Narayanganj,Narayanganj Sadar,Barabo,,https://bdpost.gov.bd/pages/static-pages/6922de5c933eb65569e1a1c1,নারায়নগঞ্জ পোস্ট কোড,Sadar,safe_candidate
Dhaka,Narayanganj,Narayanganj Sadar,Barpara,,https://bdpost.gov.bd/pages/static-pages/6922de5c933eb65569e1a1c1,নারায়নগঞ্জ পোস্ট কোড,Sadar,safe_candidate
Dhaka,Narayanganj,Narayanganj Sadar,Hosenpur,,https://bdpost.gov.bd/pages/static-pages/6922de5c933eb65569e1a1c1,নারায়নগঞ্জ পোস্ট কোড,Sadar,safe_candidate
Dhaka,Narayanganj,Narayanganj Sadar,Lakkhankhola,,https://bdpost.gov.bd/pages/static-pages/6922de5c933eb65569e1a1c1,নারায়নগঞ্জ পোস্ট কোড,Sadar,safe_candidate
Dhaka,Narayanganj,Narayanganj Sadar,Madanpur,,https://bdpost.gov.bd/pages/static-pages/6922de5c933eb65569e1a1c1,নারায়নগঞ্জ পোস্ট কোড,Sadar,safe_candidate
Dhaka,Narayanganj,Narayanganj Sadar,Mogolergaon,,https://bdpost.gov.bd/pages/static-pages/6922de5c933eb65569e1a1c1,নারায়নগঞ্জ পোস্ট কোড,Sadar,safe_candidate
Dhaka,Narayanganj,Narayanganj Sadar,Monarbari,,https://bdpost.gov.bd/pages/static-pages/6922de5c933eb65569e1a1c1,নারায়নগঞ্জ পোস্ট কোড,Sadar,safe_candidate
Dhaka,Narayanganj,Narayanganj Sadar,Narayangonj HO,1400,https://bdpost.gov.bd/pages/static-pages/6922de5c933eb65569e1a1c1,নারায়নগঞ্জ পোস্ট কোড,Sadar,safe_candidate
Dhaka,Narayanganj,Narayanganj Sadar,Sabdibazar,,https://bdpost.gov.bd/pages/static-pages/6922de5c933eb65569e1a1c1,নারায়নগঞ্জ পোস্ট কোড,Sadar,safe_candidate
Dhaka,Narayanganj,Rupganj,Baliapara,,https://bdpost.gov.bd/pages/static-pages/6922de5c933eb65569e1a1c1,নারায়নগঞ্জ পোস্ট কোড,Rupgonj,second_pass_audited
Dhaka,Narayanganj,Rupganj,Bhulta SO,1462,https://bdpost.gov.bd/pages/static-pages/6922de5c933eb65569e1a1c1,নারায়নগঞ্জ পোস্ট কোড,Rupgonj,second_pass_audited
Dhaka,Narayanganj,Rupganj,Brahammonkhali,,https://bdpost.gov.bd/pages/static-pages/6922de5c933eb65569e1a1c1,নারায়নগঞ্জ পোস্ট কোড,Rupgonj,second_pass_audited
Dhaka,Narayanganj,Rupganj,Gobindapur,,https://bdpost.gov.bd/pages/static-pages/6922de5c933eb65569e1a1c1,নারায়নগঞ্জ পোস্ট কোড,Rupgonj,second_pass_audited
Dhaka,Narayanganj,Rupganj,Kanchen SO,1461,https://bdpost.gov.bd/pages/static-pages/6922de5c933eb65569e1a1c1,নারায়নগঞ্জ পোস্ট কোড,Rupgonj,second_pass_audited
Dhaka,Narayanganj,Rupganj,Masumabad,,https://bdpost.gov.bd/pages/static-pages/6922de5c933eb65569e1a1c1,নারায়নগঞ্জ পোস্ট কোড,Rupgonj,second_pass_audited
Dhaka,Narayanganj,Rupganj,Murapara SO,1464,https://bdpost.gov.bd/pages/static-pages/6922de5c933eb65569e1a1c1,নারায়নগঞ্জ পোস্ট কোড,Rupgonj,second_pass_audited
Dhaka,Narayanganj,Rupganj,Nagari EDSO,1463,https://bdpost.gov.bd/pages/static-pages/6922de5c933eb65569e1a1c1,নারায়নগঞ্জ পোস্ট কোড,Rupgonj,second_pass_audited
Dhaka,Narayanganj,Rupganj,Nagarpara,,https://bdpost.gov.bd/pages/static-pages/6922de5c933eb65569e1a1c1,নারায়নগঞ্জ পোস্ট কোড,Rupgonj,second_pass_audited
Dhaka,Narayanganj,Rupganj,Parshinagar,,https://bdpost.gov.bd/pages/static-pages/6922de5c933eb65569e1a1c1,নারায়নগঞ্জ পোস্ট কোড,Rupgonj,second_pass_audited
Dhaka,Narayanganj,Rupganj,Perabo,,https://bdpost.gov.bd/pages/static-pages/6922de5c933eb65569e1a1c1,নারায়নগঞ্জ পোস্ট কোড,Rupgonj,second_pass_audited
Dhaka,Narayanganj,Rupganj,Rupgonj UPO,1460,https://bdpost.gov.bd/pages/static-pages/6922de5c933eb65569e1a1c1,নারায়নগঞ্জ পোস্ট কোড,Rupgonj,second_pass_audited
Dhaka,Narayanganj,Rupganj,Rupshi,,https://bdpost.gov.bd/pages/static-pages/6922de5c933eb65569e1a1c1,নারায়নগঞ্জ পোস্ট কোড,Rupgonj,second_pass_audited
Dhaka,Narayanganj,Rupganj,Vulta,,https://bdpost.gov.bd/pages/static-pages/6922de5c933eb65569e1a1c1,নারায়নগঞ্জ পোস্ট কোড,Rupgonj,second_pass_audited
Dhaka,Narayanganj,Siddhirganj,Adamjeenagar SO,1431,https://bdpost.gov.bd/pages/static-pages/6922de5c933eb65569e1a1c1,নারায়নগঞ্জ পোস্ট কোড,Siddirgonj,second_pass_audited
Dhaka,Narayanganj,Siddhirganj,Kachpur,,https://bdpost.gov.bd/pages/static-pages/6922de5c933eb65569e1a1c1,নারায়নগঞ্জ পোস্ট কোড,Siddirgonj,second_pass_audited
Dhaka,Narayanganj,Siddhirganj,LN Mills SO,1432,https://bdpost.gov.bd/pages/static-pages/6922de5c933eb65569e1a1c1,নারায়নগঞ্জ পোস্ট কোড,Siddirgonj,second_pass_audited
Dhaka,Narayanganj,Siddhirganj,Mizmizi,,https://bdpost.gov.bd/pages/static-pages/6922de5c933eb65569e1a1c1,নারায়নগঞ্জ পোস্ট কোড,Siddirgonj,second_pass_audited
Dhaka,Narayanganj,Siddhirganj,Siddirgonj Bazar,,https://bdpost.gov.bd/pages/static-pages/6922de5c933eb65569e1a1c1,নারায়নগঞ্জ পোস্ট কোড,Siddirgonj,second_pass_audited
Dhaka,Narayanganj,Siddhirganj,Siddirgonj Power Station UPO,1430,https://bdpost.gov.bd/pages/static-pages/6922de5c933eb65569e1a1c1,নারায়নগঞ্জ পোস্ট কোড,Siddirgonj,second_pass_audited
Dhaka,Narayanganj,Sonargaon,Alipura,,https://bdpost.gov.bd/pages/static-pages/6922de5c933eb65569e1a1c1,নারায়নগঞ্জ পোস্ট কোড,Sonargaon,exact
Dhaka,Narayanganj,Sonargaon,Aminpur,,https://bdpost.gov.bd/pages/static-pages/6922de5c933eb65569e1a1c1,নারায়নগঞ্জ পোস্ট কোড,Sonargaon,exact
Dhaka,Narayanganj,Sonargaon,Ananda Bazar,,https://bdpost.gov.bd/pages/static-pages/6922de5c933eb65569e1a1c1,নারায়নগঞ্জ পোস্ট কোড,Sonargaon,exact
Dhaka,Narayanganj,Sonargaon,Bangla Bazar,,https://bdpost.gov.bd/pages/static-pages/6922de5c933eb65569e1a1c1,নারায়নগঞ্জ পোস্ট কোড,Sonargaon,exact
Dhaka,Narayanganj,Sonargaon,Bara Nagar EDSO,1441,https://bdpost.gov.bd/pages/static-pages/6922de5c933eb65569e1a1c1,নারায়নগঞ্জ পোস্ট কোড,Sonargaon,exact
Dhaka,Narayanganj,Sonargaon,Bardi,,https://bdpost.gov.bd/pages/static-pages/6922de5c933eb65569e1a1c1,নারায়নগঞ্জ পোস্ট কোড,Sonargaon,exact
Dhaka,Narayanganj,Sonargaon,Baronagar,,https://bdpost.gov.bd/pages/static-pages/6922de5c933eb65569e1a1c1,নারায়নগঞ্জ পোস্ট কোড,Sonargaon,exact
Dhaka,Narayanganj,Sonargaon,Bradi SO,1442,https://bdpost.gov.bd/pages/static-pages/6922de5c933eb65569e1a1c1,নারায়নগঞ্জ পোস্ট কোড,Sonargaon,exact
Dhaka,Narayanganj,Sonargaon,Dhandi Bazar,,https://bdpost.gov.bd/pages/static-pages/6922de5c933eb65569e1a1c1,নারায়নগঞ্জ পোস্ট কোড,Sonargaon,exact
Dhaka,Narayanganj,Sonargaon,Highshadi,,https://bdpost.gov.bd/pages/static-pages/6922de5c933eb65569e1a1c1,নারায়নগঞ্জ পোস্ট কোড,Sonargaon,exact
Dhaka,Narayanganj,Sonargaon,Kasem Nagar,,https://bdpost.gov.bd/pages/static-pages/6922de5c933eb65569e1a1c1,নারায়নগঞ্জ পোস্ট কোড,Sonargaon,exact
Dhaka,Narayanganj,Sonargaon,Lakshibardi,,https://bdpost.gov.bd/pages/static-pages/6922de5c933eb65569e1a1c1,নারায়নগঞ্জ পোস্ট কোড,Sonargaon,exact
Dhaka,Narayanganj,Sonargaon,Mohajampur,,https://bdpost.gov.bd/pages/static-pages/6922de5c933eb65569e1a1c1,নারায়নগঞ্জ পোস্ট কোড,Sonargaon,exact
Dhaka,Narayanganj,Sonargaon,Nayanabad,,https://bdpost.gov.bd/pages/static-pages/6922de5c933eb65569e1a1c1,নারায়নগঞ্জ পোস্ট কোড,Sonargaon,exact
Dhaka,Narayanganj,Sonargaon,New Town,,https://bdpost.gov.bd/pages/static-pages/6922de5c933eb65569e1a1c1,নারায়নগঞ্জ পোস্ট কোড,Sonargaon,exact
Dhaka,Narayanganj,Sonargaon,Saheb Bazar,,https://bdpost.gov.bd/pages/static-pages/6922de5c933eb65569e1a1c1,নারায়নগঞ্জ পোস্ট কোড,Sonargaon,exact
Dhaka,Narayanganj,Sonargaon,Samomandi,,https://bdpost.gov.bd/pages/static-pages/6922de5c933eb65569e1a1c1,নারায়নগঞ্জ পোস্ট কোড,Sonargaon,exact
Dhaka,Narayanganj,Sonargaon,Sonargaon UPO,1440,https://bdpost.gov.bd/pages/static-pages/6922de5c933eb65569e1a1c1,নারায়নগঞ্জ পোস্ট কোড,Sonargaon,exact
Dhaka,Narsingdi,Belabo,Amlabo,,https://bdpost.gov.bd/pages/static-pages/6922df53933eb65569e213b9,নরসিংদী পোস্ট কোড,Belabo,exact
Dhaka,Narsingdi,Belabo,Aouliakanda,,https://bdpost.gov.bd/pages/static-pages/6922df53933eb65569e213b9,নরসিংদী পোস্ট কোড,Belabo,exact
Dhaka,Narsingdi,Belabo,Belabo UPO,1640,https://bdpost.gov.bd/pages/static-pages/6922df53933eb65569e213b9,নরসিংদী পোস্ট কোড,Belabo,exact
Dhaka,Narsingdi,Belabo,Binnabaid,,https://bdpost.gov.bd/pages/static-pages/6922df53933eb65569e213b9,নরসিংদী পোস্ট কোড,Belabo,exact
Dhaka,Narsingdi,Belabo,Boteswar,,https://bdpost.gov.bd/pages/static-pages/6922df53933eb65569e213b9,নরসিংদী পোস্ট কোড,Belabo,exact
Dhaka,Narsingdi,Belabo,Chandanpur,,https://bdpost.gov.bd/pages/static-pages/6922df53933eb65569e213b9,নরসিংদী পোস্ট কোড,Belabo,exact
Dhaka,Narsingdi,Belabo,Char Kashimnagar,,https://bdpost.gov.bd/pages/static-pages/6922df53933eb65569e213b9,নরসিংদী পোস্ট কোড,Belabo,exact
Dhaka,Narsingdi,Belabo,Dewanerchar,,https://bdpost.gov.bd/pages/static-pages/6922df53933eb65569e213b9,নরসিংদী পোস্ট কোড,Belabo,exact
Dhaka,Narsingdi,Belabo,Dholipara,,https://bdpost.gov.bd/pages/static-pages/6922df53933eb65569e213b9,নরসিংদী পোস্ট কোড,Belabo,exact
Dhaka,Narsingdi,Belabo,Dokkhin Lakhpur,,https://bdpost.gov.bd/pages/static-pages/6922df53933eb65569e213b9,নরসিংদী পোস্ট কোড,Belabo,exact
Dhaka,Narsingdi,Belabo,Dulalkandi,,https://bdpost.gov.bd/pages/static-pages/6922df53933eb65569e213b9,নরসিংদী পোস্ট কোড,Belabo,exact
Dhaka,Narsingdi,Belabo,Hosennagar,,https://bdpost.gov.bd/pages/static-pages/6922df53933eb65569e213b9,নরসিংদী পোস্ট কোড,Belabo,exact
Dhaka,Narsingdi,Belabo,Poradia,,https://bdpost.gov.bd/pages/static-pages/6922df53933eb65569e213b9,নরসিংদী পোস্ট কোড,Belabo,exact
Dhaka,Narsingdi,Belabo,Ujilab,,https://bdpost.gov.bd/pages/static-pages/6922df53933eb65569e213b9,নরসিংদী পোস্ট কোড,Belabo,exact
Dhaka,Narsingdi,Belabo,Vabla,,https://bdpost.gov.bd/pages/static-pages/6922df53933eb65569e213b9,নরসিংদী পোস্ট কোড,Belabo,exact
Dhaka,Narsingdi,Belabo,Vaterchar,,https://bdpost.gov.bd/pages/static-pages/6922df53933eb65569e213b9,নরসিংদী পোস্ট কোড,Belabo,exact
Dhaka,Narsingdi,Monohardi,Alalpur,,https://bdpost.gov.bd/pages/static-pages/6922df53933eb65569e213b9,নরসিংদী পোস্ট কোড,Monohardi,exact
Dhaka,Narsingdi,Monohardi,Baghadi Chowrasta Bazar,,https://bdpost.gov.bd/pages/static-pages/6922df53933eb65569e213b9,নরসিংদী পোস্ট কোড,Monohardi,exact
Dhaka,Narsingdi,Monohardi,Bir Maijdiya,,https://bdpost.gov.bd/pages/static-pages/6922df53933eb65569e213b9,নরসিংদী পোস্ট কোড,Monohardi,exact
Dhaka,Narsingdi,Monohardi,Chalakchar,,https://bdpost.gov.bd/pages/static-pages/6922df53933eb65569e213b9,নরসিংদী পোস্ট কোড,Monohardi,exact
Dhaka,Narsingdi,Monohardi,Charmandaliya,,https://bdpost.gov.bd/pages/static-pages/6922df53933eb65569e213b9,নরসিংদী পোস্ট কোড,Monohardi,exact
Dhaka,Narsingdi,Monohardi,Chowrasta Mowlovibazar,,https://bdpost.gov.bd/pages/static-pages/6922df53933eb65569e213b9,নরসিংদী পোস্ট কোড,Monohardi,exact
Dhaka,Narsingdi,Monohardi,Chula,,https://bdpost.gov.bd/pages/static-pages/6922df53933eb65569e213b9,নরসিংদী পোস্ট কোড,Monohardi,exact
Dhaka,Narsingdi,Monohardi,Doulotpur,,https://bdpost.gov.bd/pages/static-pages/6922df53933eb65569e213b9,নরসিংদী পোস্ট কোড,Monohardi,exact
Dhaka,Narsingdi,Monohardi,Ekduriya,,https://bdpost.gov.bd/pages/static-pages/6922df53933eb65569e213b9,নরসিংদী পোস্ট কোড,Monohardi,exact
Dhaka,Narsingdi,Monohardi,Gotashhiya,,https://bdpost.gov.bd/pages/static-pages/6922df53933eb65569e213b9,নরসিংদী পোস্ট কোড,Monohardi,exact
Dhaka,Narsingdi,Monohardi,Hatirdia SO,1651,https://bdpost.gov.bd/pages/static-pages/6922df53933eb65569e213b9,নরসিংদী পোস্ট কোড,Monohardi,exact
Dhaka,Narsingdi,Monohardi,Katabaria SO,1652,https://bdpost.gov.bd/pages/static-pages/6922df53933eb65569e213b9,নরসিংদী পোস্ট কোড,Monohardi,exact
Dhaka,Narsingdi,Monohardi,Khifirpur,,https://bdpost.gov.bd/pages/static-pages/6922df53933eb65569e213b9,নরসিংদী পোস্ট কোড,Monohardi,exact
Dhaka,Narsingdi,Monohardi,Lebutola,,https://bdpost.gov.bd/pages/static-pages/6922df53933eb65569e213b9,নরসিংদী পোস্ট কোড,Monohardi,exact
Dhaka,Narsingdi,Monohardi,Monohardi UPO,1650,https://bdpost.gov.bd/pages/static-pages/6922df53933eb65569e213b9,নরসিংদী পোস্ট কোড,Monohardi,exact
Dhaka,Narsingdi,Monohardi,Narandi,,https://bdpost.gov.bd/pages/static-pages/6922df53933eb65569e213b9,নরসিংদী পোস্ট কোড,Monohardi,exact
Dhaka,Narsingdi,Monohardi,Norendropur,,https://bdpost.gov.bd/pages/static-pages/6922df53933eb65569e213b9,নরসিংদী পোস্ট কোড,Monohardi,exact
Dhaka,Narsingdi,Monohardi,Rampur,,https://bdpost.gov.bd/pages/static-pages/6922df53933eb65569e213b9,নরসিংদী পোস্ট কোড,Monohardi,exact
Dhaka,Narsingdi,Monohardi,Savardiya,,https://bdpost.gov.bd/pages/static-pages/6922df53933eb65569e213b9,নরসিংদী পোস্ট কোড,Monohardi,exact
Dhaka,Narsingdi,Monohardi,Shekhergaon,,https://bdpost.gov.bd/pages/static-pages/6922df53933eb65569e213b9,নরসিংদী পোস্ট কোড,Monohardi,exact
Dhaka,Narsingdi,Monohardi,Sukundi,,https://bdpost.gov.bd/pages/static-pages/6922df53933eb65569e213b9,নরসিংদী পোস্ট কোড,Monohardi,exact
Dhaka,Narsingdi,Monohardi,Tarakandi,,https://bdpost.gov.bd/pages/static-pages/6922df53933eb65569e213b9,নরসিংদী পোস্ট কোড,Monohardi,exact
Dhaka,Narsingdi,Monohardi,Uttor Noadiya,,https://bdpost.gov.bd/pages/static-pages/6922df53933eb65569e213b9,নরসিংদী পোস্ট কোড,Monohardi,exact
Dhaka,Narsingdi,Narsingdi Sadar,Amdiya,,https://bdpost.gov.bd/pages/static-pages/6922df53933eb65569e213b9,নরসিংদী পোস্ট কোড,Sadar,safe_candidate
Dhaka,Narsingdi,Narsingdi Sadar,Baghhat,,https://bdpost.gov.bd/pages/static-pages/6922df53933eb65569e213b9,নরসিংদী পোস্ট কোড,Sadar,safe_candidate
Dhaka,Narsingdi,Narsingdi Sadar,Balusair,,https://bdpost.gov.bd/pages/static-pages/6922df53933eb65569e213b9,নরসিংদী পোস্ট কোড,Sadar,safe_candidate
Dhaka,Narsingdi,Narsingdi Sadar,Chinbalapur,,https://bdpost.gov.bd/pages/static-pages/6922df53933eb65569e213b9,নরসিংদী পোস্ট কোড,Sadar,safe_candidate
Dhaka,Narsingdi,Narsingdi Sadar,Collectorate Bhabon,,https://bdpost.gov.bd/pages/static-pages/6922df53933eb65569e213b9,নরসিংদী পোস্ট কোড,Sadar,safe_candidate
Dhaka,Narsingdi,Narsingdi Sadar,Jameya E Kashemiya,,https://bdpost.gov.bd/pages/static-pages/6922df53933eb65569e213b9,নরসিংদী পোস্ট কোড,Sadar,safe_candidate
Dhaka,Narsingdi,Narsingdi Sadar,Karimpur,,https://bdpost.gov.bd/pages/static-pages/6922df53933eb65569e213b9,নরসিংদী পোস্ট কোড,Sadar,safe_candidate
Dhaka,Narsingdi,Narsingdi Sadar,Karimpur EDSO,1605,https://bdpost.gov.bd/pages/static-pages/6922df53933eb65569e213b9,নরসিংদী পোস্ট কোড,Sadar,safe_candidate
Dhaka,Narsingdi,Narsingdi Sadar,Kathalia,,https://bdpost.gov.bd/pages/static-pages/6922df53933eb65569e213b9,নরসিংদী পোস্ট কোড,Sadar,safe_candidate
Dhaka,Narsingdi,Narsingdi Sadar,M Pachgaon,,https://bdpost.gov.bd/pages/static-pages/6922df53933eb65569e213b9,নরসিংদী পোস্ট কোড,Sadar,safe_candidate
Dhaka,Narsingdi,Narsingdi Sadar,Madhabdi SO,1604,https://bdpost.gov.bd/pages/static-pages/6922df53933eb65569e213b9,নরসিংদী পোস্ট কোড,Sadar,safe_candidate
Dhaka,Narsingdi,Narsingdi Sadar,Meghna Bazar,,https://bdpost.gov.bd/pages/static-pages/6922df53933eb65569e213b9,নরসিংদী পোস্ট কোড,Sadar,safe_candidate
Dhaka,Narsingdi,Narsingdi Sadar,Najorpur,,https://bdpost.gov.bd/pages/static-pages/6922df53933eb65569e213b9,নরসিংদী পোস্ট কোড,Sadar,safe_candidate
Dhaka,Narsingdi,Narsingdi Sadar,Narsingdi College EDSO,1602,https://bdpost.gov.bd/pages/static-pages/6922df53933eb65569e213b9,নরসিংদী পোস্ট কোড,Sadar,safe_candidate
Dhaka,Narsingdi,Narsingdi Sadar,Narsingdi HO,1600,https://bdpost.gov.bd/pages/static-pages/6922df53933eb65569e213b9,নরসিংদী পোস্ট কোড,Sadar,safe_candidate
Dhaka,Narsingdi,Narsingdi Sadar,Nowagaon,,https://bdpost.gov.bd/pages/static-pages/6922df53933eb65569e213b9,নরসিংদী পোস্ট কোড,Sadar,safe_candidate
Dhaka,Narsingdi,Narsingdi Sadar,Noyapara,,https://bdpost.gov.bd/pages/static-pages/6922df53933eb65569e213b9,নরসিংদী পোস্ট কোড,Sadar,safe_candidate
Dhaka,Narsingdi,Narsingdi Sadar,Nuralapur,,https://bdpost.gov.bd/pages/static-pages/6922df53933eb65569e213b9,নরসিংদী পোস্ট কোড,Sadar,safe_candidate
Dhaka,Narsingdi,Narsingdi Sadar,Panchdona SO,1603,https://bdpost.gov.bd/pages/static-pages/6922df53933eb65569e213b9,নরসিংদী পোস্ট কোড,Sadar,safe_candidate
Dhaka,Narsingdi,Narsingdi Sadar,Panchoboti,,https://bdpost.gov.bd/pages/static-pages/6922df53933eb65569e213b9,নরসিংদী পোস্ট কোড,Sadar,safe_candidate
Dhaka,Narsingdi,Narsingdi Sadar,Rasulpur,,https://bdpost.gov.bd/pages/static-pages/6922df53933eb65569e213b9,নরসিংদী পোস্ট কোড,Sadar,safe_candidate
Dhaka,Narsingdi,Narsingdi Sadar,Satgram,,https://bdpost.gov.bd/pages/static-pages/6922df53933eb65569e213b9,নরসিংদী পোস্ট কোড,Sadar,safe_candidate
Dhaka,Narsingdi,Narsingdi Sadar,Shekherchar,,https://bdpost.gov.bd/pages/static-pages/6922df53933eb65569e213b9,নরসিংদী পোস্ট কোড,Sadar,safe_candidate
Dhaka,Narsingdi,Narsingdi Sadar,Shilmandi,,https://bdpost.gov.bd/pages/static-pages/6922df53933eb65569e213b9,নরসিংদী পোস্ট কোড,Sadar,safe_candidate
Dhaka,Narsingdi,Narsingdi Sadar,UMC Jute Mills SO,1601,https://bdpost.gov.bd/pages/static-pages/6922df53933eb65569e213b9,নরসিংদী পোস্ট কোড,Sadar,safe_candidate
Dhaka,Narsingdi,Narsingdi Sadar,Vatpara,,https://bdpost.gov.bd/pages/static-pages/6922df53933eb65569e213b9,নরসিংদী পোস্ট কোড,Sadar,safe_candidate
Dhaka,Narsingdi,Palash,Charsindhur,,https://bdpost.gov.bd/pages/static-pages/6922df53933eb65569e213b9,নরসিংদী পোস্ট কোড,Palash,exact
Dhaka,Narsingdi,Palash,Charsindur EDSO,1612,https://bdpost.gov.bd/pages/static-pages/6922df53933eb65569e213b9,নরসিংদী পোস্ট কোড,Palash,exact
Dhaka,Narsingdi,Palash,Dokkhin Sadarchar,,https://bdpost.gov.bd/pages/static-pages/6922df53933eb65569e213b9,নরসিংদী পোস্ট কোড,Palash,exact
Dhaka,Narsingdi,Palash,Gayeshpur,,https://bdpost.gov.bd/pages/static-pages/6922df53933eb65569e213b9,নরসিংদী পোস্ট কোড,Palash,exact
Dhaka,Narsingdi,Palash,Ghorasal SO,1613,https://bdpost.gov.bd/pages/static-pages/6922df53933eb65569e213b9,নরসিংদী পোস্ট কোড,Palash,exact
Dhaka,Narsingdi,Palash,Ghorasal UF SO,1611,https://bdpost.gov.bd/pages/static-pages/6922df53933eb65569e213b9,নরসিংদী পোস্ট কোড,Palash,exact
Dhaka,Narsingdi,Palash,Jinadi,,https://bdpost.gov.bd/pages/static-pages/6922df53933eb65569e213b9,নরসিংদী পোস্ট কোড,Palash,exact
Dhaka,Narsingdi,Palash,Khas Hawla,,https://bdpost.gov.bd/pages/static-pages/6922df53933eb65569e213b9,নরসিংদী পোস্ট কোড,Palash,exact
Dhaka,Narsingdi,Palash,Noakanda Bazar,,https://bdpost.gov.bd/pages/static-pages/6922df53933eb65569e213b9,নরসিংদী পোস্ট কোড,Palash,exact
Dhaka,Narsingdi,Palash,Palash UPO,1610,https://bdpost.gov.bd/pages/static-pages/6922df53933eb65569e213b9,নরসিংদী পোস্ট কোড,Palash,exact
Dhaka,Narsingdi,Palash,Paruliya,,https://bdpost.gov.bd/pages/static-pages/6922df53933eb65569e213b9,নরসিংদী পোস্ট কোড,Palash,exact
Dhaka,Narsingdi,Palash,Sayederkhola,,https://bdpost.gov.bd/pages/static-pages/6922df53933eb65569e213b9,নরসিংদী পোস্ট কোড,Palash,exact
Dhaka,Narsingdi,Palash,Shantanpara,,https://bdpost.gov.bd/pages/static-pages/6922df53933eb65569e213b9,নরসিংদী পোস্ট কোড,Palash,exact
Dhaka,Narsingdi,Raipura,Adiyabad,,https://bdpost.gov.bd/pages/static-pages/6922df53933eb65569e213b9,নরসিংদী পোস্ট কোড,Raipura,exact
Dhaka,Narsingdi,Raipura,Algi Bazar,,https://bdpost.gov.bd/pages/static-pages/6922df53933eb65569e213b9,নরসিংদী পোস্ট কোড,Raipura,exact
Dhaka,Narsingdi,Raipura,Alokbali,,https://bdpost.gov.bd/pages/static-pages/6922df53933eb65569e213b9,নরসিংদী পোস্ট কোড,Raipura,exact
Dhaka,Narsingdi,Raipura,Ashramchar,,https://bdpost.gov.bd/pages/static-pages/6922df53933eb65569e213b9,নরসিংদী পোস্ট কোড,Raipura,exact
Dhaka,Narsingdi,Raipura,Baghaikandi,,https://bdpost.gov.bd/pages/static-pages/6922df53933eb65569e213b9,নরসিংদী পোস্ট কোড,Raipura,exact
Dhaka,Narsingdi,Raipura,Bakharnagar,,https://bdpost.gov.bd/pages/static-pages/6922df53933eb65569e213b9,নরসিংদী পোস্ট কোড,Raipura,exact
Dhaka,Narsingdi,Raipura,Bashgari,,https://bdpost.gov.bd/pages/static-pages/6922df53933eb65569e213b9,নরসিংদী পোস্ট কোড,Raipura,exact
Dhaka,Narsingdi,Raipura,Bazar Hasnabad,,https://bdpost.gov.bd/pages/static-pages/6922df53933eb65569e213b9,নরসিংদী পোস্ট কোড,Raipura,exact
Dhaka,Narsingdi,Raipura,Bazar Hasnabad EDSO,1631,https://bdpost.gov.bd/pages/static-pages/6922df53933eb65569e213b9,নরসিংদী পোস্ট কোড,Raipura,exact
Dhaka,Narsingdi,Raipura,Borochar,,https://bdpost.gov.bd/pages/static-pages/6922df53933eb65569e213b9,নরসিংদী পোস্ট কোড,Raipura,exact
Dhaka,Narsingdi,Raipura,Bot Toli,,https://bdpost.gov.bd/pages/static-pages/6922df53933eb65569e213b9,নরসিংদী পোস্ট কোড,Raipura,exact
Dhaka,Narsingdi,Raipura,Charmodhua,,https://bdpost.gov.bd/pages/static-pages/6922df53933eb65569e213b9,নরসিংদী পোস্ট কোড,Raipura,exact
Dhaka,Narsingdi,Raipura,Charsubuddhi,,https://bdpost.gov.bd/pages/static-pages/6922df53933eb65569e213b9,নরসিংদী পোস্ট কোড,Raipura,exact
Dhaka,Narsingdi,Raipura,Dowkarchar,,https://bdpost.gov.bd/pages/static-pages/6922df53933eb65569e213b9,নরসিংদী পোস্ট কোড,Raipura,exact
Dhaka,Narsingdi,Raipura,Hairmara,,https://bdpost.gov.bd/pages/static-pages/6922df53933eb65569e213b9,নরসিংদী পোস্ট কোড,Raipura,exact
Dhaka,Narsingdi,Raipura,Hashimpur,,https://bdpost.gov.bd/pages/static-pages/6922df53933eb65569e213b9,নরসিংদী পোস্ট কোড,Raipura,exact
Dhaka,Narsingdi,Raipura,Hatubanga,,https://bdpost.gov.bd/pages/static-pages/6922df53933eb65569e213b9,নরসিংদী পোস্ট কোড,Raipura,exact
Dhaka,Narsingdi,Raipura,Kataghat,,https://bdpost.gov.bd/pages/static-pages/6922df53933eb65569e213b9,নরসিংদী পোস্ট কোড,Raipura,exact
Dhaka,Narsingdi,Raipura,Kohinur Jute Mills,,https://bdpost.gov.bd/pages/static-pages/6922df53933eb65569e213b9,নরসিংদী পোস্ট কোড,Raipura,exact
Dhaka,Narsingdi,Raipura,Lokkhipur,,https://bdpost.gov.bd/pages/static-pages/6922df53933eb65569e213b9,নরসিংদী পোস্ট কোড,Raipura,exact
Dhaka,Narsingdi,Raipura,Marjal,,https://bdpost.gov.bd/pages/static-pages/6922df53933eb65569e213b9,নরসিংদী পোস্ট কোড,Raipura,exact
Dhaka,Narsingdi,Raipura,Mirjarchar,,https://bdpost.gov.bd/pages/static-pages/6922df53933eb65569e213b9,নরসিংদী পোস্ট কোড,Raipura,exact
Dhaka,Narsingdi,Raipura,Moddho Nagar,,https://bdpost.gov.bd/pages/static-pages/6922df53933eb65569e213b9,নরসিংদী পোস্ট কোড,Raipura,exact
Dhaka,Narsingdi,Raipura,Moheshpur,,https://bdpost.gov.bd/pages/static-pages/6922df53933eb65569e213b9,নরসিংদী পোস্ট কোড,Raipura,exact
Dhaka,Narsingdi,Raipura,Mushapur Pagla Bazar,,https://bdpost.gov.bd/pages/static-pages/6922df53933eb65569e213b9,নরসিংদী পোস্ট কোড,Raipura,exact
Dhaka,Narsingdi,Raipura,Narayanpur,,https://bdpost.gov.bd/pages/static-pages/6922df53933eb65569e213b9,নরসিংদী পোস্ট কোড,Raipura,exact
Dhaka,Narsingdi,Raipura,Nilokkha,,https://bdpost.gov.bd/pages/static-pages/6922df53933eb65569e213b9,নরসিংদী পোস্ট কোড,Raipura,exact
Dhaka,Narsingdi,Raipura,Paratoli,,https://bdpost.gov.bd/pages/static-pages/6922df53933eb65569e213b9,নরসিংদী পোস্ট কোড,Raipura,exact
Dhaka,Narsingdi,Raipura,Pirijkandi,,https://bdpost.gov.bd/pages/static-pages/6922df53933eb65569e213b9,নরসিংদী পোস্ট কোড,Raipura,exact
Dhaka,Narsingdi,Raipura,Pirpur,,https://bdpost.gov.bd/pages/static-pages/6922df53933eb65569e213b9,নরসিংদী পোস্ট কোড,Raipura,exact
Dhaka,Narsingdi,Raipura,Radhaganj,,https://bdpost.gov.bd/pages/static-pages/6922df53933eb65569e213b9,নরসিংদী পোস্ট কোড,Raipura,exact
Dhaka,Narsingdi,Raipura,Radhagonj Bazar EDSO,1632,https://bdpost.gov.bd/pages/static-pages/6922df53933eb65569e213b9,নরসিংদী পোস্ট কোড,Raipura,exact
Dhaka,Narsingdi,Raipura,Rahimabad,,https://bdpost.gov.bd/pages/static-pages/6922df53933eb65569e213b9,নরসিংদী পোস্ট কোড,Raipura,exact
Dhaka,Narsingdi,Raipura,Raipura UPO,1630,https://bdpost.gov.bd/pages/static-pages/6922df53933eb65569e213b9,নরসিংদী পোস্ট কোড,Raipura,exact
Dhaka,Narsingdi,Raipura,Rajprasad,,https://bdpost.gov.bd/pages/static-pages/6922df53933eb65569e213b9,নরসিংদী পোস্ট কোড,Raipura,exact
Dhaka,Narsingdi,Raipura,Ramnagar,,https://bdpost.gov.bd/pages/static-pages/6922df53933eb65569e213b9,নরসিংদী পোস্ট কোড,Raipura,exact
Dhaka,Narsingdi,Raipura,Sahebchar,,https://bdpost.gov.bd/pages/static-pages/6922df53933eb65569e213b9,নরসিংদী পোস্ট কোড,Raipura,exact
Dhaka,Narsingdi,Raipura,Saidabad,,https://bdpost.gov.bd/pages/static-pages/6922df53933eb65569e213b9,নরসিংদী পোস্ট কোড,Raipura,exact
Dhaka,Narsingdi,Raipura,Sampara,,https://bdpost.gov.bd/pages/static-pages/6922df53933eb65569e213b9,নরসিংদী পোস্ট কোড,Raipura,exact
Dhaka,Narsingdi,Raipura,Soudagorkandi,,https://bdpost.gov.bd/pages/static-pages/6922df53933eb65569e213b9,নরসিংদী পোস্ট কোড,Raipura,exact
Dhaka,Narsingdi,Raipura,Sreenidhi,,https://bdpost.gov.bd/pages/static-pages/6922df53933eb65569e213b9,নরসিংদী পোস্ট কোড,Raipura,exact
Dhaka,Narsingdi,Raipura,Tulatoli,,https://bdpost.gov.bd/pages/static-pages/6922df53933eb65569e213b9,নরসিংদী পোস্ট কোড,Raipura,exact
Dhaka,Narsingdi,Raipura,Uttor Mirzanagar,,https://bdpost.gov.bd/pages/static-pages/6922df53933eb65569e213b9,নরসিংদী পোস্ট কোড,Raipura,exact
Dhaka,Narsingdi,Shibpur,Baghab,,https://bdpost.gov.bd/pages/static-pages/6922df53933eb65569e213b9,নরসিংদী পোস্ট কোড,Shibpur,exact
Dhaka,Narsingdi,Shibpur,Bailab,,https://bdpost.gov.bd/pages/static-pages/6922df53933eb65569e213b9,নরসিংদী পোস্ট কোড,Shibpur,exact
Dhaka,Narsingdi,Shibpur,Borokanda,,https://bdpost.gov.bd/pages/static-pages/6922df53933eb65569e213b9,নরসিংদী পোস্ট কোড,Shibpur,exact
Dhaka,Narsingdi,Shibpur,Chaitonno,,https://bdpost.gov.bd/pages/static-pages/6922df53933eb65569e213b9,নরসিংদী পোস্ট কোড,Shibpur,exact
Dhaka,Narsingdi,Shibpur,Chotobondo,,https://bdpost.gov.bd/pages/static-pages/6922df53933eb65569e213b9,নরসিংদী পোস্ট কোড,Shibpur,exact
Dhaka,Narsingdi,Shibpur,Dakkhin Agarpur,,https://bdpost.gov.bd/pages/static-pages/6922df53933eb65569e213b9,নরসিংদী পোস্ট কোড,Shibpur,exact
Dhaka,Narsingdi,Shibpur,Dhanua Telikandi,,https://bdpost.gov.bd/pages/static-pages/6922df53933eb65569e213b9,নরসিংদী পোস্ট কোড,Shibpur,exact
Dhaka,Narsingdi,Shibpur,Dottergaon,,https://bdpost.gov.bd/pages/static-pages/6922df53933eb65569e213b9,নরসিংদী পোস্ট কোড,Shibpur,exact
Dhaka,Narsingdi,Shibpur,Dulalpur,,https://bdpost.gov.bd/pages/static-pages/6922df53933eb65569e213b9,নরসিংদী পোস্ট কোড,Shibpur,exact
Dhaka,Narsingdi,Shibpur,Ghorbari,,https://bdpost.gov.bd/pages/static-pages/6922df53933eb65569e213b9,নরসিংদী পোস্ট কোড,Shibpur,exact
Dhaka,Narsingdi,Shibpur,Hossenpur,,https://bdpost.gov.bd/pages/static-pages/6922df53933eb65569e213b9,নরসিংদী পোস্ট কোড,Shibpur,exact
Dhaka,Narsingdi,Shibpur,jasor Bazar,,https://bdpost.gov.bd/pages/static-pages/6922df53933eb65569e213b9,নরসিংদী পোস্ট কোড,Shibpur,exact
Dhaka,Narsingdi,Shibpur,Joynagar,,https://bdpost.gov.bd/pages/static-pages/6922df53933eb65569e213b9,নরসিংদী পোস্ট কোড,Shibpur,exact
Dhaka,Narsingdi,Shibpur,Kalinagar,,https://bdpost.gov.bd/pages/static-pages/6922df53933eb65569e213b9,নরসিংদী পোস্ট কোড,Shibpur,exact
Dhaka,Narsingdi,Shibpur,Kamrab,,https://bdpost.gov.bd/pages/static-pages/6922df53933eb65569e213b9,নরসিংদী পোস্ট কোড,Shibpur,exact
Dhaka,Narsingdi,Shibpur,Kararchar,,https://bdpost.gov.bd/pages/static-pages/6922df53933eb65569e213b9,নরসিংদী পোস্ট কোড,Shibpur,exact
Dhaka,Narsingdi,Shibpur,Khariya,,https://bdpost.gov.bd/pages/static-pages/6922df53933eb65569e213b9,নরসিংদী পোস্ট কোড,Shibpur,exact
Dhaka,Narsingdi,Shibpur,Kumardi,,https://bdpost.gov.bd/pages/static-pages/6922df53933eb65569e213b9,নরসিংদী পোস্ট কোড,Shibpur,exact
Dhaka,Narsingdi,Shibpur,Kumartek,,https://bdpost.gov.bd/pages/static-pages/6922df53933eb65569e213b9,নরসিংদী পোস্ট কোড,Shibpur,exact
Dhaka,Narsingdi,Shibpur,Kundarpara,,https://bdpost.gov.bd/pages/static-pages/6922df53933eb65569e213b9,নরসিংদী পোস্ট কোড,Shibpur,exact
Dhaka,Narsingdi,Shibpur,Lakhpur,,https://bdpost.gov.bd/pages/static-pages/6922df53933eb65569e213b9,নরসিংদী পোস্ট কোড,Shibpur,exact
Dhaka,Narsingdi,Shibpur,Mojlispur,,https://bdpost.gov.bd/pages/static-pages/6922df53933eb65569e213b9,নরসিংদী পোস্ট কোড,Shibpur,exact
Dhaka,Narsingdi,Shibpur,Nimgaon Pulehat,,https://bdpost.gov.bd/pages/static-pages/6922df53933eb65569e213b9,নরসিংদী পোস্ট কোড,Shibpur,exact
Dhaka,Narsingdi,Shibpur,Noadiya,,https://bdpost.gov.bd/pages/static-pages/6922df53933eb65569e213b9,নরসিংদী পোস্ট কোড,Shibpur,exact
Dhaka,Narsingdi,Shibpur,Nowkaghat,,https://bdpost.gov.bd/pages/static-pages/6922df53933eb65569e213b9,নরসিংদী পোস্ট কোড,Shibpur,exact
Dhaka,Narsingdi,Shibpur,Paratola,,https://bdpost.gov.bd/pages/static-pages/6922df53933eb65569e213b9,নরসিংদী পোস্ট কোড,Shibpur,exact
Dhaka,Narsingdi,Shibpur,Purandiya Bazar,,https://bdpost.gov.bd/pages/static-pages/6922df53933eb65569e213b9,নরসিংদী পোস্ট কোড,Shibpur,exact
Dhaka,Narsingdi,Shibpur,Putiyabari,,https://bdpost.gov.bd/pages/static-pages/6922df53933eb65569e213b9,নরসিংদী পোস্ট কোড,Shibpur,exact
Dhaka,Narsingdi,Shibpur,Satpara,,https://bdpost.gov.bd/pages/static-pages/6922df53933eb65569e213b9,নরসিংদী পোস্ট কোড,Shibpur,exact
Dhaka,Narsingdi,Shibpur,Sayednagar,,https://bdpost.gov.bd/pages/static-pages/6922df53933eb65569e213b9,নরসিংদী পোস্ট কোড,Shibpur,exact
Dhaka,Narsingdi,Shibpur,Shashpur,,https://bdpost.gov.bd/pages/static-pages/6922df53933eb65569e213b9,নরসিংদী পোস্ট কোড,Shibpur,exact
Dhaka,Narsingdi,Shibpur,Shibpur UPO,1620,https://bdpost.gov.bd/pages/static-pages/6922df53933eb65569e213b9,নরসিংদী পোস্ট কোড,Shibpur,exact
Dhaka,Narsingdi,Shibpur,Sunakura Bazar,,https://bdpost.gov.bd/pages/static-pages/6922df53933eb65569e213b9,নরসিংদী পোস্ট কোড,Shibpur,exact
Dhaka,Narsingdi,Shibpur,Uttar Agarpur,,https://bdpost.gov.bd/pages/static-pages/6922df53933eb65569e213b9,নরসিংদী পোস্ট কোড,Shibpur,exact
Dhaka,Narsingdi,Shibpur,Uttor Sadarchar,,https://bdpost.gov.bd/pages/static-pages/6922df53933eb65569e213b9,নরসিংদী পোস্ট কোড,Shibpur,exact
Dhaka,Rajbari,Baliakandi,Baliakandi UPO,7730,https://bdpost.gov.bd/pages/static-pages/6922df09933eb65569e1f65d,রাজবাড়ী পোস্ট কোড,Baliakandi,exact
Dhaka,Rajbari,Baliakandi,Nolia CSO,7731,https://bdpost.gov.bd/pages/static-pages/6922df09933eb65569e1f65d,রাজবাড়ী পোস্ট কোড,Baliakandi,exact
Dhaka,Rajbari,Goalanda,Goalondo UPO,7710,https://bdpost.gov.bd/pages/static-pages/6922df09933eb65569e1f65d,রাজবাড়ী পোস্ট কোড,Goalondo,explicit_manual_alias
Dhaka,Rajbari,Goalanda,Khankhanapur SO,7711,https://bdpost.gov.bd/pages/static-pages/6922df09933eb65569e1f65d,রাজবাড়ী পোস্ট কোড,Goalondo,explicit_manual_alias
Dhaka,Rajbari,Kalukhali,,,,,,canonical_fallback_no_verified_postal_row
Dhaka,Rajbari,Pangsa,Mrigi Bazar EDSO,7723,https://bdpost.gov.bd/pages/static-pages/6922df09933eb65569e1f65d,রাজবাড়ী পোস্ট কোড,Pangsha,safe_candidate
Dhaka,Rajbari,Pangsa,Pangsha UPO,7720,https://bdpost.gov.bd/pages/static-pages/6922df09933eb65569e1f65d,রাজবাড়ী পোস্ট কোড,Pangsha,safe_candidate
Dhaka,Rajbari,Pangsa,Ramkol CSO,7721,https://bdpost.gov.bd/pages/static-pages/6922df09933eb65569e1f65d,রাজবাড়ী পোস্ট কোড,Pangsha,safe_candidate
Dhaka,Rajbari,Pangsa,Ratondia CSO,7722,https://bdpost.gov.bd/pages/static-pages/6922df09933eb65569e1f65d,রাজবাড়ী পোস্ট কোড,Pangsha,safe_candidate
Dhaka,Rajbari,Rajbari Sadar,Rajbari HO,7700,https://bdpost.gov.bd/pages/static-pages/6922df09933eb65569e1f65d,রাজবাড়ী পোস্ট কোড,Sadar,safe_candidate
Dhaka,Shariatpur,Bhedarganj,Bhedergonj UPO,8030,https://bdpost.gov.bd/pages/static-pages/6922dfcf933eb65569e24187,শরিয়তপুর পোস্ট কোড,Bhedergonj,second_pass_audited
Dhaka,Shariatpur,Damudya,Demuday UPO,8040,https://bdpost.gov.bd/pages/static-pages/6922dfcf933eb65569e24187,শরিয়তপুর পোস্ট কোড,Demuday,explicit_manual_alias
Dhaka,Shariatpur,Gosairhat,Gosairhat UPO,8050,https://bdpost.gov.bd/pages/static-pages/6922dfcf933eb65569e24187,শরিয়তপুর পোস্ট কোড,Gosairhat,exact
Dhaka,Shariatpur,Naria,Bhujeswar SO,8021,https://bdpost.gov.bd/pages/static-pages/6922dfcf933eb65569e24187,শরিয়তপুর পোস্ট কোড,Naria,exact
Dhaka,Shariatpur,Naria,Gharisar SO,8022,https://bdpost.gov.bd/pages/static-pages/6922dfcf933eb65569e24187,শরিয়তপুর পোস্ট কোড,Naria,exact
Dhaka,Shariatpur,Naria,Kartikpur SO,8024,https://bdpost.gov.bd/pages/static-pages/6922dfcf933eb65569e24187,শরিয়তপুর পোস্ট কোড,Naria,exact
Dhaka,Shariatpur,Naria,Naria UPO,8020,https://bdpost.gov.bd/pages/static-pages/6922dfcf933eb65569e24187,শরিয়তপুর পোস্ট কোড,Naria,exact
Dhaka,Shariatpur,Naria,UPSI SO,8023,https://bdpost.gov.bd/pages/static-pages/6922dfcf933eb65569e24187,শরিয়তপুর পোস্ট কোড,Naria,exact
Dhaka,Shariatpur,Palong,,,,,,canonical_fallback_no_verified_postal_row
Dhaka,Shariatpur,Shariatpur Sadar,Chikandi SO,8002,https://bdpost.gov.bd/pages/static-pages/6922dfcf933eb65569e24187,শরিয়তপুর পোস্ট কোড,Sadar,safe_candidate
Dhaka,Shariatpur,Shariatpur Sadar,ngaria SO,8001,https://bdpost.gov.bd/pages/static-pages/6922dfcf933eb65569e24187,শরিয়তপুর পোস্ট কোড,Sadar,safe_candidate
Dhaka,Shariatpur,Shariatpur Sadar,Palong (Shariatpur) HO,8000,https://bdpost.gov.bd/pages/static-pages/6922dfcf933eb65569e24187,শরিয়তপুর পোস্ট কোড,Sadar,safe_candidate
Dhaka,Shariatpur,Zajira,Jangira UPO,8010,https://bdpost.gov.bd/pages/static-pages/6922dfcf933eb65569e24187,শরিয়তপুর পোস্ট কোড,Jangira,legacy_alias_explicit
Dhaka,Tangail,BB. Bridge (East),,,,,,canonical_fallback_no_verified_postal_row
Dhaka,Tangail,Basail,Aisora,,https://bdpost.gov.bd/pages/static-pages/6922dd7b933eb65569e15334,টাঙ্গাইল পোস্ট কোড,Basail,exact
Dhaka,Tangail,Basail,Basail UPO,1920,https://bdpost.gov.bd/pages/static-pages/6922dd7b933eb65569e15334,টাঙ্গাইল পোস্ট কোড,Basail,exact
Dhaka,Tangail,Basail,Fulki Jhanjhaniya,,https://bdpost.gov.bd/pages/static-pages/6922dd7b933eb65569e15334,টাঙ্গাইল পোস্ট কোড,Basail,exact
Dhaka,Tangail,Basail,Tenguriyapara,,https://bdpost.gov.bd/pages/static-pages/6922dd7b933eb65569e15334,টাঙ্গাইল পোস্ট কোড,Basail,exact
Dhaka,Tangail,Bhuapur,Arjuna,,https://bdpost.gov.bd/pages/static-pages/6922dd7b933eb65569e15334,টাঙ্গাইল পোস্ট কোড,Bhuapur,exact
Dhaka,Tangail,Bhuapur,Bhuapur UPO,1960,https://bdpost.gov.bd/pages/static-pages/6922dd7b933eb65569e15334,টাঙ্গাইল পোস্ট কোড,Bhuapur,exact
Dhaka,Tangail,Bhuapur,Charoshshua,,https://bdpost.gov.bd/pages/static-pages/6922dd7b933eb65569e15334,টাঙ্গাইল পোস্ট কোড,Bhuapur,exact
Dhaka,Tangail,Bhuapur,Dhubliya,,https://bdpost.gov.bd/pages/static-pages/6922dd7b933eb65569e15334,টাঙ্গাইল পোস্ট কোড,Bhuapur,exact
Dhaka,Tangail,Bhuapur,Nalin Bazar,,https://bdpost.gov.bd/pages/static-pages/6922dd7b933eb65569e15334,টাঙ্গাইল পোস্ট কোড,Bhuapur,exact
Dhaka,Tangail,Bhuapur,Nikrail,,https://bdpost.gov.bd/pages/static-pages/6922dd7b933eb65569e15334,টাঙ্গাইল পোস্ট কোড,Bhuapur,exact
Dhaka,Tangail,Bhuapur,Palisha Matikata,,https://bdpost.gov.bd/pages/static-pages/6922dd7b933eb65569e15334,টাঙ্গাইল পোস্ট কোড,Bhuapur,exact
Dhaka,Tangail,Delduar,Atiya Darga,,https://bdpost.gov.bd/pages/static-pages/6922dd7b933eb65569e15334,টাঙ্গাইল পোস্ট কোড,Deldoar,explicit_manual_alias
Dhaka,Tangail,Delduar,Deldoar UPO,1910,https://bdpost.gov.bd/pages/static-pages/6922dd7b933eb65569e15334,টাঙ্গাইল পোস্ট কোড,Deldoar,explicit_manual_alias
Dhaka,Tangail,Delduar,Elasin SO,1913,https://bdpost.gov.bd/pages/static-pages/6922dd7b933eb65569e15334,টাঙ্গাইল পোস্ট কোড,Deldoar,explicit_manual_alias
Dhaka,Tangail,Delduar,Hinganagar,,https://bdpost.gov.bd/pages/static-pages/6922dd7b933eb65569e15334,টাঙ্গাইল পোস্ট কোড,Deldoar,explicit_manual_alias
Dhaka,Tangail,Delduar,Hinganagar EDSO,1914,https://bdpost.gov.bd/pages/static-pages/6922dd7b933eb65569e15334,টাঙ্গাইল পোস্ট কোড,Deldoar,explicit_manual_alias
Dhaka,Tangail,Delduar,Jangalia SO,1911,https://bdpost.gov.bd/pages/static-pages/6922dd7b933eb65569e15334,টাঙ্গাইল পোস্ট কোড,Deldoar,explicit_manual_alias
Dhaka,Tangail,Delduar,Koijuri,,https://bdpost.gov.bd/pages/static-pages/6922dd7b933eb65569e15334,টাঙ্গাইল পোস্ট কোড,Deldoar,explicit_manual_alias
Dhaka,Tangail,Delduar,Lahati EDSO,1915,https://bdpost.gov.bd/pages/static-pages/6922dd7b933eb65569e15334,টাঙ্গাইল পোস্ট কোড,Deldoar,explicit_manual_alias
Dhaka,Tangail,Delduar,Lauhati,,https://bdpost.gov.bd/pages/static-pages/6922dd7b933eb65569e15334,টাঙ্গাইল পোস্ট কোড,Deldoar,explicit_manual_alias
Dhaka,Tangail,Delduar,Patharia EDSO,1912,https://bdpost.gov.bd/pages/static-pages/6922dd7b933eb65569e15334,টাঙ্গাইল পোস্ট কোড,Deldoar,explicit_manual_alias
Dhaka,Tangail,Delduar,Pathrail,,https://bdpost.gov.bd/pages/static-pages/6922dd7b933eb65569e15334,টাঙ্গাইল পোস্ট কোড,Deldoar,explicit_manual_alias
Dhaka,Tangail,Dhanbari,,,,,,canonical_fallback_no_verified_postal_row
Dhaka,Tangail,Ghatail,Bagundali,,https://bdpost.gov.bd/pages/static-pages/6922dd7b933eb65569e15334,টাঙ্গাইল পোস্ট কোড,Ghatail,exact
Dhaka,Tangail,Ghatail,D Pakutiya,,https://bdpost.gov.bd/pages/static-pages/6922dd7b933eb65569e15334,টাঙ্গাইল পোস্ট কোড,Ghatail,exact
Dhaka,Tangail,Ghatail,D. Pakutia EDSO,1982,https://bdpost.gov.bd/pages/static-pages/6922dd7b933eb65569e15334,টাঙ্গাইল পোস্ট কোড,Ghatail,exact
Dhaka,Tangail,Ghatail,Dewpara,,https://bdpost.gov.bd/pages/static-pages/6922dd7b933eb65569e15334,টাঙ্গাইল পোস্ট কোড,Ghatail,exact
Dhaka,Tangail,Ghatail,Dhalapara SO,1983,https://bdpost.gov.bd/pages/static-pages/6922dd7b933eb65569e15334,টাঙ্গাইল পোস্ট কোড,Ghatail,exact
Dhaka,Tangail,Ghatail,Ghatail UPO,1980,https://bdpost.gov.bd/pages/static-pages/6922dd7b933eb65569e15334,টাঙ্গাইল পোস্ট কোড,Ghatail,exact
Dhaka,Tangail,Ghatail,Jahidganj,,https://bdpost.gov.bd/pages/static-pages/6922dd7b933eb65569e15334,টাঙ্গাইল পোস্ট কোড,Ghatail,exact
Dhaka,Tangail,Ghatail,Jahingonj EDSO,1981,https://bdpost.gov.bd/pages/static-pages/6922dd7b933eb65569e15334,টাঙ্গাইল পোস্ট কোড,Ghatail,exact
Dhaka,Tangail,Ghatail,Kadomtoli,,https://bdpost.gov.bd/pages/static-pages/6922dd7b933eb65569e15334,টাঙ্গাইল পোস্ট কোড,Ghatail,exact
Dhaka,Tangail,Ghatail,Kaliyagram,,https://bdpost.gov.bd/pages/static-pages/6922dd7b933eb65569e15334,টাঙ্গাইল পোস্ট কোড,Ghatail,exact
Dhaka,Tangail,Ghatail,LS Dighi SO,1984,https://bdpost.gov.bd/pages/static-pages/6922dd7b933eb65569e15334,টাঙ্গাইল পোস্ট কোড,Ghatail,exact
Dhaka,Tangail,Ghatail,Shahi Anuhola,,https://bdpost.gov.bd/pages/static-pages/6922dd7b933eb65569e15334,টাঙ্গাইল পোস্ট কোড,Ghatail,exact
Dhaka,Tangail,Ghatail,Vabondotto,,https://bdpost.gov.bd/pages/static-pages/6922dd7b933eb65569e15334,টাঙ্গাইল পোস্ট কোড,Ghatail,exact
Dhaka,Tangail,Gopalpur,Gopalpur UPO,1990,https://bdpost.gov.bd/pages/static-pages/6922dd7b933eb65569e15334,টাঙ্গাইল পোস্ট কোড,Gopalpur,exact
Dhaka,Tangail,Gopalpur,Hadira Bazar,,https://bdpost.gov.bd/pages/static-pages/6922dd7b933eb65569e15334,টাঙ্গাইল পোস্ট কোড,Gopalpur,exact
Dhaka,Tangail,Gopalpur,Hemnagar SO,1992,https://bdpost.gov.bd/pages/static-pages/6922dd7b933eb65569e15334,টাঙ্গাইল পোস্ট কোড,Gopalpur,exact
Dhaka,Tangail,Gopalpur,Jhaoali So,1991,https://bdpost.gov.bd/pages/static-pages/6922dd7b933eb65569e15334,টাঙ্গাইল পোস্ট কোড,Gopalpur,exact
Dhaka,Tangail,Gopalpur,Vengua,,https://bdpost.gov.bd/pages/static-pages/6922dd7b933eb65569e15334,টাঙ্গাইল পোস্ট কোড,Gopalpur,exact
Dhaka,Tangail,Kalihati,Alega SO,1974,https://bdpost.gov.bd/pages/static-pages/6922dd7b933eb65569e15334,টাঙ্গাইল পোস্ট কোড,Kalihati,exact
Dhaka,Tangail,Kalihati,Balla Bazar SO,1973,https://bdpost.gov.bd/pages/static-pages/6922dd7b933eb65569e15334,টাঙ্গাইল পোস্ট কোড,Kalihati,exact
Dhaka,Tangail,Kalihati,Chati Hati,,https://bdpost.gov.bd/pages/static-pages/6922dd7b933eb65569e15334,টাঙ্গাইল পোস্ট কোড,Kalihati,exact
Dhaka,Tangail,Kalihati,Kalihati UPO,1970,https://bdpost.gov.bd/pages/static-pages/6922dd7b933eb65569e15334,টাঙ্গাইল পোস্ট কোড,Kalihati,exact
Dhaka,Tangail,Kalihati,Nagbari,,https://bdpost.gov.bd/pages/static-pages/6922dd7b933eb65569e15334,টাঙ্গাইল পোস্ট কোড,Kalihati,exact
Dhaka,Tangail,Kalihati,Nagbari EDSO,1972,https://bdpost.gov.bd/pages/static-pages/6922dd7b933eb65569e15334,টাঙ্গাইল পোস্ট কোড,Kalihati,exact
Dhaka,Tangail,Kalihati,Nagorbari SO,1977,https://bdpost.gov.bd/pages/static-pages/6922dd7b933eb65569e15334,টাঙ্গাইল পোস্ট কোড,Kalihati,exact
Dhaka,Tangail,Kalihati,Palisha EDSO,1975,https://bdpost.gov.bd/pages/static-pages/6922dd7b933eb65569e15334,টাঙ্গাইল পোস্ট কোড,Kalihati,exact
Dhaka,Tangail,Kalihati,Rajakair EDSO,1971,https://bdpost.gov.bd/pages/static-pages/6922dd7b933eb65569e15334,টাঙ্গাইল পোস্ট কোড,Kalihati,exact
Dhaka,Tangail,Madhupur,Dhanbari EDSO,1997,https://bdpost.gov.bd/pages/static-pages/6922dd7b933eb65569e15334,টাঙ্গাইল পোস্ট কোড,Madhupur,exact
Dhaka,Tangail,Madhupur,Madhupur UPO,1996,https://bdpost.gov.bd/pages/static-pages/6922dd7b933eb65569e15334,টাঙ্গাইল পোস্ট কোড,Madhupur,exact
Dhaka,Tangail,Madhupur,Rajafoir,,https://bdpost.gov.bd/pages/static-pages/6922dd7b933eb65569e15334,টাঙ্গাইল পোস্ট কোড,Madhupur,exact
Dhaka,Tangail,Madhupur,Sholakura,,https://bdpost.gov.bd/pages/static-pages/6922dd7b933eb65569e15334,টাঙ্গাইল পোস্ট কোড,Madhupur,exact
Dhaka,Tangail,Mirzapur,Gurhai SO,1941,https://bdpost.gov.bd/pages/static-pages/6922dd7b933eb65569e15334,টাঙ্গাইল পোস্ট কোড,Mirzapur,exact
Dhaka,Tangail,Mirzapur,Jamurkhi SO,1944,https://bdpost.gov.bd/pages/static-pages/6922dd7b933eb65569e15334,টাঙ্গাইল পোস্ট কোড,Mirzapur,exact
Dhaka,Tangail,Mirzapur,Kuripara,,https://bdpost.gov.bd/pages/static-pages/6922dd7b933eb65569e15334,টাঙ্গাইল পোস্ট কোড,Mirzapur,exact
Dhaka,Tangail,Mirzapur,Mahera SO,1945,https://bdpost.gov.bd/pages/static-pages/6922dd7b933eb65569e15334,টাঙ্গাইল পোস্ট কোড,Mirzapur,exact
Dhaka,Tangail,Mirzapur,MC College EDSO,1942,https://bdpost.gov.bd/pages/static-pages/6922dd7b933eb65569e15334,টাঙ্গাইল পোস্ট কোড,Mirzapur,exact
Dhaka,Tangail,Mirzapur,Mirzapur Cadet College,,https://bdpost.gov.bd/pages/static-pages/6922dd7b933eb65569e15334,টাঙ্গাইল পোস্ট কোড,Mirzapur,exact
Dhaka,Tangail,Mirzapur,Mirzapur UPO,1940,https://bdpost.gov.bd/pages/static-pages/6922dd7b933eb65569e15334,টাঙ্গাইল পোস্ট কোড,Mirzapur,exact
Dhaka,Tangail,Mirzapur,Warshi Paikpara SO,1943,https://bdpost.gov.bd/pages/static-pages/6922dd7b933eb65569e15334,টাঙ্গাইল পোস্ট কোড,Mirzapur,exact
Dhaka,Tangail,Nagarpur,Doboria SO,1937,https://bdpost.gov.bd/pages/static-pages/6922dd7b933eb65569e15334,টাঙ্গাইল পোস্ট কোড,Nagarpur,exact
Dhaka,Tangail,Nagarpur,Khash Shahjani,,https://bdpost.gov.bd/pages/static-pages/6922dd7b933eb65569e15334,টাঙ্গাইল পোস্ট কোড,Nagarpur,exact
Dhaka,Tangail,Nagarpur,Konra,,https://bdpost.gov.bd/pages/static-pages/6922dd7b933eb65569e15334,টাঙ্গাইল পোস্ট কোড,Nagarpur,exact
Dhaka,Tangail,Nagarpur,Nagarpur UPO,1936,https://bdpost.gov.bd/pages/static-pages/6922dd7b933eb65569e15334,টাঙ্গাইল পোস্ট কোড,Nagarpur,exact
Dhaka,Tangail,Nagarpur,Salimabad EDSO,1938,https://bdpost.gov.bd/pages/static-pages/6922dd7b933eb65569e15334,টাঙ্গাইল পোস্ট কোড,Nagarpur,exact
Dhaka,Tangail,Sakhipur,Indarjani,,https://bdpost.gov.bd/pages/static-pages/6922dd7b933eb65569e15334,টাঙ্গাইল পোস্ট কোড,Shakhipur,safe_candidate
Dhaka,Tangail,Sakhipur,Kachua EDSO,1951,https://bdpost.gov.bd/pages/static-pages/6922dd7b933eb65569e15334,টাঙ্গাইল পোস্ট কোড,Shakhipur,safe_candidate
Dhaka,Tangail,Sakhipur,Kochua,,https://bdpost.gov.bd/pages/static-pages/6922dd7b933eb65569e15334,টাঙ্গাইল পোস্ট কোড,Shakhipur,safe_candidate
Dhaka,Tangail,Sakhipur,Shakhipur UPO,1950,https://bdpost.gov.bd/pages/static-pages/6922dd7b933eb65569e15334,টাঙ্গাইল পোস্ট কোড,Shakhipur,safe_candidate
Dhaka,Tangail,Tangail Sadar,Kagmari EDSO,1901,https://bdpost.gov.bd/pages/static-pages/6922dd7b933eb65569e15334,টাঙ্গাইল পোস্ট কোড,Sadar,safe_candidate
Dhaka,Tangail,Tangail Sadar,Karatia SO,1903,https://bdpost.gov.bd/pages/static-pages/6922dd7b933eb65569e15334,টাঙ্গাইল পোস্ট কোড,Sadar,safe_candidate
Dhaka,Tangail,Tangail Sadar,Makorkol,,https://bdpost.gov.bd/pages/static-pages/6922dd7b933eb65569e15334,টাঙ্গাইল পোস্ট কোড,Sadar,safe_candidate
Dhaka,Tangail,Tangail Sadar,Mogra,,https://bdpost.gov.bd/pages/static-pages/6922dd7b933eb65569e15334,টাঙ্গাইল পোস্ট কোড,Sadar,safe_candidate
Dhaka,Tangail,Tangail Sadar,Purabari EDSO,1904,https://bdpost.gov.bd/pages/static-pages/6922dd7b933eb65569e15334,টাঙ্গাইল পোস্ট কোড,Sadar,safe_candidate
Dhaka,Tangail,Tangail Sadar,Sontosh SO,1902,https://bdpost.gov.bd/pages/static-pages/6922dd7b933eb65569e15334,টাঙ্গাইল পোস্ট কোড,Sadar,safe_candidate
Dhaka,Tangail,Tangail Sadar,Tangail HO,1900,https://bdpost.gov.bd/pages/static-pages/6922dd7b933eb65569e15334,টাঙ্গাইল পোস্ট কোড,Sadar,safe_candidate
Khulna,Bagerhat,Bagerhat Sadar,Bagerhat HO,9300,https://bdpost.gov.bd/pages/static-pages/6922ded4933eb65569e1dad9,বাগেরহাট পোস্ট কোড,Sadar,safe_candidate
Khulna,Bagerhat,Bagerhat Sadar,PC College SO,9301,https://bdpost.gov.bd/pages/static-pages/6922ded4933eb65569e1dad9,বাগেরহাট পোস্ট কোড,Sadar,safe_candidate
Khulna,Bagerhat,Bagerhat Sadar,Rangdia College SO,9302,https://bdpost.gov.bd/pages/static-pages/6922ded4933eb65569e1dad9,বাগেরহাট পোস্ট কোড,Sadar,safe_candidate
Khulna,Bagerhat,Chitalmari,Barabaria EDSO,9361,https://bdpost.gov.bd/pages/static-pages/6922ded4933eb65569e1dad9,বাগেরহাট পোস্ট কোড,Chitalmari,exact
Khulna,Bagerhat,Chitalmari,Chitalmari UPO,9360,https://bdpost.gov.bd/pages/static-pages/6922ded4933eb65569e1dad9,বাগেরহাট পোস্ট কোড,Chitalmari,exact
Khulna,Bagerhat,Fakirhat,Bhanganper Bazar EDSO,9372,https://bdpost.gov.bd/pages/static-pages/6922ded4933eb65569e1dad9,বাগেরহাট পোস্ট কোড,Fakirhat,exact
Khulna,Bagerhat,Fakirhat,Fakirhat UPO,9370,https://bdpost.gov.bd/pages/static-pages/6922ded4933eb65569e1dad9,বাগেরহাট পোস্ট কোড,Fakirhat,exact
Khulna,Bagerhat,Fakirhat,Manasa EDSO,9371,https://bdpost.gov.bd/pages/static-pages/6922ded4933eb65569e1dad9,বাগেরহাট পোস্ট কোড,Fakirhat,exact
Khulna,Bagerhat,Kachua,Kachua UPO,9310,https://bdpost.gov.bd/pages/static-pages/6922ded4933eb65569e1dad9,বাগেরহাট পোস্ট কোড,Kachua,exact
Khulna,Bagerhat,Kachua,Sonarkola SO,9311,https://bdpost.gov.bd/pages/static-pages/6922ded4933eb65569e1dad9,বাগেরহাট পোস্ট কোড,Kachua,exact
Khulna,Bagerhat,Mollahat,Charkulia SO,9383,https://bdpost.gov.bd/pages/static-pages/6922ded4933eb65569e1dad9,বাগেরহাট পোস্ট কোড,Mollarhat,safe_candidate
Khulna,Bagerhat,Mollahat,Dariala EDSO,9382,https://bdpost.gov.bd/pages/static-pages/6922ded4933eb65569e1dad9,বাগেরহাট পোস্ট কোড,Mollarhat,safe_candidate
Khulna,Bagerhat,Mollahat,Kahalpur EDSO,9381,https://bdpost.gov.bd/pages/static-pages/6922ded4933eb65569e1dad9,বাগেরহাট পোস্ট কোড,Mollarhat,safe_candidate
Khulna,Bagerhat,Mollahat,Mollarhat UPO,9380,https://bdpost.gov.bd/pages/static-pages/6922ded4933eb65569e1dad9,বাগেরহাট পোস্ট কোড,Mollarhat,safe_candidate
Khulna,Bagerhat,Mollahat,Nagarkandi Bazar EDSO,9384,https://bdpost.gov.bd/pages/static-pages/6922ded4933eb65569e1dad9,বাগেরহাট পোস্ট কোড,Mollarhat,safe_candidate
Khulna,Bagerhat,Mollahat,Pakgangni EDSO,9385,https://bdpost.gov.bd/pages/static-pages/6922ded4933eb65569e1dad9,বাগেরহাট পোস্ট কোড,Mollarhat,safe_candidate
Khulna,Bagerhat,Mongla,Chalna Anchorange UPO,9350,https://bdpost.gov.bd/pages/static-pages/6922ded4933eb65569e1dad9,বাগেরহাট পোস্ট কোড,Chalna Anchorange,legacy_alias_explicit
Khulna,Bagerhat,Mongla,Mongla Port SO,9351,https://bdpost.gov.bd/pages/static-pages/6922ded4933eb65569e1dad9,বাগেরহাট পোস্ট কোড,Chalna Anchorange,legacy_alias_explicit
Khulna,Bagerhat,Morrelganj,Morelgonj UPO,9320,https://bdpost.gov.bd/pages/static-pages/6922ded4933eb65569e1dad9,বাগেরহাট পোস্ট কোড,Morelgonj,second_pass_audited
Khulna,Bagerhat,Morrelganj,Sunnashi Bazar EDSO,9321,https://bdpost.gov.bd/pages/static-pages/6922ded4933eb65569e1dad9,বাগেরহাট পোস্ট কোড,Morelgonj,second_pass_audited
Khulna,Bagerhat,Morrelganj,Telisati SO,9322,https://bdpost.gov.bd/pages/static-pages/6922ded4933eb65569e1dad9,বাগেরহাট পোস্ট কোড,Morelgonj,second_pass_audited
Khulna,Bagerhat,Rampal,Foyla Hat SO,9341,https://bdpost.gov.bd/pages/static-pages/6922ded4933eb65569e1dad9,বাগেরহাট পোস্ট কোড,Rampal,exact
Khulna,Bagerhat,Rampal,Gouramba SO,9343,https://bdpost.gov.bd/pages/static-pages/6922ded4933eb65569e1dad9,বাগেরহাট পোস্ট কোড,Rampal,exact
Khulna,Bagerhat,Rampal,Rampal UPO,9340,https://bdpost.gov.bd/pages/static-pages/6922ded4933eb65569e1dad9,বাগেরহাট পোস্ট কোড,Rampal,exact
Khulna,Bagerhat,Rampal,Sonatunia EDSO,9342,https://bdpost.gov.bd/pages/static-pages/6922ded4933eb65569e1dad9,বাগেরহাট পোস্ট কোড,Rampal,exact
Khulna,Bagerhat,Sarankhola,Rayenda (Sharankhola) UPO,9330,https://bdpost.gov.bd/pages/static-pages/6922ded4933eb65569e1dad9,বাগেরহাট পোস্ট কোড,Rayenda (Sharankhola),second_pass_audited
Khulna,Chuadanga,Alamdanga,Alamdanga UPO,7210,https://bdpost.gov.bd/pages/static-pages/6922e10a933eb65569e29cd2,চুয়াডাঙ্গা পোস্ট কোড,Alamdanga,exact
Khulna,Chuadanga,Alamdanga,Hardi EDSO,7211,https://bdpost.gov.bd/pages/static-pages/6922e10a933eb65569e29cd2,চুয়াডাঙ্গা পোস্ট কোড,Alamdanga,exact
Khulna,Chuadanga,Chuadanga Sadar,Chuadanga HO,7200,https://bdpost.gov.bd/pages/static-pages/6922e10a933eb65569e29cd2,চুয়াডাঙ্গা পোস্ট কোড,Sadar,safe_candidate
Khulna,Chuadanga,Chuadanga Sadar,Munshigonj SO,7201,https://bdpost.gov.bd/pages/static-pages/6922e10a933eb65569e29cd2,চুয়াডাঙ্গা পোস্ট কোড,Sadar,safe_candidate
Khulna,Chuadanga,Damurhuda,Andulbaria EDSO,7222,https://bdpost.gov.bd/pages/static-pages/6922e10a933eb65569e29cd2,চুয়াডাঙ্গা পোস্ট কোড,Damurhuda,exact
Khulna,Chuadanga,Damurhuda,Daesana (LSG) SO,7221,https://bdpost.gov.bd/pages/static-pages/6922e10a933eb65569e29cd2,চুয়াডাঙ্গা পোস্ট কোড,Damurhuda,exact
Khulna,Chuadanga,Damurhuda,Damurhuda UPO,7220,https://bdpost.gov.bd/pages/static-pages/6922e10a933eb65569e29cd2,চুয়াডাঙ্গা পোস্ট কোড,Damurhuda,exact
Khulna,Chuadanga,Jibannagar,Daulagonj (Jibannagar) UPO,7230,https://bdpost.gov.bd/pages/static-pages/6922e10a933eb65569e29cd2,চুয়াডাঙ্গা পোস্ট কোড,Daulagonj (Jibannagar),parenthetical
Khulna,Jashore,Abhaynagar,Bhugilhat SO,7462,https://bdpost.gov.bd/pages/static-pages/6922dd8f933eb65569e15762,যশোর পোস্ট কোড,Noapara (Avay Nagar),second_pass_audited
Khulna,Jashore,Abhaynagar,Noapara (Avay Nagar) UPO,7460,https://bdpost.gov.bd/pages/static-pages/6922dd8f933eb65569e15762,যশোর পোস্ট কোড,Noapara (Avay Nagar),second_pass_audited
Khulna,Jashore,Abhaynagar,Rajhat SO,7461,https://bdpost.gov.bd/pages/static-pages/6922dd8f933eb65569e15762,যশোর পোস্ট কোড,Noapara (Avay Nagar),second_pass_audited
Khulna,Jashore,Bagherpara,Bagarpara UPo,7470,https://bdpost.gov.bd/pages/static-pages/6922dd8f933eb65569e15762,যশোর পোস্ট কোড,Bagarpara,explicit_manual_alias
Khulna,Jashore,Bagherpara,Gour Nagar EDSO,7471,https://bdpost.gov.bd/pages/static-pages/6922dd8f933eb65569e15762,যশোর পোস্ট কোড,Bagarpara,explicit_manual_alias
Khulna,Jashore,Benapole Port,,,,,,canonical_fallback_no_verified_postal_row
Khulna,Jashore,Chougachha,Chawgacha UPO,7410,https://bdpost.gov.bd/pages/static-pages/6922dd8f933eb65569e15762,যশোর পোস্ট কোড,Chawgacha,explicit_manual_alias
Khulna,Jashore,Jashore Sadar,Basundia SO,7406,https://bdpost.gov.bd/pages/static-pages/6922dd8f933eb65569e15762,যশোর পোস্ট কোড,Sadar,safe_candidate
Khulna,Jashore,Jashore Sadar,chachra UC TSO,7402,https://bdpost.gov.bd/pages/static-pages/6922dd8f933eb65569e15762,যশোর পোস্ট কোড,Sadar,safe_candidate
Khulna,Jashore,Jashore Sadar,Churamankati SO,7407,https://bdpost.gov.bd/pages/static-pages/6922dd8f933eb65569e15762,যশোর পোস্ট কোড,Sadar,safe_candidate
Khulna,Jashore,Jashore Sadar,Jashore Air Base TSO,7404,https://bdpost.gov.bd/pages/static-pages/6922dd8f933eb65569e15762,যশোর পোস্ট কোড,Sadar,safe_candidate
Khulna,Jashore,Jashore Sadar,Jashore Cantt. TSO,7403,https://bdpost.gov.bd/pages/static-pages/6922dd8f933eb65569e15762,যশোর পোস্ট কোড,Sadar,safe_candidate
Khulna,Jashore,Jashore Sadar,Jashore HO,7400,https://bdpost.gov.bd/pages/static-pages/6922dd8f933eb65569e15762,যশোর পোস্ট কোড,Sadar,safe_candidate
Khulna,Jashore,Jashore Sadar,Jashore Sattelite TSO,7401,https://bdpost.gov.bd/pages/static-pages/6922dd8f933eb65569e15762,যশোর পোস্ট কোড,Sadar,safe_candidate
Khulna,Jashore,Jashore Sadar,Rupdia EDSO,7405,https://bdpost.gov.bd/pages/static-pages/6922dd8f933eb65569e15762,যশোর পোস্ট কোড,Sadar,safe_candidate
Khulna,Jashore,Jhikargacha,Jhekargacha UPo,7420,https://bdpost.gov.bd/pages/static-pages/6922dd8f933eb65569e15762,যশোর পোস্ট কোড,Jhekargacha,safe_candidate
Khulna,Jashore,Keshabpur,Keshabpur UPO,7450,https://bdpost.gov.bd/pages/static-pages/6922dd8f933eb65569e15762,যশোর পোস্ট কোড,Keshabpur,exact
Khulna,Jashore,Manirampur,Monirampur UPo,7440,https://bdpost.gov.bd/pages/static-pages/6922dd8f933eb65569e15762,যশোর পোস্ট কোড,Monirampur,safe_candidate
Khulna,Jashore,Sharsha,Bag Achra EDSO,7433,https://bdpost.gov.bd/pages/static-pages/6922dd8f933eb65569e15762,যশোর পোস্ট কোড,Sarsha,safe_candidate
Khulna,Jashore,Sharsha,Benapole SO,7431,https://bdpost.gov.bd/pages/static-pages/6922dd8f933eb65569e15762,যশোর পোস্ট কোড,Sarsha,safe_candidate
Khulna,Jashore,Sharsha,Jadabpur SO,7432,https://bdpost.gov.bd/pages/static-pages/6922dd8f933eb65569e15762,যশোর পোস্ট কোড,Sarsha,safe_candidate
Khulna,Jashore,Sharsha,Sarsha UPO,7430,https://bdpost.gov.bd/pages/static-pages/6922dd8f933eb65569e15762,যশোর পোস্ট কোড,Sarsha,safe_candidate
Khulna,Jhenaidah,Harinakundu,Harina Kunda UPO,7310,https://bdpost.gov.bd/pages/static-pages/6922de99933eb65569e1be30,ঝিনাইদহ পোস্ট কোড,Harina Kunda,safe_candidate
Khulna,Jhenaidah,Jhenaidah Sadar,Jhenaidah Cadet College SO,7301,https://bdpost.gov.bd/pages/static-pages/6922de99933eb65569e1be30,ঝিনাইদহ পোস্ট কোড,Sadar,safe_candidate
Khulna,Jhenaidah,Jhenaidah Sadar,Jhenaidah HO,7300,https://bdpost.gov.bd/pages/static-pages/6922de99933eb65569e1be30,ঝিনাইদহ পোস্ট কোড,Sadar,safe_candidate
Khulna,Jhenaidah,Kaliganj,Hatbar Bazar SO,7351,https://bdpost.gov.bd/pages/static-pages/6922de99933eb65569e1be30,ঝিনাইদহ পোস্ট কোড,Naldanga (Kaligonj),second_pass_audited
Khulna,Jhenaidah,Kaliganj,Naldanga (Kaligonj) UPO,7350,https://bdpost.gov.bd/pages/static-pages/6922de99933eb65569e1be30,ঝিনাইদহ পোস্ট কোড,Naldanga (Kaligonj),second_pass_audited
Khulna,Jhenaidah,Kotchandpur,Court Chandpur UPO,7330,https://bdpost.gov.bd/pages/static-pages/6922de99933eb65569e1be30,ঝিনাইদহ পোস্ট কোড,Court Chandpur,explicit_manual_alias
Khulna,Jhenaidah,Moheshpur,Maheshpur UPO,7340,https://bdpost.gov.bd/pages/static-pages/6922de99933eb65569e1be30,ঝিনাইদহ পোস্ট কোড,Maheshpur,safe_candidate
Khulna,Jhenaidah,Shailkupa,Kumaradah EDSO,7321,https://bdpost.gov.bd/pages/static-pages/6922de99933eb65569e1be30,ঝিনাইদহ পোস্ট কোড,Shailakupa,safe_candidate
Khulna,Jhenaidah,Shailkupa,Shailakupa UPO,7320,https://bdpost.gov.bd/pages/static-pages/6922de99933eb65569e1be30,ঝিনাইদহ পোস্ট কোড,Shailakupa,safe_candidate
Khulna,Khulna,Aranghata,,,,,,canonical_fallback_no_verified_postal_row
Khulna,Khulna,Botiaghata,Batiaghat UPO,9260,https://bdpost.gov.bd/pages/static-pages/6922dda6933eb65569e15bf2,খুলনা পোস্ট কোড,Batiaghat,explicit_manual_alias
Khulna,Khulna,Botiaghata,Surkhali EDSO,9261,https://bdpost.gov.bd/pages/static-pages/6922dda6933eb65569e15bf2,খুলনা পোস্ট কোড,Batiaghat,explicit_manual_alias
Khulna,Khulna,Dakop,Bajuya SO,9272,https://bdpost.gov.bd/pages/static-pages/6922dda6933eb65569e15bf2,খুলনা পোস্ট কোড,Chalna Bazar (Dakup),legacy_alias_explicit
Khulna,Khulna,Dakop,Chalna Bazar (Dakup) UPO,9270,https://bdpost.gov.bd/pages/static-pages/6922dda6933eb65569e15bf2,খুলনা পোস্ট কোড,Chalna Bazar (Dakup),legacy_alias_explicit
Khulna,Khulna,Dakop,Dakup EDSO,9271,https://bdpost.gov.bd/pages/static-pages/6922dda6933eb65569e15bf2,খুলনা পোস্ট কোড,Chalna Bazar (Dakup),legacy_alias_explicit
Khulna,Khulna,Dakop,Naliyan SO,9273,https://bdpost.gov.bd/pages/static-pages/6922dda6933eb65569e15bf2,খুলনা পোস্ট কোড,Chalna Bazar (Dakup),legacy_alias_explicit
Khulna,Khulna,Daulatpur,,,,,,canonical_fallback_no_verified_postal_row
Khulna,Khulna,Digholia,Chandani Mohal SO,9221,https://bdpost.gov.bd/pages/static-pages/6922dda6933eb65569e15bf2,খুলনা পোস্ট কোড,Digalia,explicit_manual_alias
Khulna,Khulna,Digholia,Digalia UPO,9220,https://bdpost.gov.bd/pages/static-pages/6922dda6933eb65569e15bf2,খুলনা পোস্ট কোড,Digalia,explicit_manual_alias
Khulna,Khulna,Digholia,Goshgati Barakpur EDSO,9223,https://bdpost.gov.bd/pages/static-pages/6922dda6933eb65569e15bf2,খুলনা পোস্ট কোড,Digalia,explicit_manual_alias
Khulna,Khulna,Digholia,Senhati SO,9222,https://bdpost.gov.bd/pages/static-pages/6922dda6933eb65569e15bf2,খুলনা পোস্ট কোড,Digalia,explicit_manual_alias
Khulna,Khulna,Dumuria,Chuknagar SO,9252,https://bdpost.gov.bd/pages/static-pages/6922dda6933eb65569e15bf2,খুলনা পোস্ট কোড,Sajiara (Dumuria),parenthetical
Khulna,Khulna,Dumuria,Ghonabanda EDSO,9251,https://bdpost.gov.bd/pages/static-pages/6922dda6933eb65569e15bf2,খুলনা পোস্ট কোড,Sajiara (Dumuria),parenthetical
Khulna,Khulna,Dumuria,Sajiara (Dumuria) UPO,9250,https://bdpost.gov.bd/pages/static-pages/6922dda6933eb65569e15bf2,খুলনা পোস্ট কোড,Sajiara (Dumuria),parenthetical
Khulna,Khulna,Dumuria,Shahapur SO,9253,https://bdpost.gov.bd/pages/static-pages/6922dda6933eb65569e15bf2,খুলনা পোস্ট কোড,Sajiara (Dumuria),parenthetical
Khulna,Khulna,Fultola,Fultala UPO,9210,https://bdpost.gov.bd/pages/static-pages/6922dda6933eb65569e15bf2,খুলনা পোস্ট কোড,Fultala,explicit_manual_alias
Khulna,Khulna,Horintana,,,,,,canonical_fallback_no_verified_postal_row
Khulna,Khulna,Khalishpur,,,,,,canonical_fallback_no_verified_postal_row
Khulna,Khulna,Khan Jahan Ali,,,,,,canonical_fallback_no_verified_postal_row
Khulna,Khulna,Khulna Sadar,Atra Industrial TSO,9207,https://bdpost.gov.bd/pages/static-pages/6922dda6933eb65569e15bf2,খুলনা পোস্ট কোড,Sadar,safe_candidate
Khulna,Khulna,Khulna Sadar,BITT SO,9203,https://bdpost.gov.bd/pages/static-pages/6922dda6933eb65569e15bf2,খুলনা পোস্ট কোড,Sadar,safe_candidate
Khulna,Khulna,Khulna Sadar,Daulatpur TSO,9202,https://bdpost.gov.bd/pages/static-pages/6922dda6933eb65569e15bf2,খুলনা পোস্ট কোড,Sadar,safe_candidate
Khulna,Khulna,Khulna Sadar,Jahanabad Cantt. TSO,9205,https://bdpost.gov.bd/pages/static-pages/6922dda6933eb65569e15bf2,খুলনা পোস্ট কোড,Sadar,safe_candidate
Khulna,Khulna,Khulna Sadar,Khulna City HO,9100,https://bdpost.gov.bd/pages/static-pages/6922dda6933eb65569e15bf2,খুলনা পোস্ট কোড,Sadar,safe_candidate
Khulna,Khulna,Khulna Sadar,Khulna GPO,9000,https://bdpost.gov.bd/pages/static-pages/6922dda6933eb65569e15bf2,খুলনা পোস্ট কোড,Sadar,safe_candidate
Khulna,Khulna,Khulna Sadar,Khulna Shipyard SO,9201,https://bdpost.gov.bd/pages/static-pages/6922dda6933eb65569e15bf2,খুলনা পোস্ট কোড,Sadar,safe_candidate
Khulna,Khulna,Khulna Sadar,Khulna University TSO,9208,https://bdpost.gov.bd/pages/static-pages/6922dda6933eb65569e15bf2,খুলনা পোস্ট কোড,Sadar,safe_candidate
Khulna,Khulna,Khulna Sadar,Sirmani TSO,9204,https://bdpost.gov.bd/pages/static-pages/6922dda6933eb65569e15bf2,খুলনা পোস্ট কোড,Sadar,safe_candidate
Khulna,Khulna,Khulna Sadar,Sonali Jute Mills TSO,9206,https://bdpost.gov.bd/pages/static-pages/6922dda6933eb65569e15bf2,খুলনা পোস্ট কোড,Sadar,safe_candidate
Khulna,Khulna,Koyra,Amadi SO,9291,https://bdpost.gov.bd/pages/static-pages/6922dda6933eb65569e15bf2,খুলনা পোস্ট কোড,Madinabad (Koyra),parenthetical
Khulna,Khulna,Koyra,Madinabad (Koyra) UPO,9290,https://bdpost.gov.bd/pages/static-pages/6922dda6933eb65569e15bf2,খুলনা পোস্ট কোড,Madinabad (Koyra),parenthetical
Khulna,Khulna,Labanchara,,,,,,canonical_fallback_no_verified_postal_row
Khulna,Khulna,Paikgasa,Chandkhali EDSO,9284,https://bdpost.gov.bd/pages/static-pages/6922dda6933eb65569e15bf2,খুলনা পোস্ট কোড,Palkgacha,explicit_manual_alias
Khulna,Khulna,Paikgasa,Gadaipur EDSO,9281,https://bdpost.gov.bd/pages/static-pages/6922dda6933eb65569e15bf2,খুলনা পোস্ট কোড,Palkgacha,explicit_manual_alias
Khulna,Khulna,Paikgasa,Garhaikhali SO,9285,https://bdpost.gov.bd/pages/static-pages/6922dda6933eb65569e15bf2,খুলনা পোস্ট কোড,Palkgacha,explicit_manual_alias
Khulna,Khulna,Paikgasa,Kapilmuni SO,9282,https://bdpost.gov.bd/pages/static-pages/6922dda6933eb65569e15bf2,খুলনা পোস্ট কোড,Palkgacha,explicit_manual_alias
Khulna,Khulna,Paikgasa,Katipara EDSO,9283,https://bdpost.gov.bd/pages/static-pages/6922dda6933eb65569e15bf2,খুলনা পোস্ট কোড,Palkgacha,explicit_manual_alias
Khulna,Khulna,Paikgasa,Palkgacha UPO,9280,https://bdpost.gov.bd/pages/static-pages/6922dda6933eb65569e15bf2,খুলনা পোস্ট কোড,Palkgacha,explicit_manual_alias
Khulna,Khulna,Rupsha,Alaipur (Rupsha) UPO,9240,https://bdpost.gov.bd/pages/static-pages/6922dda6933eb65569e15bf2,খুলনা পোস্ট কোড,Alaipur (Rupsha),parenthetical
Khulna,Khulna,Rupsha,Belfulia SO,9242,https://bdpost.gov.bd/pages/static-pages/6922dda6933eb65569e15bf2,খুলনা পোস্ট কোড,Alaipur (Rupsha),parenthetical
Khulna,Khulna,Rupsha,Ropsa East SO,9241,https://bdpost.gov.bd/pages/static-pages/6922dda6933eb65569e15bf2,খুলনা পোস্ট কোড,Alaipur (Rupsha),parenthetical
Khulna,Khulna,Sonadanga,,,,,,canonical_fallback_no_verified_postal_row
Khulna,Khulna,Terokhada,Pak Barasat EDSO,9231,https://bdpost.gov.bd/pages/static-pages/6922dda6933eb65569e15bf2,খুলনা পোস্ট কোড,Terakhada,safe_candidate
Khulna,Khulna,Terokhada,Terakhada UPO,9230,https://bdpost.gov.bd/pages/static-pages/6922dda6933eb65569e15bf2,খুলনা পোস্ট কোড,Terakhada,safe_candidate
Khulna,Kushtia,Bheramara,Allahr Darga SO,7042,https://bdpost.gov.bd/pages/static-pages/6922dde1933eb65569e16df6,কুস্টিয়া পোস্ট কোড,Bheramara,exact
Khulna,Kushtia,Bheramara,Bheramara UPO,7040,https://bdpost.gov.bd/pages/static-pages/6922dde1933eb65569e16df6,কুস্টিয়া পোস্ট কোড,Bheramara,exact
Khulna,Kushtia,Bheramara,Ganges Bheramara SO,7041,https://bdpost.gov.bd/pages/static-pages/6922dde1933eb65569e16df6,কুস্টিয়া পোস্ট কোড,Bheramara,exact
Khulna,Kushtia,Daulatpur,Khas Mathurapur SO,7052,https://bdpost.gov.bd/pages/static-pages/6922dde1933eb65569e16df6,কুস্টিয়া পোস্ট কোড,Refayetpur (Daulatpur),parenthetical
Khulna,Kushtia,Daulatpur,Refayetpur (Daulatpur) UPO,7050,https://bdpost.gov.bd/pages/static-pages/6922dde1933eb65569e16df6,কুস্টিয়া পোস্ট কোড,Refayetpur (Daulatpur),parenthetical
Khulna,Kushtia,Daulatpur,Taragunia SO,7051,https://bdpost.gov.bd/pages/static-pages/6922dde1933eb65569e16df6,কুস্টিয়া পোস্ট কোড,Refayetpur (Daulatpur),parenthetical
Khulna,Kushtia,Khoksa,Janipur (Khoksa) UPO,7020,https://bdpost.gov.bd/pages/static-pages/6922dde1933eb65569e16df6,কুস্টিয়া পোস্ট কোড,Janipur (Khoksa),parenthetical
Khulna,Kushtia,Khoksa,Khoksa SO,7021,https://bdpost.gov.bd/pages/static-pages/6922dde1933eb65569e16df6,কুস্টিয়া পোস্ট কোড,Janipur (Khoksa),parenthetical
Khulna,Kushtia,Kumarkhali,Kumarkhali UPO,7010,https://bdpost.gov.bd/pages/static-pages/6922dde1933eb65569e16df6,কুস্টিয়া পোস্ট কোড,Kumarkhali,exact
Khulna,Kushtia,Kumarkhali,Panti EDSO,7011,https://bdpost.gov.bd/pages/static-pages/6922dde1933eb65569e16df6,কুস্টিয়া পোস্ট কোড,Kumarkhali,exact
Khulna,Kushtia,Kushtia Sadar,Islamic University SO,7003,https://bdpost.gov.bd/pages/static-pages/6922dde1933eb65569e16df6,কুস্টিয়া পোস্ট কোড,Sadar,safe_candidate
Khulna,Kushtia,Kushtia Sadar,Jagati SO,7002,https://bdpost.gov.bd/pages/static-pages/6922dde1933eb65569e16df6,কুস্টিয়া পোস্ট কোড,Sadar,safe_candidate
Khulna,Kushtia,Kushtia Sadar,Kushtia HO,7000,https://bdpost.gov.bd/pages/static-pages/6922dde1933eb65569e16df6,কুস্টিয়া পোস্ট কোড,Sadar,safe_candidate
Khulna,Kushtia,Kushtia Sadar,Kushtia Mohini Mills TSO,7001,https://bdpost.gov.bd/pages/static-pages/6922dde1933eb65569e16df6,কুস্টিয়া পোস্ট কোড,Sadar,safe_candidate
Khulna,Kushtia,Mirpur,Amla Sadarpur EDSO,7032,https://bdpost.gov.bd/pages/static-pages/6922dde1933eb65569e16df6,কুস্টিয়া পোস্ট কোড,Mirpur,exact
Khulna,Kushtia,Mirpur,Mirpur UPO,7030,https://bdpost.gov.bd/pages/static-pages/6922dde1933eb65569e16df6,কুস্টিয়া পোস্ট কোড,Mirpur,exact
Khulna,Kushtia,Mirpur,Puradah SO,7031,https://bdpost.gov.bd/pages/static-pages/6922dde1933eb65569e16df6,কুস্টিয়া পোস্ট কোড,Mirpur,exact
Khulna,Magura,Magura Sadar,Magura HO,7600,https://bdpost.gov.bd/pages/static-pages/6922df48933eb65569e210aa,মাগুড়া পোস্ট কোড,Sadar,safe_candidate
Khulna,Magura,Mohammadpur,Benodpur EDSO,7631,https://bdpost.gov.bd/pages/static-pages/6922df48933eb65569e210aa,মাগুড়া পোস্ট কোড,Mohammadpur,exact
Khulna,Magura,Mohammadpur,Mohammadpur UPO,7630,https://bdpost.gov.bd/pages/static-pages/6922df48933eb65569e210aa,মাগুড়া পোস্ট কোড,Mohammadpur,exact
Khulna,Magura,Mohammadpur,Nahata SO,7632,https://bdpost.gov.bd/pages/static-pages/6922df48933eb65569e210aa,মাগুড়া পোস্ট কোড,Mohammadpur,exact
Khulna,Magura,Shalikha,Arpara (Salikha) UPO,7620,https://bdpost.gov.bd/pages/static-pages/6922df48933eb65569e210aa,মাগুড়া পোস্ট কোড,Arpara (Salikha),second_pass_audited
Khulna,Magura,Sreepur,Langalband SO,7611,https://bdpost.gov.bd/pages/static-pages/6922df48933eb65569e210aa,মাগুড়া পোস্ট কোড,Sreepur,exact
Khulna,Magura,Sreepur,Nakul EDSO,7612,https://bdpost.gov.bd/pages/static-pages/6922df48933eb65569e210aa,মাগুড়া পোস্ট কোড,Sreepur,exact
Khulna,Magura,Sreepur,Sreepur UPO,7610,https://bdpost.gov.bd/pages/static-pages/6922df48933eb65569e210aa,মাগুড়া পোস্ট কোড,Sreepur,exact
Khulna,Meherpur,Gangni,Gangni UPO,7110,https://bdpost.gov.bd/pages/static-pages/6922ddb0933eb65569e15e32,মেহেরপুর পোস্ট কোড,Gangni,exact
Khulna,Meherpur,Meherpur Sadar,Amjupi SO,7101,https://bdpost.gov.bd/pages/static-pages/6922ddb0933eb65569e15e32,মেহেরপুর পোস্ট কোড,Sadar,safe_candidate
Khulna,Meherpur,Meherpur Sadar,Meherpur HO,7100,https://bdpost.gov.bd/pages/static-pages/6922ddb0933eb65569e15e32,মেহেরপুর পোস্ট কোড,Sadar,safe_candidate
Khulna,Meherpur,Meherpur Sadar,Mujibnagar Complex SO,7102,https://bdpost.gov.bd/pages/static-pages/6922ddb0933eb65569e15e32,মেহেরপুর পোস্ট কোড,Sadar,safe_candidate
Khulna,Meherpur,Mujibnagar,,,,,,canonical_fallback_no_verified_postal_row
Khulna,Narail,Kalia,Kalia UPO,7520,https://bdpost.gov.bd/pages/static-pages/6922e022933eb65569e25a42,নড়াইল পোস্ট কোড,Kalia,exact
Khulna,Narail,Kalia,Mahajan SO,7521,https://bdpost.gov.bd/pages/static-pages/6922e022933eb65569e25a42,নড়াইল পোস্ট কোড,Kalia,exact
Khulna,Narail,Lohagara,Bardia SO,7514,https://bdpost.gov.bd/pages/static-pages/6922e022933eb65569e25a42,নড়াইল পোস্ট কোড,Lakshmipasa (Lohagara),parenthetical
Khulna,Narail,Lohagara,Itna SO,7512,https://bdpost.gov.bd/pages/static-pages/6922e022933eb65569e25a42,নড়াইল পোস্ট কোড,Lakshmipasa (Lohagara),parenthetical
Khulna,Narail,Lohagara,Lakshmipasa (Lohagara) UPO,7510,https://bdpost.gov.bd/pages/static-pages/6922e022933eb65569e25a42,নড়াইল পোস্ট কোড,Lakshmipasa (Lohagara),parenthetical
Khulna,Narail,Lohagara,Lohagara SO,7511,https://bdpost.gov.bd/pages/static-pages/6922e022933eb65569e25a42,নড়াইল পোস্ট কোড,Lakshmipasa (Lohagara),parenthetical
Khulna,Narail,Lohagara,Naldi SO,7513,https://bdpost.gov.bd/pages/static-pages/6922e022933eb65569e25a42,নড়াইল পোস্ট কোড,Lakshmipasa (Lohagara),parenthetical
Khulna,Narail,Narail Sadar,Narail HO,7500,https://bdpost.gov.bd/pages/static-pages/6922e022933eb65569e25a42,নড়াইল পোস্ট কোড,Sadar,safe_candidate
Khulna,Narail,Narail Sadar,Ratangonj SO,7501,https://bdpost.gov.bd/pages/static-pages/6922e022933eb65569e25a42,নড়াইল পোস্ট কোড,Sadar,safe_candidate
Khulna,Satkhira,Assasuni,Ashashuni UPO,9460,https://bdpost.gov.bd/pages/static-pages/6922de0f933eb65569e17f03,সাতক্ষীরা পোস্ট কোড,Ashashuni,explicit_manual_alias
Khulna,Satkhira,Assasuni,Bardal SO,9461,https://bdpost.gov.bd/pages/static-pages/6922de0f933eb65569e17f03,সাতক্ষীরা পোস্ট কোড,Ashashuni,explicit_manual_alias
Khulna,Satkhira,Debhata,Debhata UPO,9430,https://bdpost.gov.bd/pages/static-pages/6922de0f933eb65569e17f03,সাতক্ষীরা পোস্ট কোড,Debhata,exact
Khulna,Satkhira,Debhata,Gurugram EDSO,9431,https://bdpost.gov.bd/pages/static-pages/6922de0f933eb65569e17f03,সাতক্ষীরা পোস্ট কোড,Debhata,exact
Khulna,Satkhira,Kalaroa,Chandanpur EDSO,9415,https://bdpost.gov.bd/pages/static-pages/6922de0f933eb65569e17f03,সাতক্ষীরা পোস্ট কোড,Kolaroa,explicit_manual_alias
Khulna,Satkhira,Kalaroa,Hamidpur EDSO,9413,https://bdpost.gov.bd/pages/static-pages/6922de0f933eb65569e17f03,সাতক্ষীরা পোস্ট কোড,Kolaroa,explicit_manual_alias
Khulna,Satkhira,Kalaroa,Jhaodanga EDSO,9412,https://bdpost.gov.bd/pages/static-pages/6922de0f933eb65569e17f03,সাতক্ষীরা পোস্ট কোড,Kolaroa,explicit_manual_alias
Khulna,Satkhira,Kalaroa,Khordu EDSO,9414,https://bdpost.gov.bd/pages/static-pages/6922de0f933eb65569e17f03,সাতক্ষীরা পোস্ট কোড,Kolaroa,explicit_manual_alias
Khulna,Satkhira,Kalaroa,Kolaroa UPO,9410,https://bdpost.gov.bd/pages/static-pages/6922de0f933eb65569e17f03,সাতক্ষীরা পোস্ট কোড,Kolaroa,explicit_manual_alias
Khulna,Satkhira,Kalaroa,Murarikati EDSO,9411,https://bdpost.gov.bd/pages/static-pages/6922de0f933eb65569e17f03,সাতক্ষীরা পোস্ট কোড,Kolaroa,explicit_manual_alias
Khulna,Satkhira,Kaliganj,Kaligonj UPO,9440,https://bdpost.gov.bd/pages/static-pages/6922de0f933eb65569e17f03,সাতক্ষীরা পোস্ট কোড,Kaligonj,second_pass_audited
Khulna,Satkhira,Kaliganj,Nalta Mubarak Nagar SO,9441,https://bdpost.gov.bd/pages/static-pages/6922de0f933eb65569e17f03,সাতক্ষীরা পোস্ট কোড,Kaligonj,second_pass_audited
Khulna,Satkhira,Kaliganj,Ratanpur EDSO,9442,https://bdpost.gov.bd/pages/static-pages/6922de0f933eb65569e17f03,সাতক্ষীরা পোস্ট কোড,Kaligonj,second_pass_audited
Khulna,Satkhira,Satkhira Sadar,Buddhat EDSO,9403,https://bdpost.gov.bd/pages/static-pages/6922de0f933eb65569e17f03,সাতক্ষীরা পোস্ট কোড,Sadar,safe_candidate
Khulna,Satkhira,Satkhira Sadar,Gunakarkti EDSO,9402,https://bdpost.gov.bd/pages/static-pages/6922de0f933eb65569e17f03,সাতক্ষীরা পোস্ট কোড,Sadar,safe_candidate
Khulna,Satkhira,Satkhira Sadar,Satkhira HO,9400,https://bdpost.gov.bd/pages/static-pages/6922de0f933eb65569e17f03,সাতক্ষীরা পোস্ট কোড,Sadar,safe_candidate
Khulna,Satkhira,Satkhira Sadar,Satkhira Islamia Academy SO,9401,https://bdpost.gov.bd/pages/static-pages/6922de0f933eb65569e17f03,সাতক্ষীরা পোস্ট কোড,Sadar,safe_candidate
Khulna,Satkhira,Shyamnagar,Burigoalini EDSO,9453,https://bdpost.gov.bd/pages/static-pages/6922de0f933eb65569e17f03,সাতক্ষীরা পোস্ট কোড,Nakipur (Shyamnagar),parenthetical
Khulna,Satkhira,Shyamnagar,Gabura EDSo,9454,https://bdpost.gov.bd/pages/static-pages/6922de0f933eb65569e17f03,সাতক্ষীরা পোস্ট কোড,Nakipur (Shyamnagar),parenthetical
Khulna,Satkhira,Shyamnagar,Habinagar EDSO,9455,https://bdpost.gov.bd/pages/static-pages/6922de0f933eb65569e17f03,সাতক্ষীরা পোস্ট কোড,Nakipur (Shyamnagar),parenthetical
Khulna,Satkhira,Shyamnagar,Nakipur (Shyamnagar) UPO,9450,https://bdpost.gov.bd/pages/static-pages/6922de0f933eb65569e17f03,সাতক্ষীরা পোস্ট কোড,Nakipur (Shyamnagar),parenthetical
Khulna,Satkhira,Shyamnagar,Naobeki EDSO,9452,https://bdpost.gov.bd/pages/static-pages/6922de0f933eb65569e17f03,সাতক্ষীরা পোস্ট কোড,Nakipur (Shyamnagar),parenthetical
Khulna,Satkhira,Shyamnagar,Nurnagar EDSO,9451,https://bdpost.gov.bd/pages/static-pages/6922de0f933eb65569e17f03,সাতক্ষীরা পোস্ট কোড,Nakipur (Shyamnagar),parenthetical
Khulna,Satkhira,Tala,Patkrlghata SO,9421,https://bdpost.gov.bd/pages/static-pages/6922de0f933eb65569e17f03,সাতক্ষীরা পোস্ট কোড,Tala,exact
Khulna,Satkhira,Tala,Tala UPO,9420,https://bdpost.gov.bd/pages/static-pages/6922de0f933eb65569e17f03,সাতক্ষীরা পোস্ট কোড,Tala,exact
Mymensingh,Jamalpur,Bokshiganj,Bakshigonj,2140,https://bdpost.gov.bd/pages/static-pages/6922e064933eb65569e26d35,শেরপুর পোস্ট কোড,Bakshigonj,cross_district_reassign
Mymensingh,Jamalpur,Dewangonj,Dewangonj S Mills SO,2031,https://bdpost.gov.bd/pages/static-pages/6922e10f933eb65569e29f1a,জামালপুর পোস্ট কোড,Dewangonj,exact
Mymensingh,Jamalpur,Dewangonj,Dewangonj UPO,2030,https://bdpost.gov.bd/pages/static-pages/6922e10f933eb65569e29f1a,জামালপুর পোস্ট কোড,Dewangonj,exact
Mymensingh,Jamalpur,Islampur,Durmot SO,2021,https://bdpost.gov.bd/pages/static-pages/6922e10f933eb65569e29f1a,জামালপুর পোস্ট কোড,Islampur,exact
Mymensingh,Jamalpur,Islampur,Gilabari SO,2022,https://bdpost.gov.bd/pages/static-pages/6922e10f933eb65569e29f1a,জামালপুর পোস্ট কোড,Islampur,exact
Mymensingh,Jamalpur,Islampur,Islampur UPO,2020,https://bdpost.gov.bd/pages/static-pages/6922e10f933eb65569e29f1a,জামালপুর পোস্ট কোড,Islampur,exact
Mymensingh,Jamalpur,Jamalpur Sadar,Jamalpur Ho,2000,https://bdpost.gov.bd/pages/static-pages/6922e10f933eb65569e29f1a,জামালপুর পোস্ট কোড,Sadar,safe_candidate
Mymensingh,Jamalpur,Jamalpur Sadar,Nandina SO,2001,https://bdpost.gov.bd/pages/static-pages/6922e10f933eb65569e29f1a,জামালপুর পোস্ট কোড,Sadar,safe_candidate
Mymensingh,Jamalpur,Jamalpur Sadar,Nurundi SO,2002,https://bdpost.gov.bd/pages/static-pages/6922e10f933eb65569e29f1a,জামালপুর পোস্ট কোড,Sadar,safe_candidate
Mymensingh,Jamalpur,Madarganj,Balijuri SO,2041,https://bdpost.gov.bd/pages/static-pages/6922e10f933eb65569e29f1a,জামালপুর পোস্ট কোড,Madargonj,safe_candidate
Mymensingh,Jamalpur,Madarganj,Madargonj UPO,2040,https://bdpost.gov.bd/pages/static-pages/6922e10f933eb65569e29f1a,জামালপুর পোস্ট কোড,Madargonj,safe_candidate
Mymensingh,Jamalpur,Melandah,Jalalpur EDSO,2011,https://bdpost.gov.bd/pages/static-pages/6922e10f933eb65569e29f1a,জামালপুর পোস্ট কোড,Melandah,exact
Mymensingh,Jamalpur,Melandah,Mahmudpur EDSO,2013,https://bdpost.gov.bd/pages/static-pages/6922e10f933eb65569e29f1a,জামালপুর পোস্ট কোড,Melandah,exact
Mymensingh,Jamalpur,Melandah,Malancha SO,2012,https://bdpost.gov.bd/pages/static-pages/6922e10f933eb65569e29f1a,জামালপুর পোস্ট কোড,Melandah,exact
Mymensingh,Jamalpur,Melandah,Melandah UPO,2010,https://bdpost.gov.bd/pages/static-pages/6922e10f933eb65569e29f1a,জামালপুর পোস্ট কোড,Melandah,exact
Mymensingh,Jamalpur,Sarishabari,Baushi Banguli SO,2052,https://bdpost.gov.bd/pages/static-pages/6922e10f933eb65569e29f1a,জামালপুর পোস্ট কোড,Sarishabari,exact
Mymensingh,Jamalpur,Sarishabari,Gunabari SO,2051,https://bdpost.gov.bd/pages/static-pages/6922e10f933eb65569e29f1a,জামালপুর পোস্ট কোড,Sarishabari,exact
Mymensingh,Jamalpur,Sarishabari,Jagannatghat SO,2053,https://bdpost.gov.bd/pages/static-pages/6922e10f933eb65569e29f1a,জামালপুর পোস্ট কোড,Sarishabari,exact
Mymensingh,Jamalpur,Sarishabari,Jamuna FF SO,2055,https://bdpost.gov.bd/pages/static-pages/6922e10f933eb65569e29f1a,জামালপুর পোস্ট কোড,Sarishabari,exact
Mymensingh,Jamalpur,Sarishabari,Pingna SO,2054,https://bdpost.gov.bd/pages/static-pages/6922e10f933eb65569e29f1a,জামালপুর পোস্ট কোড,Sarishabari,exact
Mymensingh,Jamalpur,Sarishabari,Sarishabari UPO,2050,https://bdpost.gov.bd/pages/static-pages/6922e10f933eb65569e29f1a,জামালপুর পোস্ট কোড,Sarishabari,exact
Mymensingh,Mymensingh,Bhaluka,,,,,,canonical_fallback_no_verified_postal_row
Mymensingh,Mymensingh,Dhobaura,Dhobaura UPO,2416,https://bdpost.gov.bd/pages/static-pages/6922e0f6933eb65569e2955c,নেত্রকোনা পোস্ট কোড,Dhobaura,cross_district_reassign
Mymensingh,Mymensingh,Dhobaura,Goatola,,https://bdpost.gov.bd/pages/static-pages/6922e0f6933eb65569e2955c,নেত্রকোনা পোস্ট কোড,Dhobaura,cross_district_reassign
Mymensingh,Mymensingh,Dhobaura,Munshirhat,,https://bdpost.gov.bd/pages/static-pages/6922e0f6933eb65569e2955c,নেত্রকোনা পোস্ট কোড,Dhobaura,cross_district_reassign
Mymensingh,Mymensingh,Dhobaura,Sakuai EDSO,2417,https://bdpost.gov.bd/pages/static-pages/6922e0f6933eb65569e2955c,নেত্রকোনা পোস্ট কোড,Dhobaura,cross_district_reassign
Mymensingh,Mymensingh,Fulbaria,,,,,,canonical_fallback_no_verified_postal_row
Mymensingh,Mymensingh,Gafargaon,,,,,,canonical_fallback_no_verified_postal_row
Mymensingh,Mymensingh,Gouripur,,,,,,canonical_fallback_no_verified_postal_row
Mymensingh,Mymensingh,Haluaghat,,,,,,canonical_fallback_no_verified_postal_row
Mymensingh,Mymensingh,Iswarganj,,,,,,canonical_fallback_no_verified_postal_row
Mymensingh,Mymensingh,Muktagacha,,,,,,canonical_fallback_no_verified_postal_row
Mymensingh,Mymensingh,Mymensingh Sadar,,,,,,canonical_fallback_no_verified_postal_row
Mymensingh,Mymensingh,Nandail,,,,,,canonical_fallback_no_verified_postal_row
Mymensingh,Mymensingh,Phulpur,,,,,,canonical_fallback_no_verified_postal_row
Mymensingh,Mymensingh,Tarakanda,,,,,,canonical_fallback_no_verified_postal_row
Mymensingh,Mymensingh,Trishal,,,,,,canonical_fallback_no_verified_postal_row
Mymensingh,Netrokona,Atpara,Atpara UPO,2470,https://bdpost.gov.bd/pages/static-pages/6922e0f6933eb65569e2955c,নেত্রকোনা পোস্ট কোড,Atpara,exact
Mymensingh,Netrokona,Atpara,Avoypasha,,https://bdpost.gov.bd/pages/static-pages/6922e0f6933eb65569e2955c,নেত্রকোনা পোস্ট কোড,Atpara,exact
Mymensingh,Netrokona,Atpara,Chargatiya,,https://bdpost.gov.bd/pages/static-pages/6922e0f6933eb65569e2955c,নেত্রকোনা পোস্ট কোড,Atpara,exact
Mymensingh,Netrokona,Atpara,Dijara,,https://bdpost.gov.bd/pages/static-pages/6922e0f6933eb65569e2955c,নেত্রকোনা পোস্ট কোড,Atpara,exact
Mymensingh,Netrokona,Atpara,Khila,,https://bdpost.gov.bd/pages/static-pages/6922e0f6933eb65569e2955c,নেত্রকোনা পোস্ট কোড,Atpara,exact
Mymensingh,Netrokona,Atpara,Koilong,,https://bdpost.gov.bd/pages/static-pages/6922e0f6933eb65569e2955c,নেত্রকোনা পোস্ট কোড,Atpara,exact
Mymensingh,Netrokona,Atpara,Luneshwar,,https://bdpost.gov.bd/pages/static-pages/6922e0f6933eb65569e2955c,নেত্রকোনা পোস্ট কোড,Atpara,exact
Mymensingh,Netrokona,Atpara,Mangolshiddi,,https://bdpost.gov.bd/pages/static-pages/6922e0f6933eb65569e2955c,নেত্রকোনা পোস্ট কোড,Atpara,exact
Mymensingh,Netrokona,Atpara,Modhuakhali,,https://bdpost.gov.bd/pages/static-pages/6922e0f6933eb65569e2955c,নেত্রকোনা পোস্ট কোড,Atpara,exact
Mymensingh,Netrokona,Atpara,Ramsiddo,,https://bdpost.gov.bd/pages/static-pages/6922e0f6933eb65569e2955c,নেত্রকোনা পোস্ট কোড,Atpara,exact
Mymensingh,Netrokona,Atpara,Sharomshiya,,https://bdpost.gov.bd/pages/static-pages/6922e0f6933eb65569e2955c,নেত্রকোনা পোস্ট কোড,Atpara,exact
Mymensingh,Netrokona,Atpara,Shukhari,,https://bdpost.gov.bd/pages/static-pages/6922e0f6933eb65569e2955c,নেত্রকোনা পোস্ট কোড,Atpara,exact
Mymensingh,Netrokona,Atpara,Teligati,,https://bdpost.gov.bd/pages/static-pages/6922e0f6933eb65569e2955c,নেত্রকোনা পোস্ট কোড,Atpara,exact
Mymensingh,Netrokona,Barhatta,Atithpur,,https://bdpost.gov.bd/pages/static-pages/6922e0f6933eb65569e2955c,নেত্রকোনা পোস্ট কোড,Barhatta,exact
Mymensingh,Netrokona,Barhatta,Barhatta UPO,2440,https://bdpost.gov.bd/pages/static-pages/6922e0f6933eb65569e2955c,নেত্রকোনা পোস্ট কোড,Barhatta,exact
Mymensingh,Netrokona,Barhatta,Dashdhar,,https://bdpost.gov.bd/pages/static-pages/6922e0f6933eb65569e2955c,নেত্রকোনা পোস্ট কোড,Barhatta,exact
Mymensingh,Netrokona,Barhatta,Fakirer Bazar,,https://bdpost.gov.bd/pages/static-pages/6922e0f6933eb65569e2955c,নেত্রকোনা পোস্ট কোড,Barhatta,exact
Mymensingh,Netrokona,Barhatta,Raypur,,https://bdpost.gov.bd/pages/static-pages/6922e0f6933eb65569e2955c,নেত্রকোনা পোস্ট কোড,Barhatta,exact
Mymensingh,Netrokona,Barhatta,Rupganj,,https://bdpost.gov.bd/pages/static-pages/6922e0f6933eb65569e2955c,নেত্রকোনা পোস্ট কোড,Barhatta,exact
Mymensingh,Netrokona,Barhatta,Sahta,,https://bdpost.gov.bd/pages/static-pages/6922e0f6933eb65569e2955c,নেত্রকোনা পোস্ট কোড,Barhatta,exact
Mymensingh,Netrokona,Barhatta,Shunoy,,https://bdpost.gov.bd/pages/static-pages/6922e0f6933eb65569e2955c,নেত্রকোনা পোস্ট কোড,Barhatta,exact
Mymensingh,Netrokona,Barhatta,Thakurkona,,https://bdpost.gov.bd/pages/static-pages/6922e0f6933eb65569e2955c,নেত্রকোনা পোস্ট কোড,Barhatta,exact
Mymensingh,Netrokona,Durgapur,Ketta,,https://bdpost.gov.bd/pages/static-pages/6922e0f6933eb65569e2955c,নেত্রকোনা পোস্ট কোড,Susang,legacy_alias_explicit
Mymensingh,Netrokona,Durgapur,Susang UPO,2420,https://bdpost.gov.bd/pages/static-pages/6922e0f6933eb65569e2955c,নেত্রকোনা পোস্ট কোড,Susang,legacy_alias_explicit
Mymensingh,Netrokona,Kalmakanda,Kamakanda UPO,2430,https://bdpost.gov.bd/pages/static-pages/6922e0f6933eb65569e2955c,নেত্রকোনা পোস্ট কোড,Kamakanda,safe_candidate
Mymensingh,Netrokona,Kendua,Ajujiya,,https://bdpost.gov.bd/pages/static-pages/6922e0f6933eb65569e2955c,নেত্রকোনা পোস্ট কোড,Kendua,exact
Mymensingh,Netrokona,Kendua,Alampur,,https://bdpost.gov.bd/pages/static-pages/6922e0f6933eb65569e2955c,নেত্রকোনা পোস্ট কোড,Kendua,exact
Mymensingh,Netrokona,Kendua,Amtola,,https://bdpost.gov.bd/pages/static-pages/6922e0f6933eb65569e2955c,নেত্রকোনা পোস্ট কোড,Kendua,exact
Mymensingh,Netrokona,Kendua,Baghber,,https://bdpost.gov.bd/pages/static-pages/6922e0f6933eb65569e2955c,নেত্রকোনা পোস্ট কোড,Kendua,exact
Mymensingh,Netrokona,Kendua,Balijora,,https://bdpost.gov.bd/pages/static-pages/6922e0f6933eb65569e2955c,নেত্রকোনা পোস্ট কোড,Kendua,exact
Mymensingh,Netrokona,Kendua,Bashati,,https://bdpost.gov.bd/pages/static-pages/6922e0f6933eb65569e2955c,নেত্রকোনা পোস্ট কোড,Kendua,exact
Mymensingh,Netrokona,Kendua,Bhuiyar Bazar,,https://bdpost.gov.bd/pages/static-pages/6922e0f6933eb65569e2955c,নেত্রকোনা পোস্ট কোড,Kendua,exact
Mymensingh,Netrokona,Kendua,Bidyaballabha,,https://bdpost.gov.bd/pages/static-pages/6922e0f6933eb65569e2955c,নেত্রকোনা পোস্ট কোড,Kendua,exact
Mymensingh,Netrokona,Kendua,Dolparampur,,https://bdpost.gov.bd/pages/static-pages/6922e0f6933eb65569e2955c,নেত্রকোনা পোস্ট কোড,Kendua,exact
Mymensingh,Netrokona,Kendua,Durcapur,,https://bdpost.gov.bd/pages/static-pages/6922e0f6933eb65569e2955c,নেত্রকোনা পোস্ট কোড,Kendua,exact
Mymensingh,Netrokona,Kendua,Gonda,,https://bdpost.gov.bd/pages/static-pages/6922e0f6933eb65569e2955c,নেত্রকোনা পোস্ট কোড,Kendua,exact
Mymensingh,Netrokona,Kendua,Goradoba,,https://bdpost.gov.bd/pages/static-pages/6922e0f6933eb65569e2955c,নেত্রকোনা পোস্ট কোড,Kendua,exact
Mymensingh,Netrokona,Kendua,Hararkandi,,https://bdpost.gov.bd/pages/static-pages/6922e0f6933eb65569e2955c,নেত্রকোনা পোস্ট কোড,Kendua,exact
Mymensingh,Netrokona,Kendua,Kachandora,,https://bdpost.gov.bd/pages/static-pages/6922e0f6933eb65569e2955c,নেত্রকোনা পোস্ট কোড,Kendua,exact
Mymensingh,Netrokona,Kendua,Kachimpur,,https://bdpost.gov.bd/pages/static-pages/6922e0f6933eb65569e2955c,নেত্রকোনা পোস্ট কোড,Kendua,exact
Mymensingh,Netrokona,Kendua,Kailati Phatepur,,https://bdpost.gov.bd/pages/static-pages/6922e0f6933eb65569e2955c,নেত্রকোনা পোস্ট কোড,Kendua,exact
Mymensingh,Netrokona,Kendua,Kalashahati,,https://bdpost.gov.bd/pages/static-pages/6922e0f6933eb65569e2955c,নেত্রকোনা পোস্ট কোড,Kendua,exact
Mymensingh,Netrokona,Kendua,Kaliyan,,https://bdpost.gov.bd/pages/static-pages/6922e0f6933eb65569e2955c,নেত্রকোনা পোস্ট কোড,Kendua,exact
Mymensingh,Netrokona,Kendua,Kendua UPO,2480,https://bdpost.gov.bd/pages/static-pages/6922e0f6933eb65569e2955c,নেত্রকোনা পোস্ট কোড,Kendua,exact
Mymensingh,Netrokona,Kendua,Kutubpur,,https://bdpost.gov.bd/pages/static-pages/6922e0f6933eb65569e2955c,নেত্রকোনা পোস্ট কোড,Kendua,exact
Mymensingh,Netrokona,Kendua,Machiali,,https://bdpost.gov.bd/pages/static-pages/6922e0f6933eb65569e2955c,নেত্রকোনা পোস্ট কোড,Kendua,exact
Mymensingh,Netrokona,Kendua,Paikura,,https://bdpost.gov.bd/pages/static-pages/6922e0f6933eb65569e2955c,নেত্রকোনা পোস্ট কোড,Kendua,exact
Mymensingh,Netrokona,Kendua,Sandikona,,https://bdpost.gov.bd/pages/static-pages/6922e0f6933eb65569e2955c,নেত্রকোনা পোস্ট কোড,Kendua,exact
Mymensingh,Netrokona,Kendua,Satashidigar,,https://bdpost.gov.bd/pages/static-pages/6922e0f6933eb65569e2955c,নেত্রকোনা পোস্ট কোড,Kendua,exact
Mymensingh,Netrokona,Khaliajuri,Bolli,,https://bdpost.gov.bd/pages/static-pages/6922e0f6933eb65569e2955c,নেত্রকোনা পোস্ট কোড,Khaliajuri,exact
Mymensingh,Netrokona,Khaliajuri,Khaliajuri UPO,2460,https://bdpost.gov.bd/pages/static-pages/6922e0f6933eb65569e2955c,নেত্রকোনা পোস্ট কোড,Khaliajuri,exact
Mymensingh,Netrokona,Khaliajuri,Mukimpur,,https://bdpost.gov.bd/pages/static-pages/6922e0f6933eb65569e2955c,নেত্রকোনা পোস্ট কোড,Khaliajuri,exact
Mymensingh,Netrokona,Khaliajuri,Nurpur Boali,,https://bdpost.gov.bd/pages/static-pages/6922e0f6933eb65569e2955c,নেত্রকোনা পোস্ট কোড,Khaliajuri,exact
Mymensingh,Netrokona,Khaliajuri,Pach Hat,,https://bdpost.gov.bd/pages/static-pages/6922e0f6933eb65569e2955c,নেত্রকোনা পোস্ট কোড,Khaliajuri,exact
Mymensingh,Netrokona,Khaliajuri,Saldigha EDSO,2462,https://bdpost.gov.bd/pages/static-pages/6922e0f6933eb65569e2955c,নেত্রকোনা পোস্ট কোড,Khaliajuri,exact
Mymensingh,Netrokona,Khaliajuri,Shaldigha,,https://bdpost.gov.bd/pages/static-pages/6922e0f6933eb65569e2955c,নেত্রকোনা পোস্ট কোড,Khaliajuri,exact
Mymensingh,Netrokona,Khaliajuri,Trimohoni,,https://bdpost.gov.bd/pages/static-pages/6922e0f6933eb65569e2955c,নেত্রকোনা পোস্ট কোড,Khaliajuri,exact
Mymensingh,Netrokona,Madan,Boirati,,https://bdpost.gov.bd/pages/static-pages/6922e0f6933eb65569e2955c,নেত্রকোনা পোস্ট কোড,Madan,exact
Mymensingh,Netrokona,Madan,Kaital,,https://bdpost.gov.bd/pages/static-pages/6922e0f6933eb65569e2955c,নেত্রকোনা পোস্ট কোড,Madan,exact
Mymensingh,Netrokona,Madan,Keshjani,,https://bdpost.gov.bd/pages/static-pages/6922e0f6933eb65569e2955c,নেত্রকোনা পোস্ট কোড,Madan,exact
Mymensingh,Netrokona,Madan,Madan UPO,2490,https://bdpost.gov.bd/pages/static-pages/6922e0f6933eb65569e2955c,নেত্রকোনা পোস্ট কোড,Madan,exact
Mymensingh,Netrokona,Madan,Nayekpur,,https://bdpost.gov.bd/pages/static-pages/6922e0f6933eb65569e2955c,নেত্রকোনা পোস্ট কোড,Madan,exact
Mymensingh,Netrokona,Madan,Rajtola,,https://bdpost.gov.bd/pages/static-pages/6922e0f6933eb65569e2955c,নেত্রকোনা পোস্ট কোড,Madan,exact
Mymensingh,Netrokona,Mohongonj,Mohangonj UPO,2446,https://bdpost.gov.bd/pages/static-pages/6922e0f6933eb65569e2955c,নেত্রকোনা পোস্ট কোড,Mohangonj,safe_candidate
Mymensingh,Netrokona,Netrokona Sadar,Bekhairhati SO,2401,https://bdpost.gov.bd/pages/static-pages/6922e0f6933eb65569e2955c,নেত্রকোনা পোস্ট কোড,Sadar,safe_candidate
Mymensingh,Netrokona,Netrokona Sadar,Netrokona HO,2400,https://bdpost.gov.bd/pages/static-pages/6922e0f6933eb65569e2955c,নেত্রকোনা পোস্ট কোড,Sadar,safe_candidate
Mymensingh,Netrokona,Netrokona Sadar,Raydomrouha,,https://bdpost.gov.bd/pages/static-pages/6922e0f6933eb65569e2955c,নেত্রকোনা পোস্ট কোড,Sadar,safe_candidate
Mymensingh,Netrokona,Purbadhala,Bilkaushi,,https://bdpost.gov.bd/pages/static-pages/6922e0f6933eb65569e2955c,নেত্রকোনা পোস্ট কোড,Purbadhala,exact
Mymensingh,Netrokona,Purbadhala,Hironpur,,https://bdpost.gov.bd/pages/static-pages/6922e0f6933eb65569e2955c,নেত্রকোনা পোস্ট কোড,Purbadhala,exact
Mymensingh,Netrokona,Purbadhala,Jariajanjail SO,2412,https://bdpost.gov.bd/pages/static-pages/6922e0f6933eb65569e2955c,নেত্রকোনা পোস্ট কোড,Purbadhala,exact
Mymensingh,Netrokona,Purbadhala,Purbadhala UPO,2410,https://bdpost.gov.bd/pages/static-pages/6922e0f6933eb65569e2955c,নেত্রকোনা পোস্ট কোড,Purbadhala,exact
Mymensingh,Netrokona,Purbadhala,Shyamgonj SO,2411,https://bdpost.gov.bd/pages/static-pages/6922e0f6933eb65569e2955c,নেত্রকোনা পোস্ট কোড,Purbadhala,exact
Mymensingh,Sherpur,Jhenaigati,Jenaigati UPO,2120,https://bdpost.gov.bd/pages/static-pages/6922e064933eb65569e26d35,শেরপুর পোস্ট কোড,Jenaigati,safe_candidate
Mymensingh,Sherpur,Nalitabari,Hati Banda SO,2111,https://bdpost.gov.bd/pages/static-pages/6922e064933eb65569e26d35,শেরপুর পোস্ট কোড,Nalitabari,exact
Mymensingh,Sherpur,Nalitabari,Latifpur,,https://bdpost.gov.bd/pages/static-pages/6922e064933eb65569e26d35,শেরপুর পোস্ট কোড,Nalitabari,exact
Mymensingh,Sherpur,Nalitabari,Nalitabari UPO,2110,https://bdpost.gov.bd/pages/static-pages/6922e064933eb65569e26d35,শেরপুর পোস্ট কোড,Nalitabari,exact
Mymensingh,Sherpur,Nokla,Ganapaddi SO,2151,https://bdpost.gov.bd/pages/static-pages/6922e064933eb65569e26d35,শেরপুর পোস্ট কোড,Nakla,explicit_manual_alias
Mymensingh,Sherpur,Nokla,Nakla UPO,2150,https://bdpost.gov.bd/pages/static-pages/6922e064933eb65569e26d35,শেরপুর পোস্ট কোড,Nakla,explicit_manual_alias
Mymensingh,Sherpur,Sherpur Sadar,Sherpur HO,2100,https://bdpost.gov.bd/pages/static-pages/6922e064933eb65569e26d35,শেরপুর পোস্ট কোড,sadar,safe_candidate
Mymensingh,Sherpur,Sreebordi,Sreebardi UPO,2130,https://bdpost.gov.bd/pages/static-pages/6922e064933eb65569e26d35,শেরপুর পোস্ট কোড,Sreebardi,safe_candidate
Rajshahi,Bogura,Adamdighi,Adam Dighi UPO,5890,https://bdpost.gov.bd/pages/static-pages/6922e0fc933eb65569e296e9,বগুড়া পোস্ট কোড,Adam Dighi,normalized
Rajshahi,Bogura,Adamdighi,Nasaratpur SO,5892,https://bdpost.gov.bd/pages/static-pages/6922e0fc933eb65569e296e9,বগুড়া পোস্ট কোড,Adam Dighi,normalized
Rajshahi,Bogura,Adamdighi,Santahar (LSG) SO,5891,https://bdpost.gov.bd/pages/static-pages/6922e0fc933eb65569e296e9,বগুড়া পোস্ট কোড,Adam Dighi,normalized
Rajshahi,Bogura,Bogra Sadar,Bogura Cantt. SO,5801,https://bdpost.gov.bd/pages/static-pages/6922e0fc933eb65569e296e9,বগুড়া পোস্ট কোড,Sadar,safe_candidate
Rajshahi,Bogura,Bogra Sadar,Bogura HO,5800,https://bdpost.gov.bd/pages/static-pages/6922e0fc933eb65569e296e9,বগুড়া পোস্ট কোড,Sadar,safe_candidate
Rajshahi,Bogura,Dhunot,Dunat UPO,5850,https://bdpost.gov.bd/pages/static-pages/6922e0fc933eb65569e296e9,বগুড়া পোস্ট কোড,Dunat,explicit_manual_alias
Rajshahi,Bogura,Dhunot,Gosaibari EDSO,5851,https://bdpost.gov.bd/pages/static-pages/6922e0fc933eb65569e296e9,বগুড়া পোস্ট কোড,Dunat,explicit_manual_alias
Rajshahi,Bogura,Dupchanchia,Dupchachia UPO,5880,https://bdpost.gov.bd/pages/static-pages/6922e0fc933eb65569e296e9,বগুড়া পোস্ট কোড,Dupchachia,safe_candidate
Rajshahi,Bogura,Dupchanchia,Tolara SO,5881,https://bdpost.gov.bd/pages/static-pages/6922e0fc933eb65569e296e9,বগুড়া পোস্ট কোড,Dupchachia,safe_candidate
Rajshahi,Bogura,Gabtali,Gabtoli UPO,5820,https://bdpost.gov.bd/pages/static-pages/6922e0fc933eb65569e296e9,বগুড়া পোস্ট কোড,Gabtoli,explicit_manual_alias
Rajshahi,Bogura,Gabtali,Sukhanpukur SO,5821,https://bdpost.gov.bd/pages/static-pages/6922e0fc933eb65569e296e9,বগুড়া পোস্ট কোড,Gabtoli,explicit_manual_alias
Rajshahi,Bogura,Kahaloo,Kahalu UPO,5870,https://bdpost.gov.bd/pages/static-pages/6922e0fc933eb65569e296e9,বগুড়া পোস্ট কোড,Kahalu,explicit_manual_alias
Rajshahi,Bogura,Nondigram,Nandigram UPO,5860,https://bdpost.gov.bd/pages/static-pages/6922e0fc933eb65569e296e9,বগুড়া পোস্ট কোড,Nandigram,safe_candidate
Rajshahi,Bogura,Shajahanpur,,,,,,canonical_fallback_no_verified_postal_row
Rajshahi,Bogura,Shariakandi,Chandan Baisha SO,5831,https://bdpost.gov.bd/pages/static-pages/6922e0fc933eb65569e296e9,বগুড়া পোস্ট কোড,Saria Kandi,safe_candidate
Rajshahi,Bogura,Shariakandi,Saria Kandi UPO,5830,https://bdpost.gov.bd/pages/static-pages/6922e0fc933eb65569e296e9,বগুড়া পোস্ট কোড,Saria Kandi,safe_candidate
Rajshahi,Bogura,Sherpur,Chandaikona SO,5841,https://bdpost.gov.bd/pages/static-pages/6922e0fc933eb65569e296e9,বগুড়া পোস্ট কোড,Sherpur,exact
Rajshahi,Bogura,Sherpur,Palli Unnayan Academy SO,5842,https://bdpost.gov.bd/pages/static-pages/6922e0fc933eb65569e296e9,বগুড়া পোস্ট কোড,Sherpur,exact
Rajshahi,Bogura,Sherpur,Sherpur UPO,5840,https://bdpost.gov.bd/pages/static-pages/6922e0fc933eb65569e296e9,বগুড়া পোস্ট কোড,Sherpur,exact
Rajshahi,Bogura,Shibganj,Shibgonj UPO,5810,https://bdpost.gov.bd/pages/static-pages/6922e0fc933eb65569e296e9,বগুড়া পোস্ট কোড,Shibgonj,second_pass_audited
Rajshahi,Bogura,Sonatala,Sonatola UPO,5826,https://bdpost.gov.bd/pages/static-pages/6922e0fc933eb65569e296e9,বগুড়া পোস্ট কোড,Sonatola,explicit_manual_alias
Rajshahi,Chapainawabganj,Bholahat,Bholahat UPO,6330,https://bdpost.gov.bd/pages/static-pages/6922df3f933eb65569e20d69,চাঁপাইনবাবগঞ্জ পোস্ট কোড,Bholahat,exact
Rajshahi,Chapainawabganj,Chapainawabganj Sadar,Amnura SO,6303,https://bdpost.gov.bd/pages/static-pages/6922df3f933eb65569e20d69,চাঁপাইনবাবগঞ্জ পোস্ট কোড,Sadar,safe_candidate
Rajshahi,Chapainawabganj,Chapainawabganj Sadar,Chapai Nawabgonj HO,6300,https://bdpost.gov.bd/pages/static-pages/6922df3f933eb65569e20d69,চাঁপাইনবাবগঞ্জ পোস্ট কোড,Sadar,safe_candidate
Rajshahi,Chapainawabganj,Chapainawabganj Sadar,Rajarampur EDSO,6301,https://bdpost.gov.bd/pages/static-pages/6922df3f933eb65569e20d69,চাঁপাইনবাবগঞ্জ পোস্ট কোড,Sadar,safe_candidate
Rajshahi,Chapainawabganj,Chapainawabganj Sadar,Ramchandrapur SO,6302,https://bdpost.gov.bd/pages/static-pages/6922df3f933eb65569e20d69,চাঁপাইনবাবগঞ্জ পোস্ট কোড,Sadar,safe_candidate
Rajshahi,Chapainawabganj,Gomostapur,Gomostapur SO,6321,https://bdpost.gov.bd/pages/static-pages/6922df3f933eb65569e20d69,চাঁপাইনবাবগঞ্জ পোস্ট কোড,Rohanpur (Gomostapur),parenthetical
Rajshahi,Chapainawabganj,Gomostapur,Rohanpur (Gomostapur),6320,https://bdpost.gov.bd/pages/static-pages/6922df3f933eb65569e20d69,চাঁপাইনবাবগঞ্জ পোস্ট কোড,Rohanpur (Gomostapur),parenthetical
Rajshahi,Chapainawabganj,Nachol,Mandumalhat EDSO,6311,https://bdpost.gov.bd/pages/static-pages/6922df3f933eb65569e20d69,চাঁপাইনবাবগঞ্জ পোস্ট কোড,Nachul,explicit_manual_alias
Rajshahi,Chapainawabganj,Nachol,Nachul UPO,6310,https://bdpost.gov.bd/pages/static-pages/6922df3f933eb65569e20d69,চাঁপাইনবাবগঞ্জ পোস্ট কোড,Nachul,explicit_manual_alias
Rajshahi,Chapainawabganj,Shibganj,Kansart SO,6341,https://bdpost.gov.bd/pages/static-pages/6922df3f933eb65569e20d69,চাঁপাইনবাবগঞ্জ পোস্ট কোড,Shibgonj,second_pass_audited
Rajshahi,Chapainawabganj,Shibganj,Monakosa SO,6342,https://bdpost.gov.bd/pages/static-pages/6922df3f933eb65569e20d69,চাঁপাইনবাবগঞ্জ পোস্ট কোড,Shibgonj,second_pass_audited
Rajshahi,Chapainawabganj,Shibganj,Shibgonj UPO,6340,https://bdpost.gov.bd/pages/static-pages/6922df3f933eb65569e20d69,চাঁপাইনবাবগঞ্জ পোস্ট কোড,Shibgonj,second_pass_audited
Rajshahi,Joypurhat,Akkelpur,Akkelpur UPO,5940,https://bdpost.gov.bd/pages/static-pages/6922de92933eb65569e1bb3e,জয়পুরহাট পোস্ট কোড,Akkelpur,exact
Rajshahi,Joypurhat,Akkelpur,Jamalgonj SO,5941,https://bdpost.gov.bd/pages/static-pages/6922de92933eb65569e1bb3e,জয়পুরহাট পোস্ট কোড,Akkelpur,exact
Rajshahi,Joypurhat,Akkelpur,Rajshahi GPO,6000,https://bdpost.gov.bd/pages/static-pages/6922de92933eb65569e1bb3e,জয়পুরহাট পোস্ট কোড,Akkelpur,exact
Rajshahi,Joypurhat,Akkelpur,Tilakpur SO,5942,https://bdpost.gov.bd/pages/static-pages/6922de92933eb65569e1bb3e,জয়পুরহাট পোস্ট কোড,Akkelpur,exact
Rajshahi,Joypurhat,Joypurhat Sadar,Ghoramara HO,6100,https://bdpost.gov.bd/pages/static-pages/6922de92933eb65569e1bb3e,জয়পুরহাট পোস্ট কোড,Ghoramara,legacy_alias_explicit
Rajshahi,Joypurhat,Joypurhat Sadar,Joypurhat HO,5900,https://bdpost.gov.bd/pages/static-pages/6922de92933eb65569e1bb3e,জয়পুরহাট পোস্ট কোড,Sadar,safe_candidate
Rajshahi,Joypurhat,Kalai,Kalai UPO,5930,https://bdpost.gov.bd/pages/static-pages/6922de92933eb65569e1bb3e,জয়পুরহাট পোস্ট কোড,Kalai,exact
Rajshahi,Joypurhat,Khetlal,Khetal UPO,5920,https://bdpost.gov.bd/pages/static-pages/6922de92933eb65569e1bb3e,জয়পুরহাট পোস্ট কোড,Khetal,safe_candidate
Rajshahi,Joypurhat,Panchbibi,Panchbibi UPO,5910,https://bdpost.gov.bd/pages/static-pages/6922de92933eb65569e1bb3e,জয়পুরহাট পোস্ট কোড,Panchbibi,exact
Rajshahi,Naogaon,Atrai,Ahsangonj (Atral) UPO,6596,https://bdpost.gov.bd/pages/static-pages/6922df36933eb65569e209b6,নওগাঁ পোস্ট কোড,Ahsangonj (Atral),legacy_alias_explicit
Rajshahi,Naogaon,Atrai,Bandai Khara SO,6597,https://bdpost.gov.bd/pages/static-pages/6922df36933eb65569e209b6,নওগাঁ পোস্ট কোড,Ahsangonj (Atral),legacy_alias_explicit
Rajshahi,Naogaon,Badalgachi,Badalgachi UPO,6570,https://bdpost.gov.bd/pages/static-pages/6922df36933eb65569e209b6,নওগাঁ পোস্ট কোড,Badalgachi,exact
Rajshahi,Naogaon,Dhamoirhat,Dhamuirhat UPO,6580,https://bdpost.gov.bd/pages/static-pages/6922df36933eb65569e209b6,নওগাঁ পোস্ট কোড,Dhamuirhat,safe_candidate
Rajshahi,Naogaon,Manda,Baliha EDSO,6512,https://bdpost.gov.bd/pages/static-pages/6922df36933eb65569e209b6,নওগাঁ পোস্ট কোড,Prasadpur (Manda),parenthetical
Rajshahi,Naogaon,Manda,Manda SO,6511,https://bdpost.gov.bd/pages/static-pages/6922df36933eb65569e209b6,নওগাঁ পোস্ট কোড,Prasadpur (Manda),parenthetical
Rajshahi,Naogaon,Manda,Prasadpur (Manda) UPO,6510,https://bdpost.gov.bd/pages/static-pages/6922df36933eb65569e209b6,নওগাঁ পোস্ট কোড,Prasadpur (Manda),parenthetical
Rajshahi,Naogaon,Mohadevpur,Mahadebpur UPO,6530,https://bdpost.gov.bd/pages/static-pages/6922df36933eb65569e209b6,নওগাঁ পোস্ট কোড,Mahadebpur,explicit_manual_alias
Rajshahi,Naogaon,Naogaon Sadar,Naogaon HO,6500,https://bdpost.gov.bd/pages/static-pages/6922df36933eb65569e209b6,নওগাঁ পোস্ট কোড,Sadar,safe_candidate
Rajshahi,Naogaon,Naogaon Sadar,Naogaon Post TSO,6501,https://bdpost.gov.bd/pages/static-pages/6922df36933eb65569e209b6,নওগাঁ পোস্ট কোড,Sadar,safe_candidate
Rajshahi,Naogaon,Niamatpur,Niamatpur UPO,6520,https://bdpost.gov.bd/pages/static-pages/6922df36933eb65569e209b6,নওগাঁ পোস্ট কোড,Niamatpur,exact
Rajshahi,Naogaon,Patnitala,Patmitala UPO,6540,https://bdpost.gov.bd/pages/static-pages/6922df36933eb65569e209b6,নওগাঁ পোস্ট কোড,Patmitala,safe_candidate
Rajshahi,Naogaon,Porsha,Ganguria EDSO,6552,https://bdpost.gov.bd/pages/static-pages/6922df36933eb65569e209b6,নওগাঁ পোস্ট কোড,Nitpur (Pursa),legacy_alias_explicit
Rajshahi,Naogaon,Porsha,Nitpur (Pursa) UPO,6550,https://bdpost.gov.bd/pages/static-pages/6922df36933eb65569e209b6,নওগাঁ পোস্ট কোড,Nitpur (Pursa),legacy_alias_explicit
Rajshahi,Naogaon,Porsha,Pursa EDSO,6551,https://bdpost.gov.bd/pages/static-pages/6922df36933eb65569e209b6,নওগাঁ পোস্ট কোড,Nitpur (Pursa),legacy_alias_explicit
Rajshahi,Naogaon,Raninagar,Kashimpur SO,6591,https://bdpost.gov.bd/pages/static-pages/6922df36933eb65569e209b6,নওগাঁ পোস্ট কোড,Raninagar,exact
Rajshahi,Naogaon,Raninagar,Raninagar UPO,6590,https://bdpost.gov.bd/pages/static-pages/6922df36933eb65569e209b6,নওগাঁ পোস্ট কোড,Raninagar,exact
Rajshahi,Naogaon,Sapahar,Madheel SO,6561,https://bdpost.gov.bd/pages/static-pages/6922df36933eb65569e209b6,নওগাঁ পোস্ট কোড,Sapahar,exact
Rajshahi,Naogaon,Sapahar,Sapahar UPO,6560,https://bdpost.gov.bd/pages/static-pages/6922df36933eb65569e209b6,নওগাঁ পোস্ট কোড,Sapahar,exact
Rajshahi,Natore,Bagatipara,Lakkanhati (Bagatipara) UPO,6410,https://bdpost.gov.bd/pages/static-pages/6922e119933eb65569e2a2e1,নাটোর পোস্ট কোড,Lakkanhati (Bagatipara),parenthetical
Rajshahi,Natore,Baraigram,Ahmedpur Bazar SO,6433,https://bdpost.gov.bd/pages/static-pages/6922e119933eb65569e2a2e1,নাটোর পোস্ট কোড,Harua (Baraigram),parenthetical
Rajshahi,Natore,Baraigram,Baraigram EDSO,6432,https://bdpost.gov.bd/pages/static-pages/6922e119933eb65569e2a2e1,নাটোর পোস্ট কোড,Harua (Baraigram),parenthetical
Rajshahi,Natore,Baraigram,Dayarampur SO,6431,https://bdpost.gov.bd/pages/static-pages/6922e119933eb65569e2a2e1,নাটোর পোস্ট কোড,Harua (Baraigram),parenthetical
Rajshahi,Natore,Baraigram,Harua (Baraigram),6430,https://bdpost.gov.bd/pages/static-pages/6922e119933eb65569e2a2e1,নাটোর পোস্ট কোড,Harua (Baraigram),parenthetical
Rajshahi,Natore,Gurudaspur,Hatgurudaspur (Gurudaspur),6440,https://bdpost.gov.bd/pages/static-pages/6922e119933eb65569e2a2e1,নাটোর পোস্ট কোড,Hatgurudaspur (Gurudaspur),parenthetical
Rajshahi,Natore,Lalpur,Abdullpur EDSO,6422,https://bdpost.gov.bd/pages/static-pages/6922e119933eb65569e2a2e1,নাটোর পোস্ট কোড,Gopalpur (Lalpur),parenthetical
Rajshahi,Natore,Lalpur,Gopalpur (Lalpur),6420,https://bdpost.gov.bd/pages/static-pages/6922e119933eb65569e2a2e1,নাটোর পোস্ট কোড,Gopalpur (Lalpur),parenthetical
Rajshahi,Natore,Lalpur,Lalpur SO,6421,https://bdpost.gov.bd/pages/static-pages/6922e119933eb65569e2a2e1,নাটোর পোস্ট কোড,Gopalpur (Lalpur),parenthetical
Rajshahi,Natore,Naldanga,,,,,,canonical_fallback_no_verified_postal_row
Rajshahi,Natore,Natore Sadar,Baidhyabelgaria EDSO,6402,https://bdpost.gov.bd/pages/static-pages/6922e119933eb65569e2a2e1,নাটোর পোস্ট কোড,Sadar,safe_candidate
Rajshahi,Natore,Natore Sadar,Digapatia SO,6401,https://bdpost.gov.bd/pages/static-pages/6922e119933eb65569e2a2e1,নাটোর পোস্ট কোড,Sadar,safe_candidate
Rajshahi,Natore,Natore Sadar,Madnagar SO,6403,https://bdpost.gov.bd/pages/static-pages/6922e119933eb65569e2a2e1,নাটোর পোস্ট কোড,Sadar,safe_candidate
Rajshahi,Natore,Natore Sadar,Natore HO,6400,https://bdpost.gov.bd/pages/static-pages/6922e119933eb65569e2a2e1,নাটোর পোস্ট কোড,Sadar,safe_candidate
Rajshahi,Natore,Singra,Singrha UPO,6450,https://bdpost.gov.bd/pages/static-pages/6922e119933eb65569e2a2e1,নাটোর পোস্ট কোড,Singrha,safe_candidate
Rajshahi,Pabna,Aminpur,,,,,,canonical_fallback_no_verified_postal_row
Rajshahi,Pabna,Ataikula,,,,,,canonical_fallback_no_verified_postal_row
Rajshahi,Pabna,Atghoria,Debattar (Afgaria) UPO,6610,https://bdpost.gov.bd/pages/static-pages/6922df74933eb65569e22183,পাবনা পোস্ট কোড,Debattar (Afgaria),legacy_alias_explicit
Rajshahi,Pabna,Bera,Bera UPO,6680,https://bdpost.gov.bd/pages/static-pages/6922df74933eb65569e22183,পাবনা পোস্ট কোড,Bera,exact
Rajshahi,Pabna,Bera,Kashinathpur SO,6682,https://bdpost.gov.bd/pages/static-pages/6922df74933eb65569e22183,পাবনা পোস্ট কোড,Bera,exact
Rajshahi,Pabna,Bera,Nakalia SO,6681,https://bdpost.gov.bd/pages/static-pages/6922df74933eb65569e22183,পাবনা পোস্ট কোড,Bera,exact
Rajshahi,Pabna,Bera,Puranbharenga SO,6683,https://bdpost.gov.bd/pages/static-pages/6922df74933eb65569e22183,পাবনা পোস্ট কোড,Bera,exact
Rajshahi,Pabna,Bhangura,Bhangora,6640,https://bdpost.gov.bd/pages/static-pages/6922df74933eb65569e22183,পাবনা পোস্ট কোড,Bhangora,explicit_manual_alias
Rajshahi,Pabna,Chatmohar,Chat Mohar,6630,https://bdpost.gov.bd/pages/static-pages/6922df74933eb65569e22183,পাবনা পোস্ট কোড,Chat Mohar,normalized
Rajshahi,Pabna,Faridpur,Ban Wari Nagar (Farifpur),6650,https://bdpost.gov.bd/pages/static-pages/6922df74933eb65569e22183,পাবনা পোস্ট কোড,Ban Wari Nagar (Farifpur),second_pass_audited
Rajshahi,Pabna,Ishurdi,Dapari EDSO,6621,https://bdpost.gov.bd/pages/static-pages/6922df74933eb65569e22183,পাবনা পোস্ট কোড,Iswardi,explicit_manual_alias
Rajshahi,Pabna,Ishurdi,Iswardi UPO,6620,https://bdpost.gov.bd/pages/static-pages/6922df74933eb65569e22183,পাবনা পোস্ট কোড,Iswardi,explicit_manual_alias
Rajshahi,Pabna,Ishurdi,Pakshi SO,6622,https://bdpost.gov.bd/pages/static-pages/6922df74933eb65569e22183,পাবনা পোস্ট কোড,Iswardi,explicit_manual_alias
Rajshahi,Pabna,Ishurdi,Rajapur Hat SO,6623,https://bdpost.gov.bd/pages/static-pages/6922df74933eb65569e22183,পাবনা পোস্ট কোড,Iswardi,explicit_manual_alias
Rajshahi,Pabna,Pabna Sadar,Hemayetpur SO,6602,https://bdpost.gov.bd/pages/static-pages/6922df74933eb65569e22183,পাবনা পোস্ট কোড,Sadar,safe_candidate
Rajshahi,Pabna,Pabna Sadar,Keliko Cotton Mills SO,6601,https://bdpost.gov.bd/pages/static-pages/6922df74933eb65569e22183,পাবনা পোস্ট কোড,Sadar,safe_candidate
Rajshahi,Pabna,Pabna Sadar,Pabna HO,6600,https://bdpost.gov.bd/pages/static-pages/6922df74933eb65569e22183,পাবনা পোস্ট কোড,Sadar,safe_candidate
Rajshahi,Pabna,Santhia,Santhia UPO,6670,https://bdpost.gov.bd/pages/static-pages/6922df74933eb65569e22183,পাবনা পোস্ট কোড,Santhia,exact
Rajshahi,Pabna,Sujanagar,Sagarkandi SO,6661,https://bdpost.gov.bd/pages/static-pages/6922df74933eb65569e22183,পাবনা পোস্ট কোড,Sujanagar,exact
Rajshahi,Pabna,Sujanagar,Sujanagar,6660,https://bdpost.gov.bd/pages/static-pages/6922df74933eb65569e22183,পাবনা পোস্ট কোড,Sujanagar,exact
Rajshahi,Rajshahi,Airport,,,,,,canonical_fallback_no_verified_postal_row
Rajshahi,Rajshahi,Bagha,Arhani EDSO,6281,https://bdpost.gov.bd/pages/static-pages/6922df70933eb65569e21fec,রাজশাহী পোস্ট কোড,Baga,safe_candidate
Rajshahi,Rajshahi,Bagha,Baga UPO,6280,https://bdpost.gov.bd/pages/static-pages/6922df70933eb65569e21fec,রাজশাহী পোস্ট কোড,Baga,safe_candidate
Rajshahi,Rajshahi,Bagmara,Bhabanigonj (Bagmara) UPO,6250,https://bdpost.gov.bd/pages/static-pages/6922df70933eb65569e21fec,রাজশাহী পোস্ট কোড,Bhabanigonj (Bagmara),parenthetical
Rajshahi,Rajshahi,Bagmara,Taherpur SO,6251,https://bdpost.gov.bd/pages/static-pages/6922df70933eb65569e21fec,রাজশাহী পোস্ট কোড,Bhabanigonj (Bagmara),parenthetical
Rajshahi,Rajshahi,Belpukur,,,,,,canonical_fallback_no_verified_postal_row
Rajshahi,Rajshahi,Boalia,,,,,,canonical_fallback_no_verified_postal_row
Rajshahi,Rajshahi,Chandrima,,,,,,canonical_fallback_no_verified_postal_row
Rajshahi,Rajshahi,Charghat,Carghat UPO,6270,https://bdpost.gov.bd/pages/static-pages/6922df70933eb65569e21fec,রাজশাহী পোস্ট কোড,Carghat,safe_candidate
Rajshahi,Rajshahi,Charghat,Sardah SO,6271,https://bdpost.gov.bd/pages/static-pages/6922df70933eb65569e21fec,রাজশাহী পোস্ট কোড,Carghat,safe_candidate
Rajshahi,Rajshahi,Damkura,,,,,,canonical_fallback_no_verified_postal_row
Rajshahi,Rajshahi,Durgapur,Durgapur UPO,6240,https://bdpost.gov.bd/pages/static-pages/6922df70933eb65569e21fec,রাজশাহী পোস্ট কোড,Durgapur,exact
Rajshahi,Rajshahi,Godagari,Godagari UPO,6290,https://bdpost.gov.bd/pages/static-pages/6922df70933eb65569e21fec,রাজশাহী পোস্ট কোড,Godagari,exact
Rajshahi,Rajshahi,Godagari,Premtali EDSO,6291,https://bdpost.gov.bd/pages/static-pages/6922df70933eb65569e21fec,রাজশাহী পোস্ট কোড,Godagari,exact
Rajshahi,Rajshahi,Karnahar,,,,,,canonical_fallback_no_verified_postal_row
Rajshahi,Rajshahi,Kasiadanga,,,,,,canonical_fallback_no_verified_postal_row
Rajshahi,Rajshahi,Katakhali,,,,,,canonical_fallback_no_verified_postal_row
Rajshahi,Rajshahi,Matihar,,,,,,canonical_fallback_no_verified_postal_row
Rajshahi,Rajshahi,Mohonpur,Khodemohanpur(Mohanpur) UPO,6220,https://bdpost.gov.bd/pages/static-pages/6922df70933eb65569e21fec,রাজশাহী পোস্ট কোড,Khodemohanpur(Mohanpur),second_pass_audited
Rajshahi,Rajshahi,Paba,,,,,,canonical_fallback_no_verified_postal_row
Rajshahi,Rajshahi,Puthia,Puthia UPO,6260,https://bdpost.gov.bd/pages/static-pages/6922df70933eb65569e21fec,রাজশাহী পোস্ট কোড,Puthia,exact
Rajshahi,Rajshahi,Rajpara,,,,,,canonical_fallback_no_verified_postal_row
Rajshahi,Rajshahi,Rajshahi Sadar,Benodpur Bazar TSO,6206,https://bdpost.gov.bd/pages/static-pages/6922df70933eb65569e21fec,রাজশাহী পোস্ট কোড,Sadar,safe_candidate
Rajshahi,Rajshahi,Rajshahi Sadar,Kazia TSO,6204,https://bdpost.gov.bd/pages/static-pages/6922df70933eb65569e21fec,রাজশাহী পোস্ট কোড,Sadar,safe_candidate
Rajshahi,Rajshahi,Rajshahi Sadar,Padma Residence TSO,6207,https://bdpost.gov.bd/pages/static-pages/6922df70933eb65569e21fec,রাজশাহী পোস্ট কোড,Sadar,safe_candidate
Rajshahi,Rajshahi,Rajshahi Sadar,Rajshahi Cantt. TSO,6202,https://bdpost.gov.bd/pages/static-pages/6922df70933eb65569e21fec,রাজশাহী পোস্ট কোড,Sadar,safe_candidate
Rajshahi,Rajshahi,Rajshahi Sadar,Rajshahi Court TSO,6201,https://bdpost.gov.bd/pages/static-pages/6922df70933eb65569e21fec,রাজশাহী পোস্ট কোড,Sadar,safe_candidate
Rajshahi,Rajshahi,Rajshahi Sadar,Rajshahi University (LSG) TSO,6205,https://bdpost.gov.bd/pages/static-pages/6922df70933eb65569e21fec,রাজশাহী পোস্ট কোড,Sadar,safe_candidate
Rajshahi,Rajshahi,Rajshahi Sadar,Sapura TSC,6203,https://bdpost.gov.bd/pages/static-pages/6922df70933eb65569e21fec,রাজশাহী পোস্ট কোড,Sadar,safe_candidate
Rajshahi,Rajshahi,Shah Makhdum,,,,,,canonical_fallback_no_verified_postal_row
Rajshahi,Rajshahi,Tanore,Tanore UPO,6230,https://bdpost.gov.bd/pages/static-pages/6922df70933eb65569e21fec,রাজশাহী পোস্ট কোড,Tanore,exact
Rajshahi,Sirajganj,BB. Bridge (West),,,,,,canonical_fallback_no_verified_postal_row
Rajshahi,Sirajganj,Belkuchi,Belkuchi UPO,6740,https://bdpost.gov.bd/pages/static-pages/6922ddec933eb65569e1719b,সিরাজগঞ্জ পোস্ট কোড,Belkuchi,exact
Rajshahi,Sirajganj,Belkuchi,Enayetpur EDSO,6743,https://bdpost.gov.bd/pages/static-pages/6922ddec933eb65569e1719b,সিরাজগঞ্জ পোস্ট কোড,Belkuchi,exact
Rajshahi,Sirajganj,Belkuchi,Rajapur EDSO,6742,https://bdpost.gov.bd/pages/static-pages/6922ddec933eb65569e1719b,সিরাজগঞ্জ পোস্ট কোড,Belkuchi,exact
Rajshahi,Sirajganj,Belkuchi,Sohagpur SO,6741,https://bdpost.gov.bd/pages/static-pages/6922ddec933eb65569e1719b,সিরাজগঞ্জ পোস্ট কোড,Belkuchi,exact
Rajshahi,Sirajganj,Belkuchi,Sthal SO,6744,https://bdpost.gov.bd/pages/static-pages/6922ddec933eb65569e1719b,সিরাজগঞ্জ পোস্ট কোড,Belkuchi,exact
Rajshahi,Sirajganj,Chauhali,Khas Kaolia UPO (Chowhali thana at Serajgonj District),1921,https://bdpost.gov.bd/pages/static-pages/6922dd7b933eb65569e15334,টাঙ্গাইল পোস্ট কোড,Khas Kaolia,cross_district_reassign
Rajshahi,Sirajganj,Enayetpur,,,,,,canonical_fallback_no_verified_postal_row
Rajshahi,Sirajganj,Kamarkhand,Baidya Jamtoil (Kamarkhand) UPO,6730,https://bdpost.gov.bd/pages/static-pages/6922ddec933eb65569e1719b,সিরাজগঞ্জ পোস্ট কোড,Baidya Jamtoil (Kamarkhand),parenthetical
Rajshahi,Sirajganj,Kazipur,Chargrish,,https://bdpost.gov.bd/pages/static-pages/6922ddec933eb65569e1719b,সিরাজগঞ্জ পোস্ট কোড,Kazipur,exact
Rajshahi,Sirajganj,Kazipur,Gandai EDSO,6712,https://bdpost.gov.bd/pages/static-pages/6922ddec933eb65569e1719b,সিরাজগঞ্জ পোস্ট কোড,Kazipur,exact
Rajshahi,Sirajganj,Kazipur,Kazipur UPO,6710,https://bdpost.gov.bd/pages/static-pages/6922ddec933eb65569e1719b,সিরাজগঞ্জ পোস্ট কোড,Kazipur,exact
Rajshahi,Sirajganj,Kazipur,Kumariyabari,,https://bdpost.gov.bd/pages/static-pages/6922ddec933eb65569e1719b,সিরাজগঞ্জ পোস্ট কোড,Kazipur,exact
Rajshahi,Sirajganj,Kazipur,Subhagacha EDSO,6711,https://bdpost.gov.bd/pages/static-pages/6922ddec933eb65569e1719b,সিরাজগঞ্জ পোস্ট কোড,Kazipur,exact
Rajshahi,Sirajganj,Raigonj,Dhangarha (Roygonj) UPO,6720,https://bdpost.gov.bd/pages/static-pages/6922ddec933eb65569e1719b,সিরাজগঞ্জ পোস্ট কোড,Dhangarha (Roygonj),legacy_alias_explicit
Rajshahi,Sirajganj,Raigonj,Malunga SO,6721,https://bdpost.gov.bd/pages/static-pages/6922ddec933eb65569e1719b,সিরাজগঞ্জ পোস্ট কোড,Dhangarha (Roygonj),legacy_alias_explicit
Rajshahi,Sirajganj,Salanga,,,,,,canonical_fallback_no_verified_postal_row
Rajshahi,Sirajganj,Shahjadpur,Jamirta SO,6762,https://bdpost.gov.bd/pages/static-pages/6922ddec933eb65569e1719b,সিরাজগঞ্জ পোস্ট কোড,Shahjadpur,exact
Rajshahi,Sirajganj,Shahjadpur,Kalijurihat EDSO,6763,https://bdpost.gov.bd/pages/static-pages/6922ddec933eb65569e1719b,সিরাজগঞ্জ পোস্ট কোড,Shahjadpur,exact
Rajshahi,Sirajganj,Shahjadpur,Porjana EDSO,6761,https://bdpost.gov.bd/pages/static-pages/6922ddec933eb65569e1719b,সিরাজগঞ্জ পোস্ট কোড,Shahjadpur,exact
Rajshahi,Sirajganj,Shahjadpur,Shahjadpur UPO,6760,https://bdpost.gov.bd/pages/static-pages/6922ddec933eb65569e1719b,সিরাজগঞ্জ পোস্ট কোড,Shahjadpur,exact
Rajshahi,Sirajganj,Sirajganj Sadar,Rashidabad SO,6702,https://bdpost.gov.bd/pages/static-pages/6922ddec933eb65569e1719b,সিরাজগঞ্জ পোস্ট কোড,Sadar,safe_candidate
Rajshahi,Sirajganj,Sirajganj Sadar,Roypur SO,6701,https://bdpost.gov.bd/pages/static-pages/6922ddec933eb65569e1719b,সিরাজগঞ্জ পোস্ট কোড,Sadar,safe_candidate
Rajshahi,Sirajganj,Sirajganj Sadar,Serajgonj HO,6700,https://bdpost.gov.bd/pages/static-pages/6922ddec933eb65569e1719b,সিরাজগঞ্জ পোস্ট কোড,Sadar,safe_candidate
Rajshahi,Sirajganj,Tarash,Tarash UPO,6770,https://bdpost.gov.bd/pages/static-pages/6922ddec933eb65569e1719b,সিরাজগঞ্জ পোস্ট কোড,Tarash,exact
Rajshahi,Sirajganj,Ullapara,Lahiri Mohanpur SO,6752,https://bdpost.gov.bd/pages/static-pages/6922ddec933eb65569e1719b,সিরাজগঞ্জ পোস্ট কোড,Ullahpara,safe_candidate
Rajshahi,Sirajganj,Ullapara,Salap EDSO,6753,https://bdpost.gov.bd/pages/static-pages/6922ddec933eb65569e1719b,সিরাজগঞ্জ পোস্ট কোড,Ullahpara,safe_candidate
Rajshahi,Sirajganj,Ullapara,Ullahpara UPO,6750,https://bdpost.gov.bd/pages/static-pages/6922ddec933eb65569e1719b,সিরাজগঞ্জ পোস্ট কোড,Ullahpara,safe_candidate
Rajshahi,Sirajganj,Ullapara,Ullapara RS EDSO,6751,https://bdpost.gov.bd/pages/static-pages/6922ddec933eb65569e1719b,সিরাজগঞ্জ পোস্ট কোড,Ullahpara,safe_candidate
Rangpur,Dinajpur,Birampur,Birampur UPO,5266,https://bdpost.gov.bd/pages/static-pages/6922dc5d933eb65569e0feff,দিনাজপুর পোস্ট কোড,Birampur,exact
Rangpur,Dinajpur,Birganj,Birgonj UPO,5220,https://bdpost.gov.bd/pages/static-pages/6922dc5d933eb65569e0feff,দিনাজপুর পোস্ট কোড,Birgonj,second_pass_audited
Rangpur,Dinajpur,Birol,Biral UPO,5210,https://bdpost.gov.bd/pages/static-pages/6922dc5d933eb65569e0feff,দিনাজপুর পোস্ট কোড,Biral,explicit_manual_alias
Rangpur,Dinajpur,Bochaganj,,,,,,canonical_fallback_no_verified_postal_row
Rangpur,Dinajpur,Chirirbandar,Chirir Bandar UPO,5240,https://bdpost.gov.bd/pages/static-pages/6922dc5d933eb65569e0feff,দিনাজপুর পোস্ট কোড,Chirir Bandar,normalized
Rangpur,Dinajpur,Chirirbandar,ranir Bandar EDSO,5241,https://bdpost.gov.bd/pages/static-pages/6922dc5d933eb65569e0feff,দিনাজপুর পোস্ট কোড,Chirir Bandar,normalized
Rangpur,Dinajpur,Dinajpur Sadar,Dinajpur HO,5200,https://bdpost.gov.bd/pages/static-pages/6922dc5d933eb65569e0feff,দিনাজপুর পোস্ট কোড,Sadar,safe_candidate
Rangpur,Dinajpur,Dinajpur Sadar,Dinajpur Rajbati EDSO,5201,https://bdpost.gov.bd/pages/static-pages/6922dc5d933eb65569e0feff,দিনাজপুর পোস্ট কোড,Sadar,safe_candidate
Rangpur,Dinajpur,Fulbari,Fulbari UPO,5260,https://bdpost.gov.bd/pages/static-pages/6922dc5d933eb65569e0feff,দিনাজপুর পোস্ট কোড,Fulbari,exact
Rangpur,Dinajpur,Ghoraghat,Ghoraghat SO,5291,https://bdpost.gov.bd/pages/static-pages/6922dc5d933eb65569e0feff,দিনাজপুর পোস্ট কোড,Osmanpur (Ghoraghat),parenthetical
Rangpur,Dinajpur,Ghoraghat,Osmanpur (Ghoraghat),5290,https://bdpost.gov.bd/pages/static-pages/6922dc5d933eb65569e0feff,দিনাজপুর পোস্ট কোড,Osmanpur (Ghoraghat),parenthetical
Rangpur,Dinajpur,Hakimpur,Banla Hili (Hakimpur) UPO,5270,https://bdpost.gov.bd/pages/static-pages/6922dc5d933eb65569e0feff,দিনাজপুর পোস্ট কোড,Banla Hili (Hakimpur),parenthetical
Rangpur,Dinajpur,Kaharol,Maharajgonj (Kaharul) UPO,5226,https://bdpost.gov.bd/pages/static-pages/6922dc5d933eb65569e0feff,দিনাজপুর পোস্ট কোড,Maharajgonj (Kaharul),second_pass_audited
Rangpur,Dinajpur,Khansama,Khansama UPO,5230,https://bdpost.gov.bd/pages/static-pages/6922dc5d933eb65569e0feff,দিনাজপুর পোস্ট কোড,Khansama,exact
Rangpur,Dinajpur,Khansama,Pakerhat EDSO,5231,https://bdpost.gov.bd/pages/static-pages/6922dc5d933eb65569e0feff,দিনাজপুর পোস্ট কোড,Khansama,exact
Rangpur,Dinajpur,Nawabganj,Daudpur SO,5281,https://bdpost.gov.bd/pages/static-pages/6922dc5d933eb65569e0feff,দিনাজপুর পোস্ট কোড,Nababgonj,explicit_manual_alias
Rangpur,Dinajpur,Nawabganj,Gopalpur SO,5282,https://bdpost.gov.bd/pages/static-pages/6922dc5d933eb65569e0feff,দিনাজপুর পোস্ট কোড,Nababgonj,explicit_manual_alias
Rangpur,Dinajpur,Nawabganj,Nababgonj UPO,5280,https://bdpost.gov.bd/pages/static-pages/6922dc5d933eb65569e0feff,দিনাজপুর পোস্ট কোড,Nababgonj,explicit_manual_alias
Rangpur,Dinajpur,Parbatipur,Parbatipur UPO,5250,https://bdpost.gov.bd/pages/static-pages/6922dc5d933eb65569e0feff,দিনাজপুর পোস্ট কোড,Parbatipur,exact
Rangpur,Gaibandha,Gaibandha Sadar,Gaiandha HO,5700,https://bdpost.gov.bd/pages/static-pages/6922de28933eb65569e18a7d,গাইবান্ধা পোস্ট কোড,Sadar,safe_candidate
Rangpur,Gaibandha,Gobindaganj,Gobindagonj UPO,5740,https://bdpost.gov.bd/pages/static-pages/6922de28933eb65569e18a7d,গাইবান্ধা পোস্ট কোড,Gobindagonj,safe_candidate
Rangpur,Gaibandha,Gobindaganj,Mahimagonj SO,5741,https://bdpost.gov.bd/pages/static-pages/6922de28933eb65569e18a7d,গাইবান্ধা পোস্ট কোড,Gobindagonj,safe_candidate
Rangpur,Gaibandha,Palashbari,Palashbari UPO,5730,https://bdpost.gov.bd/pages/static-pages/6922de28933eb65569e18a7d,গাইবান্ধা পোস্ট কোড,Palashbari,exact
Rangpur,Gaibandha,Phulchari,Bharatkhali SO,5761,https://bdpost.gov.bd/pages/static-pages/6922de28933eb65569e18a7d,গাইবান্ধা পোস্ট কোড,Fulchari,explicit_manual_alias
Rangpur,Gaibandha,Phulchari,Fulchari UPO,5760,https://bdpost.gov.bd/pages/static-pages/6922de28933eb65569e18a7d,গাইবান্ধা পোস্ট কোড,Fulchari,explicit_manual_alias
Rangpur,Gaibandha,Sadullapur,Naldanga SO,5711,https://bdpost.gov.bd/pages/static-pages/6922de28933eb65569e18a7d,গাইবান্ধা পোস্ট কোড,Sadullahpur,safe_candidate
Rangpur,Gaibandha,Sadullapur,Sadullahpur UPO,5710,https://bdpost.gov.bd/pages/static-pages/6922de28933eb65569e18a7d,গাইবান্ধা পোস্ট কোড,Sadullahpur,safe_candidate
Rangpur,Gaibandha,Saghata,Bonarpara (Saghate),5750,https://bdpost.gov.bd/pages/static-pages/6922de28933eb65569e18a7d,গাইবান্ধা পোস্ট কোড,Bonarpara (Saghate),second_pass_audited
Rangpur,Gaibandha,Saghata,Saghata SO,5751,https://bdpost.gov.bd/pages/static-pages/6922de28933eb65569e18a7d,গাইবান্ধা পোস্ট কোড,Bonarpara (Saghate),second_pass_audited
Rangpur,Gaibandha,Sundarganj,Bamandanga SO,5721,https://bdpost.gov.bd/pages/static-pages/6922de28933eb65569e18a7d,গাইবান্ধা পোস্ট কোড,Sundargonj,safe_candidate
Rangpur,Gaibandha,Sundarganj,Sundargonj UPO,5720,https://bdpost.gov.bd/pages/static-pages/6922de28933eb65569e18a7d,গাইবান্ধা পোস্ট কোড,Sundargonj,safe_candidate
Rangpur,Kurigram,Bhurungamari,Bhurungamari UPO,5670,https://bdpost.gov.bd/pages/static-pages/6922e11c933eb65569e2a46f,কুড়িগ্রাম পোস্ট কোড,Bhurungamari,exact
Rangpur,Kurigram,Charrajibpur,Kodalkati,,https://bdpost.gov.bd/pages/static-pages/6922e11c933eb65569e2a46f,কুড়িগ্রাম পোস্ট কোড,Rajibpur,explicit_manual_alias
Rangpur,Kurigram,Charrajibpur,Rajibpur UPO,5650,https://bdpost.gov.bd/pages/static-pages/6922e11c933eb65569e2a46f,কুড়িগ্রাম পোস্ট কোড,Rajibpur,explicit_manual_alias
Rangpur,Kurigram,Chilmari,Chilmari UPO,5630,https://bdpost.gov.bd/pages/static-pages/6922e11c933eb65569e2a46f,কুড়িগ্রাম পোস্ট কোড,Chilmari,exact
Rangpur,Kurigram,Chilmari,Jorgach Unit SO,5631,https://bdpost.gov.bd/pages/static-pages/6922e11c933eb65569e2a46f,কুড়িগ্রাম পোস্ট কোড,Chilmari,exact
Rangpur,Kurigram,Chilmari,Naiyarhati,,https://bdpost.gov.bd/pages/static-pages/6922e11c933eb65569e2a46f,কুড়িগ্রাম পোস্ট কোড,Chilmari,exact
Rangpur,Kurigram,Kurigram Sadar,Kurigram HO,5600,https://bdpost.gov.bd/pages/static-pages/6922e11c933eb65569e2a46f,কুড়িগ্রাম পোস্ট কোড,Sadar,safe_candidate
Rangpur,Kurigram,Kurigram Sadar,Pandul SO,5601,https://bdpost.gov.bd/pages/static-pages/6922e11c933eb65569e2a46f,কুড়িগ্রাম পোস্ট কোড,Sadar,safe_candidate
Rangpur,Kurigram,Nageshwari,Nageswari UPO,5660,https://bdpost.gov.bd/pages/static-pages/6922e11c933eb65569e2a46f,কুড়িগ্রাম পোস্ট কোড,Nageswari,safe_candidate
Rangpur,Kurigram,Phulbari,Fulbari UPO,5680,https://bdpost.gov.bd/pages/static-pages/6922e11c933eb65569e2a46f,কুড়িগ্রাম পোস্ট কোড,Fulbari,legacy_alias_explicit
Rangpur,Kurigram,Rajarhat,Nazim Khan SO,5611,https://bdpost.gov.bd/pages/static-pages/6922e11c933eb65569e2a46f,কুড়িগ্রাম পোস্ট কোড,Rajarhat,exact
Rangpur,Kurigram,Rajarhat,Rajarhat UPO,5610,https://bdpost.gov.bd/pages/static-pages/6922e11c933eb65569e2a46f,কুড়িগ্রাম পোস্ট কোড,Rajarhat,exact
Rangpur,Kurigram,Rowmari,Baghurarchar,,https://bdpost.gov.bd/pages/static-pages/6922e11c933eb65569e2a46f,কুড়িগ্রাম পোস্ট কোড,Roumari,explicit_manual_alias
Rangpur,Kurigram,Rowmari,Char Shoulomari,,https://bdpost.gov.bd/pages/static-pages/6922e11c933eb65569e2a46f,কুড়িগ্রাম পোস্ট কোড,Roumari,explicit_manual_alias
Rangpur,Kurigram,Rowmari,Dadvanga,,https://bdpost.gov.bd/pages/static-pages/6922e11c933eb65569e2a46f,কুড়িগ্রাম পোস্ট কোড,Roumari,explicit_manual_alias
Rangpur,Kurigram,Rowmari,Jadurchar,,https://bdpost.gov.bd/pages/static-pages/6922e11c933eb65569e2a46f,কুড়িগ্রাম পোস্ট কোড,Roumari,explicit_manual_alias
Rangpur,Kurigram,Rowmari,Roumari UPO,5640,https://bdpost.gov.bd/pages/static-pages/6922e11c933eb65569e2a46f,কুড়িগ্রাম পোস্ট কোড,Roumari,explicit_manual_alias
Rangpur,Kurigram,Rowmari,Shoulmari,,https://bdpost.gov.bd/pages/static-pages/6922e11c933eb65569e2a46f,কুড়িগ্রাম পোস্ট কোড,Roumari,explicit_manual_alias
Rangpur,Kurigram,Ulipur,Bazar Hat SO,5621,https://bdpost.gov.bd/pages/static-pages/6922e11c933eb65569e2a46f,কুড়িগ্রাম পোস্ট কোড,Ulipur,exact
Rangpur,Kurigram,Ulipur,Tapurchar,,https://bdpost.gov.bd/pages/static-pages/6922e11c933eb65569e2a46f,কুড়িগ্রাম পোস্ট কোড,Ulipur,exact
Rangpur,Kurigram,Ulipur,Ulipur UPO,5620,https://bdpost.gov.bd/pages/static-pages/6922e11c933eb65569e2a46f,কুড়িগ্রাম পোস্ট কোড,Ulipur,exact
Rangpur,Lalmonirhat,Aditmari,Aditmari UPO,5510,https://bdpost.gov.bd/pages/static-pages/6922dfa5933eb65569e2338f,লালমনিরহাট পোস্ট কোড,Aditmari,exact
Rangpur,Lalmonirhat,Hatibandha,Hatibanda UPO,5530,https://bdpost.gov.bd/pages/static-pages/6922dfa5933eb65569e2338f,লালমনিরহাট পোস্ট কোড,Hatibanda,safe_candidate
Rangpur,Lalmonirhat,Kaliganj,,,,,,canonical_fallback_no_verified_postal_row
Rangpur,Lalmonirhat,Lalmonirhat Sadar,Kulaghat EDSO,5502,https://bdpost.gov.bd/pages/static-pages/6922dfa5933eb65569e2338f,লালমনিরহাট পোস্ট কোড,Sadar,safe_candidate
Rangpur,Lalmonirhat,Lalmonirhat Sadar,Lalmonirhat HO,5500,https://bdpost.gov.bd/pages/static-pages/6922dfa5933eb65569e2338f,লালমনিরহাট পোস্ট কোড,Sadar,safe_candidate
Rangpur,Lalmonirhat,Lalmonirhat Sadar,Mogalhat SO,5501,https://bdpost.gov.bd/pages/static-pages/6922dfa5933eb65569e2338f,লালমনিরহাট পোস্ট কোড,Sadar,safe_candidate
Rangpur,Lalmonirhat,Patgram,Baora So,5541,https://bdpost.gov.bd/pages/static-pages/6922dfa5933eb65569e2338f,লালমনিরহাট পোস্ট কোড,Patgram,exact
Rangpur,Lalmonirhat,Patgram,Burimari SO,5542,https://bdpost.gov.bd/pages/static-pages/6922dfa5933eb65569e2338f,লালমনিরহাট পোস্ট কোড,Patgram,exact
Rangpur,Lalmonirhat,Patgram,Patgram UPO,5540,https://bdpost.gov.bd/pages/static-pages/6922dfa5933eb65569e2338f,লালমনিরহাট পোস্ট কোড,Patgram,exact
Rangpur,Nilphamari,Dimla,Dimla UPO,5350,https://bdpost.gov.bd/pages/static-pages/6922df1f933eb65569e1fffe,নীলফামারী পোস্ট কোড,Dimla,exact
Rangpur,Nilphamari,Dimla,Ghagakhari Bari SO,5351,https://bdpost.gov.bd/pages/static-pages/6922df1f933eb65569e1fffe,নীলফামারী পোস্ট কোড,Dimla,exact
Rangpur,Nilphamari,Domar,Chilahati SO,5341,https://bdpost.gov.bd/pages/static-pages/6922df1f933eb65569e1fffe,নীলফামারী পোস্ট কোড,Domar,exact
Rangpur,Nilphamari,Domar,Domar UPO,5340,https://bdpost.gov.bd/pages/static-pages/6922df1f933eb65569e1fffe,নীলফামারী পোস্ট কোড,Domar,exact
Rangpur,Nilphamari,Jaldhaka,Jaldhaka UPO,5330,https://bdpost.gov.bd/pages/static-pages/6922df1f933eb65569e1fffe,নীলফামারী পোস্ট কোড,Jaldhaka,exact
Rangpur,Nilphamari,Kishorganj,Kishoregonj UPO,5320,https://bdpost.gov.bd/pages/static-pages/6922df1f933eb65569e1fffe,নীলফামারী পোস্ট কোড,Kishoregonj,second_pass_audited
Rangpur,Nilphamari,Nilphamari Sadar,Nilphamari HO,5300,https://bdpost.gov.bd/pages/static-pages/6922df1f933eb65569e1fffe,নীলফামারী পোস্ট কোড,Sadar,safe_candidate
Rangpur,Nilphamari,Nilphamari Sadar,Nilphamari Sugar Mills EDSO,5301,https://bdpost.gov.bd/pages/static-pages/6922df1f933eb65569e1fffe,নীলফামারী পোস্ট কোড,Sadar,safe_candidate
Rangpur,Nilphamari,Syedpur,Sayedpur Sattelite Town,5311,https://bdpost.gov.bd/pages/static-pages/6922df1f933eb65569e1fffe,নীলফামারী পোস্ট কোড,Sayedpur,safe_candidate
Rangpur,Nilphamari,Syedpur,Sayedpur UPO,5310,https://bdpost.gov.bd/pages/static-pages/6922df1f933eb65569e1fffe,নীলফামারী পোস্ট কোড,Sayedpur,safe_candidate
Rangpur,Panchagarh,Atwari,Chotodab (Atwar) UPO,5040,https://bdpost.gov.bd/pages/static-pages/6922defd933eb65569e1efab,পঞ্চগড় পোস্ট কোড,Chotodab (Atwar),second_pass_audited
Rangpur,Panchagarh,Boda,Boda UPo,5010,https://bdpost.gov.bd/pages/static-pages/6922defd933eb65569e1efab,পঞ্চগড় পোস্ট কোড,Boda,exact
Rangpur,Panchagarh,Debiganj,Debigonj UPO,5020,https://bdpost.gov.bd/pages/static-pages/6922defd933eb65569e1efab,পঞ্চগড় পোস্ট কোড,Debigonj,second_pass_audited
Rangpur,Panchagarh,Panchagarh Sadar,Panchaghar HO,5000,https://bdpost.gov.bd/pages/static-pages/6922defd933eb65569e1efab,পঞ্চগড় পোস্ট কোড,Sadar,safe_candidate
Rangpur,Panchagarh,Tetulia,Tetulia UPO,5030,https://bdpost.gov.bd/pages/static-pages/6922defd933eb65569e1efab,পঞ্চগড় পোস্ট কোড,Tetulia,exact
Rangpur,Rangpur,Badargonj,Badargonj UPO,5430,https://bdpost.gov.bd/pages/static-pages/6922e117933eb65569e2a262,রংপুর পোস্ট কোড,Badargonj,exact
Rangpur,Rangpur,Badargonj,Shyampur SO,5431,https://bdpost.gov.bd/pages/static-pages/6922e117933eb65569e2a262,রংপুর পোস্ট কোড,Badargonj,exact
Rangpur,Rangpur,Gangachara,Ganga Chara UPO,5410,https://bdpost.gov.bd/pages/static-pages/6922e117933eb65569e2a262,রংপুর পোস্ট কোড,Ganga Chara,normalized
Rangpur,Rangpur,Hajirhat,,,,,,canonical_fallback_no_verified_postal_row
Rangpur,Rangpur,Haragach,,,,,,canonical_fallback_no_verified_postal_row
Rangpur,Rangpur,Kaunia,Haragacha SO,5441,https://bdpost.gov.bd/pages/static-pages/6922e117933eb65569e2a262,রংপুর পোস্ট কোড,Kaonia,explicit_manual_alias
Rangpur,Rangpur,Kaunia,Kaonia UPO,5440,https://bdpost.gov.bd/pages/static-pages/6922e117933eb65569e2a262,রংপুর পোস্ট কোড,Kaonia,explicit_manual_alias
Rangpur,Rangpur,Mahiganj,,,,,,canonical_fallback_no_verified_postal_row
Rangpur,Rangpur,Mithapukur,Mithapukur UPO,5460,https://bdpost.gov.bd/pages/static-pages/6922e117933eb65569e2a262,রংপুর পোস্ট কোড,Mithapukur,exact
Rangpur,Rangpur,Parshuram,,,,,,canonical_fallback_no_verified_postal_row
Rangpur,Rangpur,Pirgacha,Pirgarcha UPO,5450,https://bdpost.gov.bd/pages/static-pages/6922e117933eb65569e2a262,রংপুর পোস্ট কোড,Pirgarcha,safe_candidate
Rangpur,Rangpur,Pirgonj,Pirgonj UPO,5470,https://bdpost.gov.bd/pages/static-pages/6922e117933eb65569e2a262,রংপুর পোস্ট কোড,Pirgonj,exact
Rangpur,Rangpur,Rangpur Sadar,Alamnagar TSO,5402,https://bdpost.gov.bd/pages/static-pages/6922e117933eb65569e2a262,রংপুর পোস্ট কোড,Sadar,safe_candidate
Rangpur,Rangpur,Rangpur Sadar,Mahigonj TSO,5403,https://bdpost.gov.bd/pages/static-pages/6922e117933eb65569e2a262,রংপুর পোস্ট কোড,Sadar,safe_candidate
Rangpur,Rangpur,Rangpur Sadar,Rangpur Cadet College SO,5404,https://bdpost.gov.bd/pages/static-pages/6922e117933eb65569e2a262,রংপুর পোস্ট কোড,Sadar,safe_candidate
Rangpur,Rangpur,Rangpur Sadar,Rangpur HO,5400,https://bdpost.gov.bd/pages/static-pages/6922e117933eb65569e2a262,রংপুর পোস্ট কোড,Sadar,safe_candidate
Rangpur,Rangpur,Rangpur Sadar,Rangpur Karmical TSO,5405,https://bdpost.gov.bd/pages/static-pages/6922e117933eb65569e2a262,রংপুর পোস্ট কোড,Sadar,safe_candidate
Rangpur,Rangpur,Rangpur Sadar,Rangpur Sattelite Town SO,5401,https://bdpost.gov.bd/pages/static-pages/6922e117933eb65569e2a262,রংপুর পোস্ট কোড,Sadar,safe_candidate
Rangpur,Rangpur,Tajhat,,,,,,canonical_fallback_no_verified_postal_row
Rangpur,Rangpur,Taragonj,Taragonj UPO,5420,https://bdpost.gov.bd/pages/static-pages/6922e117933eb65569e2a262,রংপুর পোস্ট কোড,Taragonj,exact
Rangpur,Thakurgaon,Baliadangi,Baliadangi UPO,5140,https://bdpost.gov.bd/pages/static-pages/6922de9d933eb65569e1c047,ঠাকুরগাঁও পোস্ট কোড,Baliadangi,exact
Rangpur,Thakurgaon,Baliadangi,Lahiri EDSO,5141,https://bdpost.gov.bd/pages/static-pages/6922de9d933eb65569e1c047,ঠাকুরগাঁও পোস্ট কোড,Baliadangi,exact
Rangpur,Thakurgaon,Haripur,,,,,,canonical_fallback_no_verified_postal_row
Rangpur,Thakurgaon,Pirganj,Pirgonj UPO,5110,https://bdpost.gov.bd/pages/static-pages/6922de9d933eb65569e1c047,ঠাকুরগাঁও পোস্ট কোড,Pirgonj,second_pass_audited
Rangpur,Thakurgaon,Ranisankail,Nekmorad EDSO,5121,https://bdpost.gov.bd/pages/static-pages/6922de9d933eb65569e1c047,ঠাকুরগাঁও পোস্ট কোড,Rani Shakail,safe_candidate
Rangpur,Thakurgaon,Ranisankail,Rani Shakail UPO,5120,https://bdpost.gov.bd/pages/static-pages/6922de9d933eb65569e1c047,ঠাকুরগাঁও পোস্ট কোড,Rani Shakail,safe_candidate
Rangpur,Thakurgaon,Thakurgaon Sadar,Ruhiya SO,5103,https://bdpost.gov.bd/pages/static-pages/6922de9d933eb65569e1c047,ঠাকুরগাঁও পোস্ট কোড,Sadar,safe_candidate
Rangpur,Thakurgaon,Thakurgaon Sadar,Shibgonj SO,5102,https://bdpost.gov.bd/pages/static-pages/6922de9d933eb65569e1c047,ঠাকুরগাঁও পোস্ট কোড,Sadar,safe_candidate
Rangpur,Thakurgaon,Thakurgaon Sadar,Thakuegaon HO,5100,https://bdpost.gov.bd/pages/static-pages/6922de9d933eb65569e1c047,ঠাকুরগাঁও পোস্ট কোড,Sadar,safe_candidate
Rangpur,Thakurgaon,Thakurgaon Sadar,Thakurgaon Road SO,5101,https://bdpost.gov.bd/pages/static-pages/6922de9d933eb65569e1c047,ঠাকুরগাঁও পোস্ট কোড,Sadar,safe_candidate
Sylhet,Habiganj,Ajmiriganj,Azmirigonj UPO,3360,https://bdpost.gov.bd/pages/static-pages/6922df67933eb65569e21c5c,হবিগঞ্জ পোস্ট কোড,Azmirigonj,second_pass_audited
Sylhet,Habiganj,Bahubal,Bahubal UPO,3310,https://bdpost.gov.bd/pages/static-pages/6922df67933eb65569e21c5c,হবিগঞ্জ পোস্ট কোড,Bahubal,exact
Sylhet,Habiganj,Baniachong,Baniachong UPO,3350,https://bdpost.gov.bd/pages/static-pages/6922df67933eb65569e21c5c,হবিগঞ্জ পোস্ট কোড,Baniachong,exact
Sylhet,Habiganj,Baniachong,Jatrapasa SO,3351,https://bdpost.gov.bd/pages/static-pages/6922df67933eb65569e21c5c,হবিগঞ্জ পোস্ট কোড,Baniachong,exact
Sylhet,Habiganj,Baniachong,Kadirgonj SO,3352,https://bdpost.gov.bd/pages/static-pages/6922df67933eb65569e21c5c,হবিগঞ্জ পোস্ট কোড,Baniachong,exact
Sylhet,Habiganj,Baniachong,Kumri Durgapur,,https://bdpost.gov.bd/pages/static-pages/6922df67933eb65569e21c5c,হবিগঞ্জ পোস্ট কোড,Baniachong,exact
Sylhet,Habiganj,Chunarughat,Chandpur Begun SO,3321,https://bdpost.gov.bd/pages/static-pages/6922df67933eb65569e21c5c,হবিগঞ্জ পোস্ট কোড,Chunaraghat,safe_candidate
Sylhet,Habiganj,Chunarughat,Chunaraghat UPO,3320,https://bdpost.gov.bd/pages/static-pages/6922df67933eb65569e21c5c,হবিগঞ্জ পোস্ট কোড,Chunaraghat,safe_candidate
Sylhet,Habiganj,Chunarughat,Narapati EDSO,3322,https://bdpost.gov.bd/pages/static-pages/6922df67933eb65569e21c5c,হবিগঞ্জ পোস্ট কোড,Chunaraghat,safe_candidate
Sylhet,Habiganj,Habiganj Sadar,Gopaya EDSO,3302,https://bdpost.gov.bd/pages/static-pages/6922df67933eb65569e21c5c,হবিগঞ্জ পোস্ট কোড,Sadar,safe_candidate
Sylhet,Habiganj,Habiganj Sadar,Habigonj HO,3300,https://bdpost.gov.bd/pages/static-pages/6922df67933eb65569e21c5c,হবিগঞ্জ পোস্ট কোড,Sadar,safe_candidate
Sylhet,Habiganj,Habiganj Sadar,Shaistagonj SO,3301,https://bdpost.gov.bd/pages/static-pages/6922df67933eb65569e21c5c,হবিগঞ্জ পোস্ট কোড,Sadar,safe_candidate
Sylhet,Habiganj,Lakhai,Kalauk UPO,3340,https://bdpost.gov.bd/pages/static-pages/6922df67933eb65569e21c5c,হবিগঞ্জ পোস্ট কোড,Kalauk,explicit_manual_alias
Sylhet,Habiganj,Lakhai,Lakhai SO,3341,https://bdpost.gov.bd/pages/static-pages/6922df67933eb65569e21c5c,হবিগঞ্জ পোস্ট কোড,Kalauk,explicit_manual_alias
Sylhet,Habiganj,Madhabpur,Itakhola SO,3331,https://bdpost.gov.bd/pages/static-pages/6922df67933eb65569e21c5c,হবিগঞ্জ পোস্ট কোড,Madhabpur,exact
Sylhet,Habiganj,Madhabpur,Madhabpur UPO,3330,https://bdpost.gov.bd/pages/static-pages/6922df67933eb65569e21c5c,হবিগঞ্জ পোস্ট কোড,Madhabpur,exact
Sylhet,Habiganj,Madhabpur,Sayaham Nagar SO,3333,https://bdpost.gov.bd/pages/static-pages/6922df67933eb65569e21c5c,হবিগঞ্জ পোস্ট কোড,Madhabpur,exact
Sylhet,Habiganj,Madhabpur,Shahajee Bazar SO,3332,https://bdpost.gov.bd/pages/static-pages/6922df67933eb65569e21c5c,হবিগঞ্জ পোস্ট কোড,Madhabpur,exact
Sylhet,Habiganj,Nabiganj,Digalbak SO,3373,https://bdpost.gov.bd/pages/static-pages/6922df67933eb65569e21c5c,হবিগঞ্জ পোস্ট কোড,Nabigonj,second_pass_audited
Sylhet,Habiganj,Nabiganj,Golduba EDSO,3372,https://bdpost.gov.bd/pages/static-pages/6922df67933eb65569e21c5c,হবিগঞ্জ পোস্ট কোড,Nabigonj,second_pass_audited
Sylhet,Habiganj,Nabiganj,Goplar Bazar EDSO,3371,https://bdpost.gov.bd/pages/static-pages/6922df67933eb65569e21c5c,হবিগঞ্জ পোস্ট কোড,Nabigonj,second_pass_audited
Sylhet,Habiganj,Nabiganj,Inathgonj EDSO,3374,https://bdpost.gov.bd/pages/static-pages/6922df67933eb65569e21c5c,হবিগঞ্জ পোস্ট কোড,Nabigonj,second_pass_audited
Sylhet,Habiganj,Nabiganj,Nabigonj UPO,3370,https://bdpost.gov.bd/pages/static-pages/6922df67933eb65569e21c5c,হবিগঞ্জ পোস্ট কোড,Nabigonj,second_pass_audited
Sylhet,Habiganj,Shayestaganj,,,,,,canonical_fallback_no_verified_postal_row
Sylhet,Moulvibazar,Barlekha,Barlekha UPO,3250,https://bdpost.gov.bd/pages/static-pages/6922dfd2933eb65569e24250,মৌলভীবাজার পোস্ট কোড,Barlekha,exact
Sylhet,Moulvibazar,Barlekha,Dakshin Bag SO,3252,https://bdpost.gov.bd/pages/static-pages/6922dfd2933eb65569e24250,মৌলভীবাজার পোস্ট কোড,Barlekha,exact
Sylhet,Moulvibazar,Barlekha,Juri SO,3251,https://bdpost.gov.bd/pages/static-pages/6922dfd2933eb65569e24250,মৌলভীবাজার পোস্ট কোড,Barlekha,exact
Sylhet,Moulvibazar,Barlekha,Purba Sahbajpur SO,3253,https://bdpost.gov.bd/pages/static-pages/6922dfd2933eb65569e24250,মৌলভীবাজার পোস্ট কোড,Barlekha,exact
Sylhet,Moulvibazar,Juri,,,,,,canonical_fallback_no_verified_postal_row
Sylhet,Moulvibazar,Kamolganj,Kamalgonj UPO,3220,https://bdpost.gov.bd/pages/static-pages/6922dfd2933eb65569e24250,মৌলভীবাজার পোস্ট কোড,Kamalgonj,explicit_manual_alias
Sylhet,Moulvibazar,Kamolganj,Keramotnagar Bhanugach SO,3221,https://bdpost.gov.bd/pages/static-pages/6922dfd2933eb65569e24250,মৌলভীবাজার পোস্ট কোড,Kamalgonj,explicit_manual_alias
Sylhet,Moulvibazar,Kamolganj,Munshi Bazar SO,3224,https://bdpost.gov.bd/pages/static-pages/6922dfd2933eb65569e24250,মৌলভীবাজার পোস্ট কোড,Kamalgonj,explicit_manual_alias
Sylhet,Moulvibazar,Kamolganj,Patrakhula SO,3222,https://bdpost.gov.bd/pages/static-pages/6922dfd2933eb65569e24250,মৌলভীবাজার পোস্ট কোড,Kamalgonj,explicit_manual_alias
Sylhet,Moulvibazar,Kamolganj,Samsher Nagar SO,3223,https://bdpost.gov.bd/pages/static-pages/6922dfd2933eb65569e24250,মৌলভীবাজার পোস্ট কোড,Kamalgonj,explicit_manual_alias
Sylhet,Moulvibazar,Kulaura,Baramchal,3236,https://bdpost.gov.bd/pages/static-pages/6922dfd2933eb65569e24250,মৌলভীবাজার পোস্ট কোড,Kulaura,exact
Sylhet,Moulvibazar,Kulaura,Karimpur SO,3235,https://bdpost.gov.bd/pages/static-pages/6922dfd2933eb65569e24250,মৌলভীবাজার পোস্ট কোড,Kulaura,exact
Sylhet,Moulvibazar,Kulaura,Kazaldhara SO,3234,https://bdpost.gov.bd/pages/static-pages/6922dfd2933eb65569e24250,মৌলভীবাজার পোস্ট কোড,Kulaura,exact
Sylhet,Moulvibazar,Kulaura,Kulaura UPO,3230,https://bdpost.gov.bd/pages/static-pages/6922dfd2933eb65569e24250,মৌলভীবাজার পোস্ট কোড,Kulaura,exact
Sylhet,Moulvibazar,Kulaura,Longla SO,3232,https://bdpost.gov.bd/pages/static-pages/6922dfd2933eb65569e24250,মৌলভীবাজার পোস্ট কোড,Kulaura,exact
Sylhet,Moulvibazar,Kulaura,Prithimpassa SO,3233,https://bdpost.gov.bd/pages/static-pages/6922dfd2933eb65569e24250,মৌলভীবাজার পোস্ট কোড,Kulaura,exact
Sylhet,Moulvibazar,Kulaura,Tilagaon SO,3231,https://bdpost.gov.bd/pages/static-pages/6922dfd2933eb65569e24250,মৌলভীবাজার পোস্ট কোড,Kulaura,exact
Sylhet,Moulvibazar,Moulvibazar Sadar,Afrozgonj SO,3203,https://bdpost.gov.bd/pages/static-pages/6922dfd2933eb65569e24250,মৌলভীবাজার পোস্ট কোড,Sadar,safe_candidate
Sylhet,Moulvibazar,Moulvibazar Sadar,Barkapan SO,3201,https://bdpost.gov.bd/pages/static-pages/6922dfd2933eb65569e24250,মৌলভীবাজার পোস্ট কোড,Sadar,safe_candidate
Sylhet,Moulvibazar,Moulvibazar Sadar,Monumukh SO,3202,https://bdpost.gov.bd/pages/static-pages/6922dfd2933eb65569e24250,মৌলভীবাজার পোস্ট কোড,Sadar,safe_candidate
Sylhet,Moulvibazar,Moulvibazar Sadar,Moulovibazar HO,3200,https://bdpost.gov.bd/pages/static-pages/6922dfd2933eb65569e24250,মৌলভীবাজার পোস্ট কোড,Sadar,safe_candidate
Sylhet,Moulvibazar,Rajnagar,Raj Nagar UPO,3240,https://bdpost.gov.bd/pages/static-pages/6922dfd2933eb65569e24250,মৌলভীবাজার পোস্ট কোড,Raj Nagar,normalized
Sylhet,Moulvibazar,Sreemangal,Kalighat SO,3212,https://bdpost.gov.bd/pages/static-pages/6922dfd2933eb65569e24250,মৌলভীবাজার পোস্ট কোড,Sreemangal,exact
Sylhet,Moulvibazar,Sreemangal,Khejuri Chara SO,3213,https://bdpost.gov.bd/pages/static-pages/6922dfd2933eb65569e24250,মৌলভীবাজার পোস্ট কোড,Sreemangal,exact
Sylhet,Moulvibazar,Sreemangal,Narayan Chara SO,3211,https://bdpost.gov.bd/pages/static-pages/6922dfd2933eb65569e24250,মৌলভীবাজার পোস্ট কোড,Sreemangal,exact
Sylhet,Moulvibazar,Sreemangal,Satgaon SO,3214,https://bdpost.gov.bd/pages/static-pages/6922dfd2933eb65569e24250,মৌলভীবাজার পোস্ট কোড,Sreemangal,exact
Sylhet,Moulvibazar,Sreemangal,Sreemangal UPO,3210,https://bdpost.gov.bd/pages/static-pages/6922dfd2933eb65569e24250,মৌলভীবাজার পোস্ট কোড,Sreemangal,exact
Sylhet,Sunamganj,Bishwambarpur,Biswambarpur UPO,3010,https://bdpost.gov.bd/pages/static-pages/6922df20933eb65569e200c3,সুনামগঞ্জ পোস্ট কোড,Biswambarpur,safe_candidate
Sylhet,Sunamganj,Chhatak,Chatak Cement Fact. SO,3081,https://bdpost.gov.bd/pages/static-pages/6922df20933eb65569e200c3,সুনামগঞ্জ পোস্ট কোড,Chatak,safe_candidate
Sylhet,Sunamganj,Chhatak,Chatak Paper Mills SO,3082,https://bdpost.gov.bd/pages/static-pages/6922df20933eb65569e200c3,সুনামগঞ্জ পোস্ট কোড,Chatak,safe_candidate
Sylhet,Sunamganj,Chhatak,Chatak UPO,3080,https://bdpost.gov.bd/pages/static-pages/6922df20933eb65569e200c3,সুনামগঞ্জ পোস্ট কোড,Chatak,safe_candidate
Sylhet,Sunamganj,Chhatak,Gobindagonj Nutun Bazar SO,3084,https://bdpost.gov.bd/pages/static-pages/6922df20933eb65569e200c3,সুনামগঞ্জ পোস্ট কোড,Chatak,safe_candidate
Sylhet,Sunamganj,Chhatak,Gobindagonj SO,3083,https://bdpost.gov.bd/pages/static-pages/6922df20933eb65569e200c3,সুনামগঞ্জ পোস্ট কোড,Chatak,safe_candidate
Sylhet,Sunamganj,Chhatak,Islamabad EDSO,3088,https://bdpost.gov.bd/pages/static-pages/6922df20933eb65569e200c3,সুনামগঞ্জ পোস্ট কোড,Chatak,safe_candidate
Sylhet,Sunamganj,Chhatak,Jahidpur EDSO,3087,https://bdpost.gov.bd/pages/static-pages/6922df20933eb65569e200c3,সুনামগঞ্জ পোস্ট কোড,Chatak,safe_candidate
Sylhet,Sunamganj,Chhatak,Khurma EDSO,3085,https://bdpost.gov.bd/pages/static-pages/6922df20933eb65569e200c3,সুনামগঞ্জ পোস্ট কোড,Chatak,safe_candidate
Sylhet,Sunamganj,Chhatak,Mayeenpur EDSO,3086,https://bdpost.gov.bd/pages/static-pages/6922df20933eb65569e200c3,সুনামগঞ্জ পোস্ট কোড,Chatak,safe_candidate
Sylhet,Sunamganj,Derai,Dirai Chandpur (Dirai) UPO,3040,https://bdpost.gov.bd/pages/static-pages/6922df20933eb65569e200c3,সুনামগঞ্জ পোস্ট কোড,Dirai Chandpur (Dirai),legacy_alias_explicit
Sylhet,Sunamganj,Derai,Jagadal EDSO,3041,https://bdpost.gov.bd/pages/static-pages/6922df20933eb65569e200c3,সুনামগঞ্জ পোস্ট কোড,Dirai Chandpur (Dirai),legacy_alias_explicit
Sylhet,Sunamganj,Dharmapasha,Badshgonj,,https://bdpost.gov.bd/pages/static-pages/6922e0f6933eb65569e2955c,নেত্রকোনা পোস্ট কোড,Dharampasa,cross_district_reassign
Sylhet,Sunamganj,Dharmapasha,Deola,,https://bdpost.gov.bd/pages/static-pages/6922e0f6933eb65569e2955c,নেত্রকোনা পোস্ট কোড,Dharampasa,cross_district_reassign
Sylhet,Sunamganj,Dharmapasha,Dharampasa UPO,2450,https://bdpost.gov.bd/pages/static-pages/6922e0f6933eb65569e2955c,নেত্রকোনা পোস্ট কোড,Dharampasa,cross_district_reassign
Sylhet,Sunamganj,Dharmapasha,Golokpur,,https://bdpost.gov.bd/pages/static-pages/6922e0f6933eb65569e2955c,নেত্রকোনা পোস্ট কোড,Dharampasa,cross_district_reassign
Sylhet,Sunamganj,Dharmapasha,Joysree,,https://bdpost.gov.bd/pages/static-pages/6922e0f6933eb65569e2955c,নেত্রকোনা পোস্ট কোড,Dharampasa,cross_district_reassign
Sylhet,Sunamganj,Dharmapasha,Kolunka,,https://bdpost.gov.bd/pages/static-pages/6922e0f6933eb65569e2955c,নেত্রকোনা পোস্ট কোড,Dharampasa,cross_district_reassign
Sylhet,Sunamganj,Dharmapasha,Paikurati,,https://bdpost.gov.bd/pages/static-pages/6922e0f6933eb65569e2955c,নেত্রকোনা পোস্ট কোড,Dharampasa,cross_district_reassign
Sylhet,Sunamganj,Dharmapasha,Rajapur,,https://bdpost.gov.bd/pages/static-pages/6922e0f6933eb65569e2955c,নেত্রকোনা পোস্ট কোড,Dharampasa,cross_district_reassign
Sylhet,Sunamganj,Dharmapasha,Selimgonj,,https://bdpost.gov.bd/pages/static-pages/6922e0f6933eb65569e2955c,নেত্রকোনা পোস্ট কোড,Dharampasa,cross_district_reassign
Sylhet,Sunamganj,Dharmapasha,Sukhair,,https://bdpost.gov.bd/pages/static-pages/6922e0f6933eb65569e2955c,নেত্রকোনা পোস্ট কোড,Dharampasa,cross_district_reassign
Sylhet,Sunamganj,Dharmapasha,Uttorbir,,https://bdpost.gov.bd/pages/static-pages/6922e0f6933eb65569e2955c,নেত্রকোনা পোস্ট কোড,Dharampasa,cross_district_reassign
Sylhet,Sunamganj,Dowarabazar,Duara Bazar UPO,3070,https://bdpost.gov.bd/pages/static-pages/6922df20933eb65569e200c3,সুনামগঞ্জ পোস্ট কোড,Duara Bazar,explicit_manual_alias
Sylhet,Sunamganj,Jagannathpur,Atuajan Barkapan SO,3062,https://bdpost.gov.bd/pages/static-pages/6922df20933eb65569e200c3,সুনামগঞ্জ পোস্ট কোড,Jaganhpur,explicit_manual_alias
Sylhet,Sunamganj,Jagannathpur,Hasan Fatemapur SO,3063,https://bdpost.gov.bd/pages/static-pages/6922df20933eb65569e200c3,সুনামগঞ্জ পোস্ট কোড,Jaganhpur,explicit_manual_alias
Sylhet,Sunamganj,Jagannathpur,Jaganhpur UPO,3060,https://bdpost.gov.bd/pages/static-pages/6922df20933eb65569e200c3,সুনামগঞ্জ পোস্ট কোড,Jaganhpur,explicit_manual_alias
Sylhet,Sunamganj,Jagannathpur,Rasugonj SO,3064,https://bdpost.gov.bd/pages/static-pages/6922df20933eb65569e200c3,সুনামগঞ্জ পোস্ট কোড,Jaganhpur,explicit_manual_alias
Sylhet,Sunamganj,Jagannathpur,Sreeramsi SO,3065,https://bdpost.gov.bd/pages/static-pages/6922df20933eb65569e200c3,সুনামগঞ্জ পোস্ট কোড,Jaganhpur,explicit_manual_alias
Sylhet,Sunamganj,Jagannathpur,Syedpur SO,3061,https://bdpost.gov.bd/pages/static-pages/6922df20933eb65569e200c3,সুনামগঞ্জ পোস্ট কোড,Jaganhpur,explicit_manual_alias
Sylhet,Sunamganj,Jamalganj,Sanchana (Jamalgonj) UPO,3020,https://bdpost.gov.bd/pages/static-pages/6922df20933eb65569e200c3,সুনামগঞ্জ পোস্ট কোড,Sanchana (Jamalgonj),second_pass_audited
Sylhet,Sunamganj,Madhyanagar,Abid Nagar,,https://bdpost.gov.bd/pages/static-pages/6922e0f6933eb65569e2955c,নেত্রকোনা পোস্ট কোড,Madhya Nagar,cross_district_reassign
Sylhet,Sunamganj,Madhyanagar,Bongshikunda,,https://bdpost.gov.bd/pages/static-pages/6922e0f6933eb65569e2955c,নেত্রকোনা পোস্ট কোড,Madhya Nagar,cross_district_reassign
Sylhet,Sunamganj,Madhyanagar,Chamardani,,https://bdpost.gov.bd/pages/static-pages/6922e0f6933eb65569e2955c,নেত্রকোনা পোস্ট কোড,Madhya Nagar,cross_district_reassign
Sylhet,Sunamganj,Madhyanagar,Farokh Nagar,,https://bdpost.gov.bd/pages/static-pages/6922e0f6933eb65569e2955c,নেত্রকোনা পোস্ট কোড,Madhya Nagar,cross_district_reassign
Sylhet,Sunamganj,Madhyanagar,Kartikpur,,https://bdpost.gov.bd/pages/static-pages/6922e0f6933eb65569e2955c,নেত্রকোনা পোস্ট কোড,Madhya Nagar,cross_district_reassign
Sylhet,Sunamganj,Madhyanagar,Madhya Nagar UPO,2456,https://bdpost.gov.bd/pages/static-pages/6922e0f6933eb65569e2955c,নেত্রকোনা পোস্ট কোড,Madhya Nagar,cross_district_reassign
Sylhet,Sunamganj,Madhyanagar,Southpara,,https://bdpost.gov.bd/pages/static-pages/6922e0f6933eb65569e2955c,নেত্রকোনা পোস্ট কোড,Madhya Nagar,cross_district_reassign
Sylhet,Sunamganj,Shalla,Ghunghiargaon (Sallah) UPO,3050,https://bdpost.gov.bd/pages/static-pages/6922df20933eb65569e200c3,সুনামগঞ্জ পোস্ট কোড,Ghunghiargaon (Sallah),second_pass_audited
Sylhet,Sunamganj,South Sunamganj,,,,,,canonical_fallback_no_verified_postal_row
Sylhet,Sunamganj,Sunamganj Sadar,Pagla SO,3001,https://bdpost.gov.bd/pages/static-pages/6922df20933eb65569e200c3,সুনামগঞ্জ পোস্ট কোড,Sadar,safe_candidate
Sylhet,Sunamganj,Sunamganj Sadar,Patharia SO,3002,https://bdpost.gov.bd/pages/static-pages/6922df20933eb65569e200c3,সুনামগঞ্জ পোস্ট কোড,Sadar,safe_candidate
Sylhet,Sunamganj,Sunamganj Sadar,Sunamgonj HO,3000,https://bdpost.gov.bd/pages/static-pages/6922df20933eb65569e200c3,সুনামগঞ্জ পোস্ট কোড,Sadar,safe_candidate
Sylhet,Sunamganj,Tahirpur,Mahmudpur,,https://bdpost.gov.bd/pages/static-pages/6922df20933eb65569e200c3,সুনামগঞ্জ পোস্ট কোড,Tahirpur,exact
Sylhet,Sunamganj,Tahirpur,Tahirpur UPO,3030,https://bdpost.gov.bd/pages/static-pages/6922df20933eb65569e200c3,সুনামগঞ্জ পোস্ট কোড,Tahirpur,exact
Sylhet,Sylhet,Airport (Sylhet),,,,,,canonical_fallback_no_verified_postal_row
Sylhet,Sylhet,Balaganj,Balagonj UPO,3120,https://bdpost.gov.bd/pages/static-pages/6922dc22933eb65569e0e957,সিলেট পোস্ট কোড,Balagonj,second_pass_audited
Sylhet,Sylhet,Balaganj,Begumpur SO,3125,https://bdpost.gov.bd/pages/static-pages/6922dc22933eb65569e0e957,সিলেট পোস্ট কোড,Balagonj,second_pass_audited
Sylhet,Sylhet,Balaganj,Brahman Sashan SO,3122,https://bdpost.gov.bd/pages/static-pages/6922dc22933eb65569e0e957,সিলেট পোস্ট কোড,Balagonj,second_pass_audited
Sylhet,Sylhet,Balaganj,Gaharpur SO,3128,https://bdpost.gov.bd/pages/static-pages/6922dc22933eb65569e0e957,সিলেট পোস্ট কোড,Balagonj,second_pass_audited
Sylhet,Sylhet,Balaganj,Goala Bazar SO,3124,https://bdpost.gov.bd/pages/static-pages/6922dc22933eb65569e0e957,সিলেট পোস্ট কোড,Balagonj,second_pass_audited
Sylhet,Sylhet,Balaganj,Karua SO,3121,https://bdpost.gov.bd/pages/static-pages/6922dc22933eb65569e0e957,সিলেট পোস্ট কোড,Balagonj,second_pass_audited
Sylhet,Sylhet,Balaganj,Kathalkhair SO,3127,https://bdpost.gov.bd/pages/static-pages/6922dc22933eb65569e0e957,সিলেট পোস্ট কোড,Balagonj,second_pass_audited
Sylhet,Sylhet,Balaganj,Natun Bazar SO,3129,https://bdpost.gov.bd/pages/static-pages/6922dc22933eb65569e0e957,সিলেট পোস্ট কোড,Balagonj,second_pass_audited
Sylhet,Sylhet,Balaganj,Omarpur SO,3126,https://bdpost.gov.bd/pages/static-pages/6922dc22933eb65569e0e957,সিলেট পোস্ট কোড,Balagonj,second_pass_audited
Sylhet,Sylhet,Balaganj,Tajpur SO,3123,https://bdpost.gov.bd/pages/static-pages/6922dc22933eb65569e0e957,সিলেট পোস্ট কোড,Balagonj,second_pass_audited
Sylhet,Sylhet,Beanibazar,Beani Bazar UPO,3170,https://bdpost.gov.bd/pages/static-pages/6922dc22933eb65569e0e957,সিলেট পোস্ট কোড,Beani Bazar,normalized
Sylhet,Sylhet,Beanibazar,Churkhai SO,3175,https://bdpost.gov.bd/pages/static-pages/6922dc22933eb65569e0e957,সিলেট পোস্ট কোড,Beani Bazar,normalized
Sylhet,Sylhet,Beanibazar,Jaldup SO,3171,https://bdpost.gov.bd/pages/static-pages/6922dc22933eb65569e0e957,সিলেট পোস্ট কোড,Beani Bazar,normalized
Sylhet,Sylhet,Beanibazar,Kurar Bazar EDSO,3173,https://bdpost.gov.bd/pages/static-pages/6922dc22933eb65569e0e957,সিলেট পোস্ট কোড,Beani Bazar,normalized
Sylhet,Sylhet,Beanibazar,Mathiura Bazar EDSO,3172,https://bdpost.gov.bd/pages/static-pages/6922dc22933eb65569e0e957,সিলেট পোস্ট কোড,Beani Bazar,normalized
Sylhet,Sylhet,Beanibazar,Selia Bazar EDSO,3174,https://bdpost.gov.bd/pages/static-pages/6922dc22933eb65569e0e957,সিলেট পোস্ট কোড,Beani Bazar,normalized
Sylhet,Sylhet,Bishwanath,Bishwa Nath UPO,3130,https://bdpost.gov.bd/pages/static-pages/6922dc22933eb65569e0e957,সিলেট পোস্ট কোড,Bishwa Nath,normalized
Sylhet,Sylhet,Bishwanath,Dashghar SO,3131,https://bdpost.gov.bd/pages/static-pages/6922dc22933eb65569e0e957,সিলেট পোস্ট কোড,Bishwa Nath,normalized
Sylhet,Sylhet,Bishwanath,Daulatpur SO,3132,https://bdpost.gov.bd/pages/static-pages/6922dc22933eb65569e0e957,সিলেট পোস্ট কোড,Bishwa Nath,normalized
Sylhet,Sylhet,Bishwanath,Deukalash SO,3133,https://bdpost.gov.bd/pages/static-pages/6922dc22933eb65569e0e957,সিলেট পোস্ট কোড,Bishwa Nath,normalized
Sylhet,Sylhet,Bishwanath,Singer Katch SO,3134,https://bdpost.gov.bd/pages/static-pages/6922dc22933eb65569e0e957,সিলেট পোস্ট কোড,Bishwa Nath,normalized
Sylhet,Sylhet,Companiganj,Companigonj Nutun Bazar (Companigonj) UPO,3140,https://bdpost.gov.bd/pages/static-pages/6922dc22933eb65569e0e957,সিলেট পোস্ট কোড,Companigonj Nutun Bazar (Companigonj),second_pass_audited
Sylhet,Sylhet,Dakshinsurma,,,,,,canonical_fallback_no_verified_postal_row
Sylhet,Sylhet,Fenchuganj,Fenchugonj Fertilizer Facory SO,3117,https://bdpost.gov.bd/pages/static-pages/6922dc22933eb65569e0e957,সিলেট পোস্ট কোড,Fenchugonj,safe_candidate
Sylhet,Sylhet,Fenchuganj,Fenchugonj UPO,3116,https://bdpost.gov.bd/pages/static-pages/6922dc22933eb65569e0e957,সিলেট পোস্ট কোড,Fenchugonj,safe_candidate
Sylhet,Sylhet,Fenchuganj,Vatera SO,3118,https://bdpost.gov.bd/pages/static-pages/6922dc22933eb65569e0e957,সিলেট পোস্ট কোড,Fenchugonj,safe_candidate
Sylhet,Sylhet,Golapganj,Banigram SO,3164,https://bdpost.gov.bd/pages/static-pages/6922dc22933eb65569e0e957,সিলেট পোস্ট কোড,Golapgonj,safe_candidate
Sylhet,Sylhet,Golapganj,Chandarpur SO,3165,https://bdpost.gov.bd/pages/static-pages/6922dc22933eb65569e0e957,সিলেট পোস্ট কোড,Golapgonj,safe_candidate
Sylhet,Sylhet,Golapganj,Dakshin Bhadeswar EDSO,3162,https://bdpost.gov.bd/pages/static-pages/6922dc22933eb65569e0e957,সিলেট পোস্ট কোড,Golapgonj,safe_candidate
Sylhet,Sylhet,Golapganj,Dhaka Dakshin SO,3161,https://bdpost.gov.bd/pages/static-pages/6922dc22933eb65569e0e957,সিলেট পোস্ট কোড,Golapgonj,safe_candidate
Sylhet,Sylhet,Golapganj,Golapgonj UPO,3160,https://bdpost.gov.bd/pages/static-pages/6922dc22933eb65569e0e957,সিলেট পোস্ট কোড,Golapgonj,safe_candidate
Sylhet,Sylhet,Golapganj,Ranaping SO,3163,https://bdpost.gov.bd/pages/static-pages/6922dc22933eb65569e0e957,সিলেট পোস্ট কোড,Golapgonj,safe_candidate
Sylhet,Sylhet,Gowainghat,Chicknagui EDSO,3152,https://bdpost.gov.bd/pages/static-pages/6922dc22933eb65569e0e957,সিলেট পোস্ট কোড,Goainghat,safe_candidate
Sylhet,Sylhet,Gowainghat,Goainghat UPO,3150,https://bdpost.gov.bd/pages/static-pages/6922dc22933eb65569e0e957,সিলেট পোস্ট কোড,Goainghat,safe_candidate
Sylhet,Sylhet,Gowainghat,Jaflong SO,3151,https://bdpost.gov.bd/pages/static-pages/6922dc22933eb65569e0e957,সিলেট পোস্ট কোড,Goainghat,safe_candidate
Sylhet,Sylhet,Jaintiapur,Jaintapur UPO,3156,https://bdpost.gov.bd/pages/static-pages/6922dc22933eb65569e0e957,সিলেট পোস্ট কোড,Jaintapur,safe_candidate
Sylhet,Sylhet,Jalalabad,,,,,,canonical_fallback_no_verified_postal_row
Sylhet,Sylhet,Kanaighat,Chatul Bazar,3181,https://bdpost.gov.bd/pages/static-pages/6922dc22933eb65569e0e957,সিলেট পোস্ট কোড,Kanaighat,exact
Sylhet,Sylhet,Kanaighat,Gachbari SO,3183,https://bdpost.gov.bd/pages/static-pages/6922dc22933eb65569e0e957,সিলেট পোস্ট কোড,Kanaighat,exact
Sylhet,Sylhet,Kanaighat,Kanaighat,3180,https://bdpost.gov.bd/pages/static-pages/6922dc22933eb65569e0e957,সিলেট পোস্ট কোড,Kanaighat,exact
Sylhet,Sylhet,Kanaighat,Manikgonj SO,3182,https://bdpost.gov.bd/pages/static-pages/6922dc22933eb65569e0e957,সিলেট পোস্ট কোড,Kanaighat,exact
Sylhet,Sylhet,Moglabazar,,,,,,canonical_fallback_no_verified_postal_row
Sylhet,Sylhet,Osmaninagar,,,,,,canonical_fallback_no_verified_postal_row
Sylhet,Sylhet,Shah Paran,,,,,,canonical_fallback_no_verified_postal_row
Sylhet,Sylhet,South Surma,,,,,,canonical_fallback_no_verified_postal_row
Sylhet,Sylhet,Sylhet Sadar,Berahimpur SO,3106,https://bdpost.gov.bd/pages/static-pages/6922dc22933eb65569e0e957,সিলেট পোস্ট কোড,Sadar,safe_candidate
Sylhet,Sylhet,Sylhet Sadar,Jalalabad Cantt. SO,3104,https://bdpost.gov.bd/pages/static-pages/6922dc22933eb65569e0e957,সিলেট পোস্ট কোড,Sadar,safe_candidate
Sylhet,Sylhet,Sylhet Sadar,Jalalpur EDSO,3107,https://bdpost.gov.bd/pages/static-pages/6922dc22933eb65569e0e957,সিলেট পোস্ট কোড,Sadar,safe_candidate
Sylhet,Sylhet,Sylhet Sadar,Kadamtoli SO,3111,https://bdpost.gov.bd/pages/static-pages/6922dc22933eb65569e0e957,সিলেট পোস্ট কোড,Sadar,safe_candidate
Sylhet,Sylhet,Sylhet Sadar,Kamalbazar SO,3112,https://bdpost.gov.bd/pages/static-pages/6922dc22933eb65569e0e957,সিলেট পোস্ট কোড,Sadar,safe_candidate
Sylhet,Sylhet,Sylhet Sadar,Khadimnagar SO,3103,https://bdpost.gov.bd/pages/static-pages/6922dc22933eb65569e0e957,সিলেট পোস্ট কোড,Sadar,safe_candidate
Sylhet,Sylhet,Sylhet Sadar,Lala Bazar SO,3113,https://bdpost.gov.bd/pages/static-pages/6922dc22933eb65569e0e957,সিলেট পোস্ট কোড,Sadar,safe_candidate
Sylhet,Sylhet,Sylhet Sadar,Mogla Bazar SO,3108,https://bdpost.gov.bd/pages/static-pages/6922dc22933eb65569e0e957,সিলেট পোস্ট কোড,Sadar,safe_candidate
Sylhet,Sylhet,Sylhet Sadar,Renga Hazigonj SO,3109,https://bdpost.gov.bd/pages/static-pages/6922dc22933eb65569e0e957,সিলেট পোস্ট কোড,Sadar,safe_candidate
Sylhet,Sylhet,Sylhet Sadar,Selam SO,3105,https://bdpost.gov.bd/pages/static-pages/6922dc22933eb65569e0e957,সিলেট পোস্ট কোড,Sadar,safe_candidate
Sylhet,Sylhet,Sylhet Sadar,Shahjalal Science Technology University SO,3114,https://bdpost.gov.bd/pages/static-pages/6922dc22933eb65569e0e957,সিলেট পোস্ট কোড,Sadar,safe_candidate
Sylhet,Sylhet,Sylhet Sadar,Sylhet Airport TSO,3102,https://bdpost.gov.bd/pages/static-pages/6922dc22933eb65569e0e957,সিলেট পোস্ট কোড,Sadar,safe_candidate
Sylhet,Sylhet,Sylhet Sadar,Sylhet Cadet Coll. TSO,3101,https://bdpost.gov.bd/pages/static-pages/6922dc22933eb65569e0e957,সিলেট পোস্ট কোড,Sadar,safe_candidate
Sylhet,Sylhet,Sylhet Sadar,Sylhet HO,3100,https://bdpost.gov.bd/pages/static-pages/6922dc22933eb65569e0e957,সিলেট পোস্ট কোড,Sadar,safe_candidate
Sylhet,Sylhet,Zakiganj,Ishamati SO,3191,https://bdpost.gov.bd/pages/static-pages/6922dc22933eb65569e0e957,সিলেট পোস্ট কোড,Jakigonj,explicit_manual_alias
Sylhet,Sylhet,Zakiganj,Jakigonj UPO,3190,https://bdpost.gov.bd/pages/static-pages/6922dc22933eb65569e0e957,সিলেট পোস্ট কোড,Jakigonj,explicit_manual_alias
